Total revenue,Operating income,Net income,EBITDA,EBIT,Total operating expenses,Total interest expense (banks),Taxes,Total assets,Total liabilities,Total equity,Net debt,Cash and short term investments,Total debt,Net loans,Loan loss allowances (reserves),Total deposits,Cash from operating activities,Cash from investing activities,Cash from financing activities,Capital expenditures,Free cash flow,Interest paid,Taxes paid,phase_true
921.41,54.57,-2.22,90.09,49.24,866.85,50.03,1.0,3004.19,2233.69,770.5,764.24,262.46,1026.69,1177.29,61.32,1204.77,34.13,-58.39,8.6,-55.89,-21.77,52.59,15.43,0
1137.99,331.21,254.17,381.05,331.54,806.78,32.66,55.73,2481.85,2344.95,136.91,569.48,300.03,869.51,1460.76,54.02,1510.58,158.78,-110.35,16.64,-85.15,73.62,19.6,30.87,3
947.56,240.11,153.87,264.16,233.48,707.45,37.28,30.59,2909.67,2430.65,479.02,562.06,327.5,889.56,1406.22,53.8,1575.54,134.32,-48.06,-11.61,-75.31,59.0,37.59,22.28,3
894.51,94.32,54.24,146.89,104.39,800.19,45.95,9.48,2480.9,2286.96,193.95,763.66,227.48,991.15,1164.6,42.88,1222.4,37.21,-65.79,6.97,-40.37,-3.16,52.18,14.33,0
946.77,122.97,74.45,153.73,121.61,823.8,27.74,14.72,2644.13,2215.96,428.16,481.29,195.97,677.26,1442.62,36.76,1458.94,76.94,-60.62,-14.91,-51.56,25.37,46.99,14.37,1
682.67,97.17,47.53,132.45,87.16,585.49,34.51,9.31,2717.75,2126.69,591.06,797.25,220.71,1017.96,1184.18,47.64,977.74,75.63,-76.28,12.17,-67.37,8.26,44.16,2.57,0
1102.27,214.68,139.77,224.53,204.11,887.59,39.51,24.22,2519.7,1906.04,613.66,905.81,278.52,1184.33,1293.63,32.7,1399.78,123.96,-61.74,34.19,-73.82,50.13,47.81,10.68,1
930.36,50.54,12.71,110.87,56.42,879.82,42.35,2.72,2014.67,2143.95,-129.28,772.95,169.6,942.55,1357.8,68.79,1309.82,87.01,-73.61,44.44,-30.64,56.37,55.44,13.67,0
1087.06,178.93,120.35,227.7,183.4,908.13,47.55,30.48,3212.28,2103.91,1108.37,762.62,309.33,1071.94,1091.78,52.92,1540.99,150.95,-129.52,5.15,-86.8,64.15,37.06,29.64,3
868.78,155.97,70.56,179.05,149.07,712.81,66.12,15.65,2714.32,1862.56,851.76,855.04,193.16,1048.2,1057.08,67.08,1350.59,42.8,-86.44,22.77,-44.35,-1.55,53.95,14.88,0
935.9,163.86,80.24,182.88,151.68,772.04,52.54,13.44,2377.83,2222.94,154.9,600.49,236.91,837.4,1285.8,66.11,1144.53,93.63,-81.77,3.29,-67.8,25.84,48.4,18.48,1
1316.91,187.86,101.61,226.03,183.44,1129.05,49.3,23.08,2539.38,2497.66,41.72,634.34,269.79,904.13,1294.0,37.83,1402.2,106.95,-84.74,-18.81,-62.26,44.69,39.49,28.82,3
1247.88,401.26,275.09,426.01,397.13,846.62,34.32,87.25,3276.61,2181.47,1095.14,588.79,343.55,932.35,1494.88,34.57,1294.18,145.83,-158.12,-13.88,-117.73,28.1,48.9,52.16,2
1308.91,324.61,213.74,364.72,323.87,984.3,46.86,61.38,3087.18,2458.35,628.83,618.64,267.43,886.08,1233.17,37.98,1538.49,206.09,-65.8,-1.84,-95.95,110.13,35.62,37.03,2
941.29,207.39,139.33,248.2,203.87,733.9,41.89,30.07,2899.34,1897.85,1001.49,712.03,241.34,953.37,1420.08,42.15,1271.99,114.39,-84.36,-2.28,-47.75,66.64,47.91,18.39,1
1234.8,348.84,232.94,367.53,336.2,885.96,37.28,65.05,2983.18,2054.33,928.85,555.13,279.99,835.13,1328.35,28.84,1568.39,152.33,-96.2,-8.87,-95.35,56.98,37.99,44.63,2
709.28,62.04,-4.43,86.82,53.32,647.24,59.31,1.0,1858.64,2376.14,-517.49,489.82,254.49,744.3,1219.46,66.29,1304.12,40.14,-35.9,-10.38,-48.01,-7.87,55.19,3.13,0
957.88,98.13,54.06,132.29,107.59,859.76,41.25,11.6,2502.81,2073.56,429.25,738.41,258.26,996.67,1125.98,70.22,1434.31,83.9,-34.74,-10.33,-57.43,26.48,47.89,10.83,0
1306.21,271.45,205.36,320.98,274.28,1034.76,36.58,39.96,3051.89,2410.86,641.02,633.01,259.77,892.78,1305.45,44.87,1632.26,153.32,-64.46,-11.62,-54.29,99.03,42.44,35.86,3
1190.28,134.47,65.96,181.21,127.18,1055.81,44.45,10.44,2935.6,2383.07,552.54,521.61,297.62,819.22,1589.3,43.64,1219.15,90.71,-62.7,-29.36,-76.25,14.46,52.89,16.13,1
959.74,197.46,116.2,237.95,208.27,762.28,41.28,39.1,2736.52,2145.14,591.39,679.36,241.13,920.49,1150.71,47.38,1449.81,158.95,-68.89,5.44,-79.7,79.25,27.55,30.44,3
1041.16,280.6,189.12,298.69,281.63,760.56,44.65,57.91,2982.33,1974.92,1007.41,705.61,243.33,948.94,1324.77,29.51,1437.72,112.56,-121.34,-3.46,-57.93,54.63,37.69,28.9,3
1425.59,322.11,219.67,381.01,328.0,1103.49,28.69,81.7,2595.05,2309.9,285.15,602.83,283.81,886.63,1276.36,39.91,1459.0,165.85,-77.65,-31.18,-67.67,98.17,41.4,44.31,2
1237.69,350.37,230.68,406.65,346.12,887.32,37.43,75.44,2884.56,2434.68,449.88,551.84,314.4,866.24,1304.88,20.52,1310.86,160.6,-99.06,-30.83,-101.79,58.8,25.47,47.37,2
1258.45,413.28,312.06,476.31,416.07,845.16,44.42,65.09,2833.57,2445.03,388.54,525.75,309.75,835.5,1628.69,36.74,1437.83,152.29,-105.12,-23.78,-97.88,54.4,34.43,39.53,2
817.35,107.61,57.94,149.56,108.17,709.74,45.12,13.84,2644.34,2441.27,203.07,643.29,246.01,889.3,1248.37,60.6,1387.54,103.06,-44.71,10.1,-36.89,66.17,35.89,19.91,1
991.26,231.61,177.85,291.53,247.36,759.65,27.08,43.94,2455.98,2000.77,455.2,746.61,304.97,1051.58,1123.24,44.52,1551.78,185.79,-73.08,5.92,-79.83,105.96,37.41,41.86,3
951.3,230.29,145.66,266.64,234.99,721.02,51.39,32.72,3160.64,2488.52,672.12,607.88,207.4,815.28,1351.43,53.91,1645.01,122.32,-94.59,10.61,-35.18,87.15,41.83,21.79,1
1317.43,383.35,270.56,424.94,388.3,934.08,31.63,85.86,3005.17,2321.33,683.84,607.94,186.14,794.07,1342.47,34.37,1331.66,132.23,-82.93,-3.23,-91.05,41.18,31.76,36.09,2
1243.77,380.19,254.76,420.06,380.89,863.58,26.85,98.01,2961.31,2394.86,566.45,661.41,225.78,887.19,1308.82,21.13,1538.38,178.12,-111.23,10.25,-106.76,71.36,25.05,43.59,2
820.46,122.55,53.75,154.53,118.1,697.91,45.56,16.22,2871.96,2127.88,744.08,995.14,178.86,1174.0,1146.58,62.17,1192.97,87.2,-53.49,22.38,-35.59,51.61,51.31,13.46,0
1138.8,292.71,204.7,337.8,283.1,846.09,28.25,53.63,2348.82,2408.24,-59.43,620.28,331.51,951.8,1307.5,40.06,1149.45,116.91,-57.4,0.6,-87.9,29.01,42.31,40.71,3
1161.01,323.86,250.01,387.2,340.47,837.15,40.72,47.78,2689.6,2489.07,200.53,827.27,228.95,1056.22,1171.09,45.89,1435.26,138.07,-92.32,8.17,-77.41,60.66,40.74,26.48,3
1019.43,160.44,101.06,187.99,155.87,858.99,34.85,22.94,2550.55,2525.8,24.76,649.35,270.0,919.35,1309.0,40.11,1338.58,101.99,-97.49,2.37,-56.69,45.3,43.46,18.7,1
1134.95,333.37,244.73,387.86,339.24,801.59,44.46,55.25,2836.89,2373.47,463.42,799.07,217.3,1016.37,1333.03,47.27,1622.65,107.07,-118.42,-30.29,-72.84,34.24,40.65,30.49,3
1208.27,361.15,273.02,414.98,361.42,847.12,37.8,57.16,3271.62,2407.57,864.05,634.6,312.45,947.05,1473.17,40.08,1429.19,159.86,-81.24,-2.29,-84.44,75.42,47.68,43.0,2
1242.53,267.37,173.38,310.05,267.24,975.16,40.17,48.18,3279.79,2196.34,1083.45,697.64,299.58,997.22,1271.77,40.21,1335.74,151.96,-96.09,27.82,-87.78,64.18,48.31,25.62,3
874.45,183.46,117.23,234.24,184.88,690.99,40.69,27.15,2228.68,2362.03,-133.35,606.58,236.4,842.98,1223.22,45.21,1420.75,100.51,-57.36,33.04,-63.33,37.18,36.42,25.12,1
786.9,93.55,13.93,137.09,87.75,693.35,61.26,2.52,2389.57,1667.01,722.56,706.84,261.69,968.53,1134.5,49.44,1313.08,28.56,-49.83,25.81,-53.77,-25.21,62.15,18.9,0
871.94,124.98,57.34,166.08,120.92,746.96,50.88,10.86,3047.8,2108.36,939.43,894.58,234.31,1128.89,1266.84,70.71,1403.47,60.52,-75.17,-0.53,-46.89,13.63,57.78,11.35,0
955.82,112.93,65.86,153.13,114.08,842.89,38.53,14.69,2747.21,2058.45,688.75,832.27,212.6,1044.87,1124.25,55.8,1342.81,145.78,-75.15,22.56,-51.66,94.12,57.55,25.9,1
784.65,131.0,62.08,170.09,130.24,653.65,60.51,9.87,2624.41,2147.52,476.89,847.46,238.54,1086.0,1294.55,55.42,1509.12,50.39,-54.51,26.85,-34.48,15.91,52.61,15.35,0
859.99,94.9,43.46,137.19,93.46,765.08,44.71,11.34,2574.95,2022.78,552.17,582.41,340.6,923.02,1296.12,53.53,1378.39,94.26,-50.39,-12.49,-68.29,25.97,46.63,16.16,1
910.02,161.48,94.53,206.99,156.56,748.54,42.83,23.59,2789.44,2172.24,617.2,772.39,280.64,1053.03,1322.54,55.11,1127.24,43.03,-17.58,-4.15,-26.79,16.24,50.12,9.54,0
706.46,80.51,34.81,140.18,86.4,625.95,50.78,8.22,2906.6,2415.41,491.19,668.86,218.25,887.11,1253.5,52.67,1429.62,75.47,-37.34,31.24,-52.82,22.64,57.98,13.66,0
1129.06,310.2,212.44,376.29,326.79,818.86,43.62,77.35,3501.61,2279.61,1222.0,692.22,288.48,980.7,1527.6,31.64,1342.79,226.76,-159.03,-47.2,-80.95,145.8,25.29,27.86,2
927.29,123.01,93.4,185.87,143.52,804.28,44.98,16.06,2660.85,2642.24,18.61,951.29,240.07,1191.35,1201.8,72.57,1275.9,67.7,-57.92,-6.03,-59.0,8.7,67.29,6.41,0
1316.26,327.16,205.57,350.16,310.3,989.1,36.13,63.99,2704.44,2032.99,671.45,521.83,325.74,847.57,1248.49,25.91,1571.73,195.01,-90.39,-4.79,-91.91,103.11,27.43,54.19,2
1283.46,398.06,276.2,445.74,393.87,885.4,35.68,80.69,3572.99,2441.23,1131.76,490.0,321.1,811.11,1319.28,20.55,1462.87,174.56,-107.8,10.92,-85.6,88.96,36.6,50.04,2
887.93,46.03,-13.23,71.7,34.57,841.9,45.72,1.0,2917.27,2202.74,714.53,617.9,158.54,776.44,1188.99,57.69,1273.5,77.28,-46.42,25.73,-50.54,26.73,46.98,15.65,0
791.51,88.13,28.9,148.62,96.61,703.37,54.84,6.51,1992.5,2063.12,-70.63,833.32,173.76,1007.08,1368.59,71.77,1210.95,57.78,-83.16,20.43,-45.65,12.14,50.73,18.19,0
885.53,62.53,26.38,118.94,70.26,823.0,45.07,5.98,2688.88,2040.5,648.37,897.68,310.84,1208.51,1486.55,59.68,1304.34,77.13,-50.96,36.14,-31.67,45.45,36.54,16.8,0
1080.87,225.51,149.35,281.47,223.7,855.36,38.32,41.3,2894.79,2259.51,635.28,746.55,260.28,1006.83,1466.01,58.73,1419.37,196.11,-95.27,-6.58,-66.35,129.77,35.65,30.16,3
1200.24,358.32,267.33,411.31,363.81,841.92,30.48,73.48,2750.9,2271.91,479.0,426.62,318.38,745.0,1284.61,42.84,1621.57,185.49,-124.49,-10.61,-110.73,74.76,34.86,47.04,2
762.48,128.78,69.46,193.2,147.57,633.71,55.95,14.68,2638.32,2400.96,237.36,640.27,271.75,912.03,1239.67,62.29,1244.85,17.6,-108.04,54.78,-51.29,-33.68,49.6,7.94,0
1454.35,333.88,230.68,387.29,332.41,1120.48,32.33,70.96,2809.75,2440.44,369.31,250.73,331.92,582.65,1120.74,28.82,1079.97,176.23,-70.94,-29.02,-101.38,74.86,30.71,36.75,2
624.52,80.6,16.62,129.68,83.91,543.92,61.76,2.88,2391.59,1870.95,520.63,864.04,214.16,1078.2,1200.77,54.94,1073.7,76.07,-55.22,29.05,-30.69,45.38,49.95,16.97,0
1207.79,322.14,215.69,370.22,328.81,885.65,32.9,73.52,2703.49,2321.13,382.36,612.25,289.97,902.22,1221.75,23.69,1389.6,159.74,-123.35,-14.77,-135.58,24.16,47.98,47.9,2
832.27,54.43,-3.83,72.3,50.77,777.84,56.92,1.0,2635.08,2334.54,300.54,702.44,230.75,933.18,1239.11,58.78,1341.64,72.08,-71.62,4.27,-21.17,50.9,52.38,15.47,0
1150.88,262.24,182.97,327.46,270.93,888.63,42.78,54.63,2397.11,2094.19,302.92,609.85,238.93,848.78,1373.27,72.47,1487.69,214.25,-113.68,-1.4,-73.24,141.01,46.55,34.27,3
963.54,207.57,104.07,239.98,192.42,755.97,49.29,31.74,2439.21,2312.23,126.99,934.55,242.92,1177.47,979.59,69.49,1470.64,58.64,-57.11,7.03,-42.0,16.64,47.73,23.51,1
762.72,117.83,64.91,147.69,111.83,644.89,46.12,13.04,2809.63,2539.68,269.95,625.04,200.1,825.14,1396.61,79.44,1270.61,86.3,-62.57,50.4,-31.01,55.3,54.34,17.04,0
1014.79,245.48,138.28,283.48,246.01,769.3,51.88,47.38,2285.04,2296.03,-10.98,497.31,319.49,816.8,1478.22,42.62,1259.68,120.29,-98.12,8.93,-62.54,57.76,39.55,33.03,3
1404.93,418.94,311.23,462.22,423.2,985.98,30.89,86.49,2722.79,2077.62,645.17,592.51,290.99,883.5,1369.34,33.14,1426.26,200.35,-131.98,-37.05,-75.79,124.56,36.32,44.85,2
1099.44,263.37,181.02,308.95,255.41,836.06,16.24,62.38,2576.2,2151.31,424.89,623.03,286.89,909.91,1422.6,28.08,1361.82,199.34,-102.89,3.09,-102.96,96.38,37.26,41.91,2
793.76,97.83,44.77,143.07,107.29,695.93,46.37,12.3,2008.46,2363.67,-355.22,507.25,255.57,762.82,1199.17,57.04,1357.29,-7.44,-63.86,17.03,-32.95,-40.4,45.84,13.14,0
948.69,95.59,31.16,145.06,90.7,853.11,49.08,7.57,2387.43,2305.08,82.34,1078.42,144.9,1223.32,1280.97,90.04,1284.51,68.56,-81.28,27.7,-39.4,29.16,50.5,11.48,0
870.73,187.01,127.3,238.37,195.77,683.73,36.8,29.47,3225.3,2065.89,1159.41,742.3,300.15,1042.45,1376.52,52.23,1382.01,73.5,-65.58,5.04,-71.18,2.32,47.1,27.23,1
760.6,112.93,56.78,128.02,110.72,647.68,42.91,12.9,2694.06,2003.22,690.84,549.63,232.08,781.71,1373.39,79.47,1129.71,64.4,-51.78,20.79,-42.35,22.05,52.4,14.25,0
1087.64,110.2,46.7,127.13,102.21,977.44,47.87,9.44,2853.53,2188.17,665.36,641.55,245.92,887.46,1165.94,54.34,1357.74,85.88,-44.64,25.68,-73.28,12.6,51.59,22.14,1
786.69,114.79,68.21,169.27,121.99,671.89,46.45,9.15,2946.64,2205.05,741.6,692.38,236.57,928.95,1071.34,54.74,1327.1,78.01,-50.08,15.46,-47.86,30.15,35.66,12.55,0
1159.12,264.97,172.59,303.38,253.62,894.15,43.72,34.4,2675.01,2671.66,3.35,671.33,251.02,922.35,1305.82,43.43,1410.21,70.49,-75.78,13.98,-71.98,-1.49,53.79,11.74,1
1249.74,281.34,179.24,322.86,282.56,968.39,46.47,50.28,2821.52,2228.01,593.51,611.76,301.74,913.49,1279.85,44.22,1399.48,88.2,-124.79,7.44,-74.42,13.78,45.03,28.7,3
978.55,128.11,53.66,192.66,138.43,850.44,57.7,10.23,2257.85,2282.44,-24.59,957.2,198.94,1156.15,1109.43,84.61,1212.32,72.13,-73.46,11.82,-42.24,29.89,45.74,12.89,0
909.4,93.76,28.77,132.19,97.01,815.64,55.98,5.49,2638.07,2009.89,628.18,959.45,169.75,1129.2,1063.07,83.28,1404.85,38.75,-66.46,26.43,-51.0,-12.25,56.98,7.98,0
954.36,207.28,143.43,250.7,211.7,747.07,36.08,35.76,2531.82,2040.02,491.8,840.01,147.68,987.69,1550.94,45.38,1404.76,115.43,-51.11,6.87,-60.71,54.72,51.93,24.86,1
1083.24,166.87,107.84,219.46,170.23,916.37,41.87,23.65,2522.54,2605.78,-83.24,613.66,273.8,887.46,1338.56,53.66,1371.47,108.57,-22.2,-0.78,-58.84,49.72,33.82,24.09,1
1463.23,442.41,300.54,469.22,436.03,1020.82,37.94,95.94,3055.38,2403.03,652.35,657.51,264.35,921.86,1318.05,19.1,1407.85,230.1,-125.88,-44.22,-71.45,158.66,44.29,33.39,2
850.4,116.96,54.08,157.15,116.32,733.44,54.3,11.54,2110.57,2122.2,-11.63,849.04,208.59,1057.64,1073.62,62.98,1392.76,58.21,-58.65,49.11,-41.44,16.77,62.47,7.83,0
1121.09,213.1,121.75,261.73,209.12,907.99,57.88,32.3,2897.55,2729.51,168.04,592.25,320.94,913.18,1314.58,25.21,1561.41,163.05,-110.42,19.22,-75.92,87.13,46.39,26.15,3
1251.23,310.45,214.12,355.82,311.3,940.78,45.4,49.03,3108.3,2366.57,741.73,809.29,234.21,1043.5,1406.07,45.45,1521.08,122.09,-127.74,-20.7,-86.77,35.32,46.47,36.29,3
939.09,126.03,67.94,157.31,122.49,813.06,45.58,19.77,2448.69,2124.35,324.34,663.24,258.7,921.94,1496.64,51.29,1248.73,113.79,-48.45,33.34,-56.98,56.82,48.58,24.48,1
1515.71,450.58,339.18,478.52,444.52,1065.13,15.11,81.07,2595.71,2414.78,180.93,485.04,250.06,735.1,1197.92,42.39,1417.74,139.25,-137.11,-3.18,-83.44,55.81,31.51,51.1,2
1357.35,407.77,297.05,475.76,418.49,949.58,30.1,96.86,3371.05,2311.02,1060.03,740.95,183.41,924.36,1408.72,33.23,1374.57,166.2,-93.43,-3.79,-63.13,103.07,32.71,36.73,2
1088.19,190.48,119.51,242.5,188.16,897.7,36.1,23.22,2548.92,2413.08,135.85,570.25,351.2,921.45,1495.16,45.96,1338.85,189.04,-80.54,-19.77,-72.87,116.17,51.62,15.19,3
1098.5,284.02,206.17,323.0,290.33,814.48,33.79,46.73,3026.68,2112.6,914.08,745.79,253.53,999.32,1431.89,43.75,1758.73,81.73,-95.31,2.16,-78.48,3.25,35.75,31.17,3
1183.93,373.69,265.6,409.72,376.06,810.24,30.48,77.96,2957.6,2137.87,819.73,686.65,313.72,1000.37,1715.43,31.79,1364.79,166.63,-85.85,7.57,-78.81,87.82,37.79,41.99,2
1035.78,175.31,118.45,217.71,182.55,860.47,38.76,25.26,2606.27,2581.35,24.92,659.44,271.29,930.72,1638.3,51.51,1109.64,75.7,-118.26,-7.17,-57.95,17.75,32.72,19.41,1
1345.53,349.75,251.45,396.03,352.71,995.78,27.51,62.97,3132.5,2416.03,716.48,334.18,316.6,650.78,1548.74,36.43,1601.84,153.41,-90.12,-20.15,-82.99,70.42,35.97,44.57,2
1058.66,262.38,185.64,310.8,256.35,796.28,38.12,45.36,2803.32,2338.03,465.29,578.18,329.1,907.27,1247.6,33.91,1249.74,154.74,-87.69,-13.85,-61.64,93.1,32.7,16.78,3
1013.77,206.03,130.36,272.09,214.97,807.74,49.15,35.84,2959.88,2051.03,908.85,699.51,223.35,922.86,1572.8,45.18,1379.11,111.83,-40.31,15.13,-65.37,46.46,53.25,21.57,1
935.37,130.94,69.76,172.24,127.67,804.43,48.61,12.69,2684.44,2140.55,543.88,903.84,209.31,1113.15,1351.51,66.97,1196.94,88.76,-91.22,13.52,-37.23,51.54,61.04,10.73,0
921.26,168.24,105.68,214.74,170.14,753.02,36.57,25.18,2909.58,2115.38,794.21,590.39,223.17,813.56,1225.24,55.97,1694.31,70.26,-91.22,12.52,-68.72,1.54,49.07,29.09,1
910.75,171.03,114.08,218.52,180.04,739.73,46.29,28.21,2677.48,2369.46,308.02,584.89,272.81,857.7,1401.53,38.58,1382.8,78.66,-39.94,19.01,-57.63,21.03,45.52,16.47,1
1309.89,257.52,169.46,307.57,260.22,1052.37,37.25,59.0,3182.05,2340.19,841.86,667.49,293.71,961.2,1368.4,48.03,1668.78,159.79,-150.81,-1.12,-76.04,83.75,39.7,28.7,3
828.75,117.45,39.84,170.21,113.2,711.29,59.09,5.03,3283.53,2294.26,989.26,769.52,225.47,994.99,838.74,92.92,1242.65,52.47,-70.37,18.26,-51.06,1.41,56.23,12.61,0
814.48,107.63,54.07,160.7,113.56,706.85,49.33,10.7,2564.66,2320.71,243.95,735.55,225.76,961.31,1175.93,70.01,1123.74,87.94,-65.09,12.51,-30.53,57.41,51.09,17.27,0
897.39,143.41,67.17,175.87,139.59,753.98,53.87,17.04,2636.73,1879.69,757.04,740.96,166.85,907.81,1486.99,77.79,1247.09,74.22,-45.24,50.52,-29.3,44.92,51.93,12.78,0
1104.39,205.89,133.42,259.57,202.8,898.49,35.2,39.78,2818.05,2302.46,515.59,696.38,185.32,881.7,1495.3,44.32,1695.51,129.16,-112.09,-8.0,-82.05,47.1,39.63,33.73,3
787.44,114.04,53.48,139.23,107.9,673.4,43.68,9.83,2608.33,1944.62,663.71,746.42,254.44,1000.86,1207.55,55.31,1109.25,92.29,-74.25,83.05,-31.6,60.69,56.32,6.72,0
1122.33,275.19,219.13,340.66,290.64,847.14,25.0,55.98,2850.29,2389.54,460.75,722.71,218.05,940.76,1403.39,46.96,1257.65,150.42,-93.05,8.3,-79.39,71.03,55.33,32.57,3
960.12,118.85,60.62,170.21,116.05,841.27,43.28,10.44,3393.2,2103.19,1290.02,524.93,233.5,758.43,1313.42,45.47,1394.62,86.63,-93.04,38.89,-70.04,16.59,50.5,23.0,1
939.39,266.61,183.7,304.97,266.57,672.79,40.17,45.78,2627.4,2363.36,264.03,567.5,289.26,856.76,1487.24,47.99,1306.64,111.91,-88.8,-4.28,-91.56,20.35,46.58,33.42,3
1285.02,305.44,203.09,357.85,313.68,979.58,33.45,72.22,2767.7,2317.28,450.43,592.62,265.39,858.01,1354.08,36.13,1324.56,110.42,-96.15,-3.05,-85.35,25.06,34.2,34.69,3
998.36,124.94,74.58,176.16,124.03,873.43,35.57,19.17,3214.89,2068.74,1146.15,684.3,269.23,953.53,996.74,59.81,1355.35,151.66,-40.17,7.18,-58.23,93.43,36.96,24.92,1
1378.91,342.57,207.98,383.07,337.16,1036.34,38.9,92.04,2846.72,2627.71,219.01,445.61,349.19,794.8,1415.74,32.97,1507.21,258.03,-166.88,-27.32,-92.89,165.14,47.63,46.39,2
1026.09,89.22,26.97,130.4,90.71,936.87,51.28,6.08,2997.01,2336.13,660.88,667.92,223.32,891.24,1085.65,60.56,1402.59,70.84,-101.18,72.1,-47.6,23.24,58.48,13.43,0
1193.23,202.22,138.33,246.89,196.28,991.01,29.05,28.66,3141.26,2089.68,1051.58,667.25,250.06,917.3,1235.95,23.12,1418.85,164.62,-124.19,-44.24,-57.26,107.37,43.8,29.39,3
935.91,111.25,61.28,169.56,116.54,824.66,45.62,9.9,2492.85,2398.96,93.89,720.7,267.83,988.53,1157.89,70.94,1375.94,18.48,-41.33,27.86,-36.71,-18.23,45.29,11.46,0
855.34,98.25,29.73,137.1,105.65,757.09,64.01,5.84,2572.81,2235.56,337.25,860.61,168.61,1029.22,1196.68,75.89,871.22,61.29,-52.93,14.67,-29.01,32.28,52.27,12.23,0
1120.39,284.24,179.67,338.43,286.17,836.14,41.24,53.25,2738.2,2300.98,437.22,531.51,245.75,777.25,1592.39,40.65,1440.78,146.31,-54.5,5.97,-64.65,81.66,38.2,28.39,3
1390.8,403.85,262.25,459.13,404.98,986.95,38.35,104.92,3212.27,1801.37,1410.91,547.59,358.04,905.64,1345.17,43.09,1510.95,225.16,-97.17,-35.11,-116.81,108.35,38.63,43.95,2
790.98,63.77,9.2,117.93,63.58,727.21,61.85,1.91,2893.83,1926.73,967.1,930.67,212.08,1142.75,1212.42,93.59,1383.05,31.61,-53.41,47.96,-39.21,-7.59,42.4,10.6,0
1290.0,351.77,233.54,426.35,369.84,938.23,39.57,100.78,3507.16,2183.57,1323.59,580.69,240.73,821.42,1409.73,29.58,1593.56,142.74,-79.75,-28.83,-114.98,27.77,29.32,41.63,2
1139.22,162.19,103.77,218.9,161.08,977.03,38.17,11.96,2286.77,2358.04,-71.27,685.65,228.41,914.07,1206.21,30.15,1279.02,121.87,-63.7,20.24,-56.9,64.97,49.69,11.63,1
1053.37,263.24,172.44,299.6,260.68,790.14,38.22,43.91,3443.78,1984.24,1459.54,669.31,204.01,873.33,1335.7,64.25,1038.05,150.3,-111.04,17.76,-85.38,64.92,39.02,35.69,3
1172.78,269.97,183.54,311.62,268.28,902.81,34.34,43.9,2424.31,2345.26,79.05,669.27,220.79,890.06,1362.35,32.83,1419.78,146.63,-127.24,-19.08,-67.12,79.51,42.51,35.42,3
1184.03,292.99,196.12,337.67,282.76,891.04,37.46,54.99,3226.46,2224.54,1001.92,651.29,308.57,959.86,1414.94,51.75,1495.93,147.41,-159.74,4.37,-59.22,88.19,36.53,32.59,3
1090.11,246.18,153.63,278.59,245.86,843.93,44.66,50.68,2626.04,2389.38,236.65,700.16,201.83,901.99,1181.25,48.81,1312.21,170.71,-63.96,22.5,-66.14,104.57,40.74,30.09,3
834.72,160.82,90.87,211.08,159.33,673.91,46.09,14.4,2929.55,2062.71,866.84,791.85,264.2,1056.05,1283.33,59.51,1387.02,84.34,-71.72,-29.78,-83.45,0.88,40.1,12.84,1
1183.9,275.11,196.22,316.87,280.57,908.79,34.52,54.08,2694.38,2233.2,461.18,428.43,315.27,743.7,1475.4,22.49,1549.09,214.36,-118.26,-45.35,-41.56,172.81,30.68,38.65,2
1195.47,370.74,247.81,411.27,367.35,824.74,49.3,71.01,2988.7,2116.06,872.64,481.51,284.85,766.36,1272.59,22.22,1473.0,139.22,-130.93,-17.24,-121.92,17.3,33.34,47.83,2
1242.31,227.34,148.72,273.98,220.74,1014.97,40.27,41.21,3063.21,2332.64,730.57,503.01,276.34,779.35,1460.85,50.72,1617.71,95.16,-168.06,-17.33,-80.0,15.16,54.38,26.14,3
1078.04,185.8,115.1,227.24,186.14,892.24,40.5,22.78,2484.84,2494.26,-9.42,652.35,293.08,945.44,1352.93,37.57,1333.39,156.15,-90.84,-15.52,-65.47,90.69,46.16,20.53,1
983.88,172.78,111.96,221.72,173.59,811.1,36.71,26.45,2666.21,2358.38,307.82,668.0,317.08,985.08,1358.74,57.45,1313.12,26.5,-75.42,14.7,-61.73,-35.23,55.96,25.25,1
1065.93,146.82,84.88,216.81,160.68,919.11,46.31,24.5,2642.5,2515.33,127.17,721.36,239.18,960.54,1453.65,63.41,1223.07,107.94,-62.61,16.46,-61.75,46.19,60.66,27.69,1
1140.89,287.15,217.95,339.18,307.38,853.74,42.66,45.25,2723.08,2635.38,87.7,724.14,268.89,993.03,1348.18,40.75,1519.46,97.23,-130.44,-9.27,-48.04,49.19,52.41,24.06,3
912.08,135.53,63.79,177.83,138.05,776.55,55.72,21.47,2928.47,2103.1,825.37,686.25,244.34,930.59,1236.31,39.41,1179.41,102.11,-74.95,3.16,-58.17,43.94,38.97,11.89,1
881.09,155.65,75.19,185.31,153.98,725.44,52.38,15.34,2802.56,2147.65,654.92,788.28,224.22,1012.51,1255.81,59.66,1352.93,115.75,-81.97,0.51,-42.67,73.08,48.19,15.2,1
1360.88,352.56,265.77,386.58,352.85,1008.33,24.31,58.94,3004.26,2388.73,615.53,571.12,261.5,832.62,1591.78,48.72,1444.94,211.36,-62.03,-50.35,-90.3,121.06,32.7,40.55,2
730.98,86.76,46.84,128.78,88.7,644.22,43.87,9.8,2356.36,2084.46,271.91,595.67,230.76,826.43,1371.8,84.29,972.53,30.37,-112.75,22.37,-31.67,-1.3,43.83,11.14,0
1190.08,360.97,255.67,388.94,357.49,829.12,38.1,66.23,2947.45,2102.65,844.79,530.83,283.73,814.55,1550.47,29.84,1765.59,193.1,-134.15,-17.87,-88.46,104.63,45.62,35.23,2
995.92,276.51,190.98,331.06,279.06,719.41,30.14,57.71,2518.25,2440.18,78.07,695.96,294.0,989.96,1493.2,55.98,1474.07,103.85,-97.65,-21.15,-60.63,43.22,31.81,31.5,3
993.47,195.94,116.84,220.61,181.89,797.52,42.83,26.5,2780.96,2334.76,446.2,576.25,259.29,835.54,1396.16,37.04,1262.56,131.42,-78.09,10.81,-70.02,61.4,32.86,20.16,3
1065.67,155.45,81.87,202.22,159.04,910.22,51.64,19.81,2854.6,2446.7,407.9,660.7,255.87,916.57,1262.86,50.77,1491.03,61.95,-113.16,11.49,-62.77,-0.82,37.86,28.86,1
1351.69,454.97,334.77,521.66,464.49,896.72,31.36,106.61,3184.03,1960.65,1223.37,479.97,307.61,787.59,1449.94,26.73,1581.42,160.47,-116.22,-14.24,-97.25,63.22,45.17,37.78,2
1057.68,236.52,144.82,261.1,229.09,821.17,33.54,40.95,2791.23,2509.56,281.67,760.38,229.56,989.94,1380.0,33.32,1267.16,189.73,-118.86,26.74,-76.74,112.99,38.59,43.84,3
1041.0,266.88,172.2,300.85,271.52,774.12,45.07,50.49,2936.65,2239.85,696.8,655.99,304.15,960.14,1423.58,34.65,1472.08,135.24,-133.89,-30.78,-86.91,48.33,42.83,32.1,2
1129.67,320.76,211.2,359.05,317.51,808.91,34.9,67.34,2704.6,2313.26,391.34,614.83,235.41,850.25,1527.5,34.19,1613.94,191.94,-171.66,-5.94,-86.5,105.44,35.49,37.3,2
791.94,85.62,15.44,114.76,77.1,706.32,50.61,2.21,2243.33,2327.0,-83.67,689.43,189.32,878.75,1145.2,74.28,1378.27,21.42,-46.33,-5.65,-50.78,-29.36,57.06,8.65,0
1123.2,319.36,222.68,350.82,316.92,803.85,27.82,67.83,3175.02,2395.19,779.83,689.41,265.52,954.94,1409.85,28.72,1328.93,90.58,-77.41,-9.24,-74.68,15.9,40.18,28.96,3
805.92,101.51,50.67,144.83,100.6,704.41,42.86,8.44,2881.94,2241.72,640.22,573.68,248.65,822.33,1019.28,62.19,1298.03,43.33,-93.71,35.77,-43.62,-0.29,52.18,15.08,0
1255.73,312.6,214.06,356.46,312.58,943.13,29.75,66.17,3284.49,2251.12,1033.37,476.71,302.78,779.49,1344.29,40.42,1390.34,170.06,-122.39,-11.3,-96.85,73.21,35.29,36.28,2
621.33,79.82,35.59,147.0,92.97,541.51,45.15,8.28,2953.84,2415.19,538.65,661.94,104.56,766.5,1150.19,55.27,1156.45,57.37,-68.75,15.6,-56.81,0.56,53.27,16.42,0
1251.13,322.12,227.8,369.11,324.74,929.01,35.22,61.45,2829.3,2501.94,327.36,414.35,307.03,721.38,1463.47,38.25,1281.93,179.18,-86.41,-13.82,-75.32,103.85,30.17,43.83,2
1023.3,149.89,90.91,181.85,147.62,873.41,45.47,18.55,2668.36,2161.27,507.09,367.69,284.71,652.41,1517.26,48.76,1611.08,74.03,-106.71,7.96,-44.77,29.26,39.18,14.8,1
990.62,245.48,168.33,283.45,247.66,745.14,38.01,42.07,2631.16,2228.99,402.17,564.01,266.41,830.42,1391.14,47.35,1435.44,35.18,-69.52,-16.6,-45.15,-9.97,55.75,28.5,1
1167.13,148.65,70.04,184.13,143.09,1018.48,48.49,19.4,2968.38,2235.27,733.1,543.87,267.69,811.56,1147.08,28.27,1268.62,102.03,-82.89,16.4,-67.08,34.95,43.75,9.15,1
1080.82,227.4,146.35,267.13,220.82,853.42,40.35,29.41,2942.44,2351.06,591.38,511.48,322.95,834.43,1688.15,54.16,1260.64,61.02,-67.79,-32.6,-62.65,-1.62,42.05,14.75,1
1132.86,272.26,166.22,303.36,258.86,860.59,51.53,49.23,2307.2,2367.61,-60.41,777.29,284.58,1061.87,1299.75,54.24,1266.03,101.12,-59.88,14.69,-91.39,9.73,46.18,41.02,3
1191.06,209.9,152.27,276.68,218.17,981.16,41.3,27.01,2412.87,2420.45,-7.58,469.91,277.75,747.66,1236.34,51.96,1457.26,142.96,-131.18,27.96,-63.53,79.44,49.32,34.65,3
778.46,140.0,95.8,195.37,153.7,638.47,39.85,23.46,2921.26,2521.38,399.88,488.49,319.7,808.19,1099.54,51.01,1271.91,98.49,-42.36,-1.04,-63.8,34.69,40.57,24.94,1
1001.82,178.67,119.82,197.52,173.66,823.15,28.35,29.61,2942.32,1941.81,1000.51,751.32,180.87,932.18,1383.98,42.82,1564.35,122.22,-78.03,2.91,-48.87,73.35,56.63,21.62,1
1221.35,390.12,270.47,458.0,400.67,831.22,46.0,77.51,3397.95,2303.11,1094.84,623.46,275.05,898.5,1497.38,23.31,1355.02,136.89,-117.18,-20.77,-90.6,46.29,29.28,40.0,2
1055.03,209.62,144.47,256.94,205.97,845.41,27.61,30.39,2651.7,2299.52,352.17,667.46,263.86,931.32,1333.01,59.98,1357.71,118.26,-50.82,35.94,-52.19,66.07,45.04,24.65,1
884.9,165.35,114.57,226.76,174.98,719.54,42.8,15.65,2618.45,2536.32,82.13,667.94,201.49,869.43,1506.55,50.72,1411.7,100.57,-68.51,26.14,-69.3,31.27,52.46,22.92,1
1329.4,352.2,253.04,405.67,348.79,977.2,26.87,65.28,3531.9,2304.89,1227.01,642.75,278.29,921.04,1505.06,45.57,1545.71,156.79,-156.8,0.04,-79.67,77.12,32.95,33.25,2
759.36,51.16,0.82,89.53,53.7,708.2,51.29,1.0,2412.83,2068.83,343.99,837.7,274.49,1112.19,1030.16,67.55,1349.59,43.29,-52.82,37.22,-32.46,10.83,39.6,14.49,0
1135.8,218.05,134.11,275.68,213.73,917.74,43.22,38.83,2783.5,2288.18,495.33,569.94,350.64,920.58,1220.84,60.62,1401.38,33.74,-31.16,0.75,-48.89,-15.16,39.75,16.07,1
902.82,125.73,76.65,192.17,134.89,777.09,45.75,12.94,3030.74,2253.1,777.63,757.17,230.64,987.81,1207.76,85.31,1482.68,85.05,-67.88,40.4,-39.88,45.17,65.56,5.02,0
943.29,181.47,113.34,208.32,168.5,761.83,36.14,24.04,2743.69,2338.3,405.38,738.85,150.22,889.06,1204.95,56.83,1408.99,53.66,-80.34,19.78,-57.41,-3.75,52.47,25.45,1
806.86,104.86,37.2,132.95,101.88,702.01,50.52,9.49,2456.12,2301.51,154.61,519.05,217.25,736.3,1343.83,72.05,1431.61,54.93,-114.57,44.38,-64.14,-9.21,52.29,16.65,0
890.99,179.4,122.49,236.21,186.72,711.59,33.33,27.55,2998.06,2504.07,493.99,582.58,313.77,896.34,1232.66,67.93,1413.96,84.27,-68.31,-3.82,-72.01,12.26,46.72,22.61,1
916.66,106.35,43.26,148.13,106.42,810.32,50.04,11.77,2296.82,1828.46,468.36,817.5,175.79,993.29,1314.6,67.8,1077.89,12.47,-89.85,21.32,-52.55,-40.09,53.0,9.05,0
1432.64,413.52,281.84,444.35,409.09,1019.12,37.55,88.48,3481.81,2534.65,947.17,575.05,244.72,819.77,1413.68,36.46,1407.98,181.66,-123.63,10.52,-107.81,73.85,42.63,44.01,2
1006.07,181.04,110.78,237.59,186.11,825.03,47.34,26.83,3083.57,2138.42,945.15,778.89,249.14,1028.02,1527.42,39.77,1438.42,110.82,-88.56,-22.94,-60.19,50.63,46.28,32.69,3
1084.63,233.74,169.33,302.77,254.65,850.88,45.2,38.19,2684.52,2068.49,616.03,625.44,302.39,927.83,1465.75,44.22,1754.05,183.88,-54.08,7.02,-60.93,122.95,35.18,32.14,3
1114.0,130.38,90.31,175.94,129.14,983.61,32.18,17.81,2360.45,2162.9,197.55,711.11,224.42,935.53,1557.9,31.8,1157.5,104.15,-80.33,-7.97,-52.6,51.55,57.4,28.76,1
1312.88,398.51,300.93,447.87,399.36,914.38,23.78,77.19,2825.94,2431.9,394.05,474.0,263.6,737.61,1258.74,32.78,1301.82,179.04,-121.8,-17.93,-95.13,83.91,39.12,37.52,2
1324.88,338.65,238.38,374.01,342.26,986.23,17.89,81.67,3113.48,2417.99,695.49,753.51,288.17,1041.69,1409.1,40.35,1601.26,197.91,-127.94,-19.52,-72.86,125.05,30.99,29.42,2
1089.93,272.16,167.02,315.97,272.05,817.78,46.03,55.71,2845.51,2084.05,761.46,535.08,272.57,807.65,1527.2,46.88,1190.08,112.39,-102.1,-29.6,-72.68,39.71,38.12,26.7,3
1261.48,279.84,192.76,321.15,276.85,981.64,36.26,49.98,3128.71,2504.65,624.06,513.46,250.88,764.34,1251.21,23.16,1276.32,219.26,-136.92,-21.21,-88.85,130.41,36.08,51.78,2
1109.61,239.25,158.51,282.52,236.69,870.36,38.6,37.91,2874.42,2420.68,453.74,825.35,239.43,1064.78,1408.41,51.38,1306.92,87.84,-111.01,28.6,-47.36,40.47,45.9,29.82,1
1337.88,461.83,307.37,487.43,451.67,876.05,37.1,119.98,2566.87,2250.85,316.02,626.57,240.0,866.57,1583.57,37.47,1608.57,120.78,-138.03,-1.63,-82.14,38.64,33.57,32.33,2
1023.48,239.92,166.56,296.38,247.89,783.56,31.06,42.08,2685.52,2548.88,136.64,551.52,257.55,809.08,1366.02,58.09,1470.22,113.87,-113.43,15.32,-75.95,37.92,45.69,34.38,3
1246.85,297.57,211.84,338.77,299.36,949.27,40.66,51.1,3131.07,2126.5,1004.57,612.43,259.45,871.88,1535.1,50.26,1510.86,118.68,-129.19,16.58,-74.24,44.44,47.47,34.87,3
1065.32,277.44,193.21,326.95,280.85,787.88,43.42,46.46,3035.62,2123.56,912.06,333.29,292.47,625.76,1617.54,43.63,1355.45,105.65,-93.07,-33.9,-101.53,4.12,47.74,27.9,3
1217.73,406.62,277.69,445.67,406.14,811.11,37.97,95.49,2949.52,2330.52,619.0,520.78,236.52,757.3,1400.36,37.76,1329.64,197.2,-147.07,-25.95,-106.19,91.01,34.07,29.37,2
834.79,109.64,54.98,131.92,99.4,725.16,48.59,9.4,2651.76,2085.05,566.72,712.26,231.4,943.66,1122.78,55.43,1252.49,56.71,-69.28,46.31,-43.22,13.49,47.82,11.01,0
1091.22,220.68,129.87,239.52,226.44,870.54,61.09,34.57,3184.86,2431.48,753.38,512.57,261.31,773.89,1026.86,62.21,1471.03,85.28,-97.21,14.35,-63.18,22.1,44.72,21.57,1
961.57,158.77,73.03,188.18,143.36,802.8,48.64,13.71,2624.29,2253.2,371.09,573.48,279.73,853.21,1491.48,34.84,1505.84,110.81,-48.18,7.99,-39.29,71.52,48.68,22.1,1
759.6,105.15,68.59,147.41,106.04,654.45,26.17,13.72,2781.66,2223.56,558.1,903.02,172.53,1075.55,1316.75,70.9,1287.96,74.45,-72.7,50.64,-51.16,23.29,40.69,14.18,0
1193.31,287.16,189.22,354.25,299.66,906.15,39.59,69.43,3707.3,2281.25,1426.04,543.36,261.83,805.19,1671.41,20.75,1417.62,167.28,-97.16,-36.73,-70.21,97.07,38.03,44.64,2
1314.45,402.1,263.38,434.08,385.95,912.35,35.57,77.75,2713.51,2356.88,356.63,283.03,391.35,674.38,1628.19,27.41,1698.48,162.5,-148.6,-19.61,-110.33,52.17,34.37,42.18,2
1271.0,464.94,307.04,487.15,450.0,806.06,42.91,98.66,2688.18,2163.33,524.84,546.6,301.25,847.85,1274.3,35.92,1511.01,167.24,-121.8,-12.68,-113.36,53.88,33.75,33.51,2
993.33,147.42,101.15,184.92,153.55,845.91,37.34,22.35,2378.01,2551.54,-173.53,748.94,258.15,1007.08,1292.69,58.51,1115.7,87.52,-11.21,-1.28,-65.34,22.19,46.92,29.32,1
1118.13,356.16,259.12,404.93,366.41,761.98,37.2,71.78,3276.07,2704.5,571.56,765.32,275.92,1041.24,1264.37,31.05,1248.59,129.96,-168.75,-35.85,-96.21,33.75,34.74,38.15,2
1326.18,315.19,218.14,350.29,311.39,1010.99,46.38,49.29,2976.42,2598.73,377.7,767.08,248.89,1015.97,1376.68,43.5,1446.97,144.43,-101.18,-2.87,-63.13,81.3,45.43,23.83,3
1236.99,357.3,237.81,381.88,349.4,879.69,33.9,76.83,2491.19,2415.63,75.56,512.4,296.06,808.46,1134.12,36.67,1433.92,185.1,-128.24,27.64,-87.58,97.52,39.0,47.46,2
1118.59,240.09,151.18,257.18,234.54,878.51,37.0,45.85,3001.19,2014.66,986.53,476.03,295.71,771.75,1282.59,46.7,1485.47,181.62,-156.65,-23.31,-67.02,114.6,44.66,43.68,2
1179.24,254.45,174.59,285.1,252.84,924.79,38.11,39.89,2616.41,2274.53,341.88,822.3,231.92,1054.22,1173.08,43.4,1255.65,152.75,-118.95,-25.04,-76.32,76.43,40.1,26.52,3
755.36,64.95,20.32,118.07,68.42,690.41,46.75,2.78,2829.12,2014.88,814.23,772.62,245.22,1017.84,1387.43,57.05,1111.07,44.64,-82.91,16.56,-49.36,-4.72,47.62,13.94,0
958.75,78.5,26.96,136.53,89.17,880.24,54.47,6.01,2786.15,2243.28,542.86,764.57,217.57,982.14,1224.02,86.48,1137.88,29.32,-77.9,34.78,-51.96,-22.64,54.82,12.08,0
1126.15,383.77,268.9,413.74,373.42,742.38,35.71,61.18,2765.1,2094.32,670.78,702.99,256.89,959.89,1216.8,53.76,1418.27,171.67,-97.84,-24.39,-52.35,119.32,51.74,28.24,3
997.26,191.7,109.78,233.07,198.94,805.56,54.57,26.25,2715.69,2504.68,211.01,598.84,263.81,862.65,1303.44,43.34,1120.36,57.45,-112.83,29.13,-54.93,2.51,39.27,19.67,1
837.46,98.64,42.99,165.74,99.09,738.82,36.93,9.71,2818.68,2372.78,445.9,745.58,285.77,1031.35,1192.17,64.65,1406.1,59.97,-28.44,35.12,-45.72,14.25,50.77,17.87,0
1257.64,327.31,255.12,391.47,340.36,930.34,30.88,65.85,2638.98,2297.52,341.45,521.59,338.34,859.93,1475.12,24.97,1637.59,213.23,-144.94,-39.22,-94.24,118.99,37.61,41.86,2
1496.28,339.61,239.99,415.13,356.35,1156.67,34.66,79.42,3195.85,2010.26,1185.59,486.59,271.31,757.9,1448.79,21.18,1450.38,201.06,-90.67,2.83,-88.55,112.51,47.69,39.33,2
1278.22,338.45,220.38,341.54,324.21,939.77,44.39,57.79,2573.14,2131.22,441.92,534.76,334.46,869.22,1336.18,38.86,1581.28,96.49,-89.75,-5.89,-82.93,13.56,46.41,37.1,3
1031.29,241.55,165.12,284.66,245.1,789.73,41.0,40.94,3150.56,2361.09,789.48,994.55,201.35,1195.9,1499.53,61.93,1372.39,117.1,-48.54,30.47,-71.01,46.09,46.89,16.03,1
