snapshot_ts,ticker,car_63d,car_sign_consistency,car_acceleration,expected_bps,sora_level_t2,car_window_recent,car_window_mid,car_window_old,sora_90d_change_t2,sora_3m_t2,sora_term_spread_t2,reit_index_lag_21d_return,reit_index_lag_63d_return,reit_index_vol_21d,reit_index_vol_63d,reit_index_drawdown_63d,y_true
2023-04-28,N2IU,0.0011919761,-0.0010962647,0.0022052734,0.0010388328,-0.000120857876,0.0077246935,0.00069732784,-0.00017562213,0.0014494887,-0.0045294478,-0.0006388743,3.482613e-05,0.00041559688,-0.0017422892,-0.0018423862,0.0012938166,-0.007089826051658643
2023-05-02,M1GU,-0.0013871496,-0.00010006717,-0.00013711504,0.0019783843,-0.002444258,0.00017868237,-0.0029469826,0.0038004876,-0.00061787484,-0.004932039,0.0031733813,-0.00070600794,0.0001407464,-0.0001645563,0.0002829526,0.0022820155,-0.012481397494464074
2023-05-03,C38U,0.00030446376,-0.00025935017,-0.00030906012,-0.0008714684,-0.0029483405,-0.00084789115,-0.0045989826,0.0078190295,-0.0003478883,-0.006058139,0.002279266,0.00079464546,-8.809041e-05,0.00336423,-5.2832376e-05,0.0020022052,0.008070623578033464
2023-05-04,C38U,0.00039150004,-0.00045707,-0.0011426858,-0.0013897619,-0.0013440032,-0.0016614953,-0.005782263,0.0049534384,-0.00056329893,-0.0058920654,0.0014499128,0.0001288846,-0.000383066,0.0014898211,9.377022e-05,0.0030603434,0.01620294265666003
2023-05-10,T82U,-0.0013213813,0.00016642302,0.0075325537,0.0004329038,-0.00045102526,0.0029318035,-0.0028831488,-0.0043948595,0.0016404531,-0.0021536401,0.00035125378,0.00034022902,0.00010491005,-0.006803329,0.0024177688,-0.0019835418,-0.02717852621926021
2023-05-11,A17U,0.0011418323,0.0016948864,-0.0040236097,3.7620557e-06,-0.0005621934,0.00091976643,-0.0017407686,-0.0050886846,0.0009904766,-0.0046644146,-0.0004214922,0.0011331514,-0.0010574805,-0.006165683,0.0060473727,-0.0019590065,-0.04033530390011576
2023-05-11,J69U,0.0029098252,5.949744e-05,0.000450992,-0.00024894037,-0.0024582003,0.0037860987,-0.0015306941,-0.0046976204,0.00036979615,-0.0023908454,-0.00023371489,0.0011552859,-0.00078489643,-0.0047517,0.0045234556,-0.0012276171,0.022156506348018076
2023-05-18,C38U,0.0061828867,0.0019899022,-0.00369453,-0.0003205124,0.0004553823,-0.0020318632,3.2696073e-05,-0.0047428166,-0.0012760498,-0.0071749226,0.0010262952,0.000118544056,-2.2117945e-05,-0.0038340744,0.0023264198,-0.00081038516,-0.005664457495227393
2023-05-23,N2IU,0.0037763934,-0.0003827482,0.0044125877,-0.0010711224,-0.002045547,0.0012107352,6.990407e-05,-0.0033534837,-0.00043347207,-0.0024804564,0.0005383263,0.001561164,-0.0013017295,-0.005959961,0.00050485047,-0.00085373403,-0.01765338112524943
2023-05-23,T82U,-0.0023114644,-0.0005251666,0.007022735,0.00076462515,-0.0013608153,0.0035383145,0.0015041847,-0.0053850333,-0.00038487508,-0.002291211,-0.0005408815,0.0027020087,-0.0019493919,-0.0056878733,0.00037639326,-0.0019661442,-0.02486962307846198
2023-06-01,BUOU,-0.00058316387,-0.00018040767,0.0022862917,0.00039215808,-0.0051311464,-0.0010961456,-0.0027253227,-0.005382282,0.0010629682,-0.0024711222,0.00067814783,0.0008213081,-0.0014866502,-0.0030125843,0.0021545405,0.0007935765,-0.01669096961264581
2023-06-09,AJBU,0.009115636,-0.00015136405,0.0036046635,-0.0008707574,-0.0026222325,-0.00095763325,0.0062014316,-0.002409299,-0.00050099683,0.0020053964,3.832623e-05,0.000598761,-0.00019766936,-0.0020801495,0.0016578294,0.00085873925,0.04613846644368246
2023-06-12,BUOU,0.005785415,-0.00010503539,0.001383229,-0.0006899672,-0.0042593936,-0.00092103635,0.0034336594,-0.008554437,-0.00085546705,0.0006472411,0.00010701517,0.0016784423,-0.0010777825,-0.0046577724,-0.0003996588,0.0012844196,0.007349539157246905
2023-06-12,T82U,-0.0050303494,-0.0003355069,0.0013241967,-0.0005963025,-0.003530709,0.0063379705,0.0015913529,-7.02053e-05,-0.0018077067,-0.004562316,0.00022921698,0.004204149,-0.0014003151,-0.0006649966,0.0016770944,0.001293157,-0.024066367099124082
2023-06-14,ME8U,-0.006503671,9.277504e-06,0.0022524286,-0.0024217437,-0.0009837539,-0.003118007,0.00111898,0.0015472932,-0.0012939769,-0.00268245,-0.0018995961,0.0030094066,7.7770404e-05,0.00045204718,0.0022371178,-0.00036741575,-0.01106476765812171
2023-06-15,AJBU,0.0019294312,-0.00086912245,0.001557529,9.781914e-05,0.0003961665,0.0055601373,0.0028707879,-0.00082089193,0.00076081604,0.0036595298,-0.0003886548,-1.3678837e-05,0.0007174802,0.0007314863,0.0036682456,-0.0025653455,0.05977850986494068
2023-06-15,M44U,0.009294977,-0.00022847587,-0.001031797,-0.001212565,-0.0011861854,-0.0019138161,0.0027074667,-0.003394651,0.00014314952,-8.077588e-05,5.941745e-05,-0.00057726796,-0.0007709996,0.0040486665,-0.0009163763,-0.0001350822,-0.019296520667724866
2023-06-16,M1GU,-0.0069612083,-8.778165e-05,0.00315154,-6.5133354e-06,0.0008699878,0.0005908692,0.0012565803,-0.009792808,-0.0015205859,-0.0047529745,-0.00057556503,-0.0026740455,-0.0028000905,0.00016259664,0.00037134555,-0.0019394656,-0.012076689006090163
2023-06-19,N2IU,-0.0020059997,-0.0009209872,-0.00013184438,0.0025390042,-0.0009485683,-0.0004410128,0.001677086,-0.0064621284,-1.960276e-05,-0.0037646387,-0.0008174119,-0.001573832,-0.0019766095,0.0009888386,-0.000372236,-0.0020575433,-0.010958106530575837
2023-06-20,C38U,0.0030918873,0.00012817876,0.0013666363,0.001519146,-0.001961024,-0.0003388885,-0.0005366882,-0.005683603,-0.00043918338,0.0020228534,-0.00036782745,0.0006223739,-0.0013283567,0.0032099949,0.0013244115,-0.001973234,0.000693298177559358
2023-06-22,M1GU,-0.004210305,-0.0005571487,0.0005479606,0.002108556,-0.0005041923,-0.0027381768,0.0032966875,-0.0041809566,-0.001079752,-0.0040004975,0.00030301514,-0.00059738354,-0.001521338,0.003422436,0.00074702967,-0.0007807909,-0.006026765828797298
2023-06-23,C38U,0.0050822017,0.000271299,0.005410469,0.0042091506,-0.001531436,0.00774086,-0.00050155964,-0.0050086146,0.0011713621,0.0012303182,0.0012269926,0.0015263767,-0.00043074437,0.0040612747,0.001709037,0.0011476038,0.0120625185548262
2023-06-26,M1GU,-0.0030784789,-0.0004153162,0.00200021,-5.9473998e-05,-0.00030278385,-0.0012747073,0.00014716708,-0.0064932364,-0.0011066293,-0.0035930253,-0.0010891185,-0.00035593758,-0.0027770465,0.002551139,-0.0019185549,-0.0021488813,-0.060848282818014694
2023-06-27,C38U,0.004977643,0.0002519744,0.0035545186,0.0047557456,-0.005193442,0.008600707,-6.3026506e-05,-0.00447964,0.00040754591,0.00090970955,8.848103e-05,0.0003588817,-0.0007420725,0.004262668,0.0020422374,0.0014393176,0.02519533077088594
2023-06-30,J69U,0.00033493186,-0.0009993984,-0.0034445622,0.0010213666,-0.0030243306,-0.001158877,0.0006480484,0.0077434536,0.00028830703,-0.0034665682,8.0196514e-08,-0.0011193429,-0.0011818153,0.0010398636,-0.002406813,-0.00029120265,-0.023340628845951915
2023-07-04,AJBU,0.009276827,0.0027599449,0.00014048882,0.0005620708,-0.004329746,-0.0016109501,-0.00065870344,-0.0014695671,0.00021239667,0.0010903588,-0.0010453032,-0.0004487658,-0.001926342,0.004564099,6.9615024e-05,-0.00030815531,0.0008415442470377085
2023-07-06,ME8U,-0.0024991566,-0.0004170946,-0.0025070347,0.0013826259,-0.0018019745,-0.0013585646,-6.280942e-05,0.0023742837,-0.00020214294,-0.004743137,-0.00010959948,-0.00017618488,-0.0012758991,0.0017352349,-5.3226864e-05,-0.0015991952,0.0077933032196989445
2023-07-07,A17U,-0.0020159727,-0.0015253151,-0.0026941043,0.0014119203,-0.00089264853,0.0009600263,0.0027732558,-0.001529691,-0.00019494705,-0.0011145326,0.0005352388,-0.0006742897,-0.0037860195,0.00173429,-0.0012173004,0.00044316187,0.01939645732756702
2023-07-11,C38U,0.0010635934,0.00031120406,0.014032052,0.003360351,-0.0027219686,0.0074320496,-0.00046774547,-0.00035587116,0.0016687321,-0.002136199,0.0003346575,0.00037038836,0.0011972387,0.0056247027,0.00076720864,0.0006777368,0.02762828711892905
2023-07-17,M44U,-0.0004334708,-0.0013723592,0.0061892597,0.0013489353,0.00038495587,0.0027377026,-0.0035027799,0.00054358883,-0.0005909821,-0.00059062213,0.00068755297,0.00061072013,0.00025319238,0.0006062366,0.0028227917,0.0013438099,0.024392497884416685
2023-07-18,A17U,0.0018363887,0.00022955306,0.001602532,0.003694788,0.0014361514,-0.0009513236,0.0038961456,-0.002235667,0.00064926106,-0.0013493425,-0.00012217807,-0.0007037356,-0.00044069905,0.0024835735,0.0011543537,0.0024430864,0.024474356335704307
2023-07-21,T82U,-0.010702931,-0.0010251726,-0.0050895535,0.0006676729,2.691388e-05,0.00090593286,0.0042284154,-0.0012187974,-0.0013986342,-0.011412288,-0.002255275,-0.000105154584,-0.0013005391,0.0006101254,-0.0030838847,-0.0031741292,-0.042450430844418394
2023-07-24,A17U,0.00034130306,-0.0012901606,-0.0016524532,0.0013561362,1.294507e-05,-0.00011112245,0.0036836078,0.005758473,-6.225439e-05,-0.002626581,-0.00081218197,-0.0010307156,0.00014314822,0.0027761373,0.0019089708,0.0037956303,0.02637993431842478
2023-07-24,ME8U,-0.0011761304,-0.0011927687,-0.002703488,0.002286472,0.00077133207,0.000537976,0.0029439204,0.0009811036,0.0002050788,-0.004545201,-0.0008335203,-0.0014052002,-0.00023091403,0.0027151902,0.000672652,0.0035639887,0.01757134926043176
2023-07-26,AJBU,0.006672211,0.0027340997,-0.0040744175,-0.0023462223,6.5393374e-06,-6.908381e-05,-0.0048663886,-0.004714536,-0.00089349307,0.0042016073,0.00034268262,-0.0017888447,0.00055940077,0.0039478843,0.0014605724,0.00020970897,0.010052148291463878
2023-07-26,BUOU,0.0021530457,-0.0014639675,-0.002291302,-4.4906308e-05,0.0009794625,-0.00075654255,-0.009265309,-0.0011025767,-5.2835883e-05,0.0019146211,-0.00034470687,-0.0008548709,0.0011411712,0.0026685563,-0.00040132052,0.0015234642,-0.023116223367347505
2023-07-28,J69U,-0.002396154,0.00045871982,0.0059746397,0.0032021303,0.001301231,0.0063678976,0.00030369533,0.00459065,0.0021991814,-0.00035700476,0.003911965,-0.00037780142,0.00076220854,0.0019686706,0.0031136828,0.0046462147,0.0601877092298539
2023-07-31,ME8U,-0.0053892937,-0.00066226866,0.0024348765,0.0010996464,0.0018792901,-0.0012135024,0.003055783,0.0050685667,0.0005574703,-0.0015261245,2.320719e-05,-8.8437344e-05,0.0008769952,0.00205953,0.003585019,0.002739187,0.06788219682561203
2023-08-08,N2IU,-0.0056023984,-0.0012289244,-0.0008644998,-0.00031991725,-0.002301437,-0.00079672516,6.106111e-06,-0.00023995705,0.00032323966,-0.0039801123,-0.0011663674,-0.0008151503,-0.00053509383,-0.0013699111,0.0026413864,-0.0019242297,-0.041992822554228794
2023-08-16,T82U,-0.0042780433,-0.0005720979,0.004338232,0.0011216586,0.00057661673,0.0012105909,0.00033737917,-0.00021515341,0.00018159699,-0.0027712856,-0.0011379617,0.0048589753,-0.0003267233,0.0008308528,0.0014247103,0.00034647633,0.01293801109926047
2023-08-18,M44U,0.007295378,-0.00018259439,-0.00018645181,-0.0014156785,-0.00090111006,0.0015199647,0.002201047,0.0010945406,-0.0004253952,0.0017606111,0.001496511,0.0015762341,0.0014177222,0.0015139346,0.0040526246,0.0022209785,0.031644778266862586
2023-08-21,N2IU,-0.0045736316,-0.00085216673,-0.0011211977,-0.0002408688,-0.0014712407,-0.0022259057,0.0023963219,0.0029554816,-0.00060062535,-0.005346627,-0.00047128426,0.00019086443,-0.0002700301,-0.0005985153,0.0027631363,-0.0011194296,-0.023887936270083194
2023-08-22,A17U,0.0015172914,4.720344e-05,0.0012354716,0.0012772577,-0.0043795696,0.0024043177,-0.0017144434,0.0022790052,0.0013067204,-0.0008497242,0.0022329343,0.00047086575,0.0006644542,0.004841513,0.0044869552,0.0017156798,0.02972039538176006
2023-08-28,BUOU,-0.005634803,-0.0010289089,0.00021845535,-0.00033126818,-0.0014074575,0.0023656269,0.0035954716,-0.005020591,0.0009560276,-0.0054726815,-0.00038569837,0.0006063561,9.829014e-05,-0.0040592644,0.0024153595,-0.00065546244,-0.03296341034464819
2023-08-28,M1GU,-0.0005959024,-0.0007238017,0.008043435,0.0011627707,-0.0005626039,0.0038353992,0.00090132596,-0.00089012366,0.0007886056,-0.002662166,-0.00021902585,0.0023709903,-0.000104757455,-0.0023162765,0.0009884889,0.0014164567,0.03621917011518708
2023-09-07,BUOU,-0.0029665811,-0.00072396704,0.0014225058,-0.0008438519,-0.0045801383,0.00021062224,-0.0026910892,0.004233773,0.00010708002,-0.0032698477,-0.0016097196,0.0004057604,0.0006248526,-0.0007853296,0.0027428947,-0.0005342476,-0.03448531196836152
2023-09-07,J69U,0.0058301236,-0.0002897062,-0.0015354921,-0.0012437766,-0.003949946,0.00028362006,-0.0043577463,-0.00031299598,-0.00027192946,0.0037584784,0.00062735897,0.00029836278,0.0010558965,0.0012148148,0.0030162157,0.0031663985,-0.018803242336482152
2023-09-07,M44U,0.006758432,-0.00019143031,-0.0012961709,-0.0014896785,-0.003641225,6.7275105e-05,0.0011699582,0.0012446482,6.217506e-05,0.0035047114,0.00055755064,0.00036011662,0.0015404263,0.0014098245,0.0033493543,0.0030112038,0.016718459616454573
2023-09-15,T82U,-0.011828961,-0.0005913881,-0.0045088297,-0.0016004686,-0.00020156783,-0.0020783392,0.00337778,0.0036245908,-2.0460146e-05,-0.0035994903,0.0013912536,0.00026176506,-0.0007239568,0.00022134926,-0.00068574975,-0.00036920467,-0.024585761642260645
2023-09-21,BUOU,-0.009942798,-0.00073334365,0.003764772,0.00035050948,-0.00044296603,0.007754259,-0.00050271774,0.0011697233,0.0003243992,-0.00493395,-0.00047120824,-0.00096617895,-0.00014903203,0.0003310971,0.0011012179,0.0016246119,0.006279341168542701
2023-09-22,T82U,-0.0062450976,-5.7616624e-05,7.4428644e-05,-0.00037420526,-0.00023560034,-0.0014317273,0.0030192079,0.005717007,-0.0014228277,-0.0048565483,-0.0006371268,0.00027790322,-0.001169586,6.693018e-05,8.629441e-05,0.00025848945,-0.00837129454242181
2023-09-25,AJBU,0.002038726,0.0016516638,0.00075077364,-0.00094254164,-0.0013450971,-0.0015714518,-0.0017310242,-0.009192287,-0.000790333,-0.0010510923,1.8289691e-05,-0.0007221777,-0.001721483,-0.005115383,-0.0009956282,2.8248658e-05,-0.06684964291684249
2023-09-28,A17U,0.0060858387,0.0030569804,-0.0014635671,-0.0017518896,-0.003672866,-0.00024927183,-0.002232624,-0.0019641693,-0.00017489961,8.733456e-06,0.0003942166,0.00050827564,-0.0033810965,0.0014478146,-0.0006102062,-0.0008398115,0.00392837437900255
2023-09-28,N2IU,-0.0031800221,0.00030076568,0.0045807557,0.0005446467,-0.002635492,0.004237732,0.00087733887,0.003339805,0.0003396878,-0.00647905,-0.0016711999,0.002923574,7.76923e-05,-0.00087035826,0.0014705624,0.0008554662,0.027364244474652036
2023-09-29,J69U,0.0006549147,6.319956e-05,-0.0023022234,-0.00022635913,-0.00017209449,-0.0031978053,-0.0022515152,-2.414674e-05,-4.0691597e-05,0.0018048247,0.00093244156,-0.0008780005,-0.0018172634,0.005006908,-0.0011147442,-0.00096681714,0.002262640833907259
2023-10-04,N2IU,-0.0013655017,-0.00013616477,-0.00029387543,0.00079938566,-6.66699e-05,0.0033641462,0.0041127023,-0.0016706842,-0.00014413752,-0.007222497,-0.0014394086,0.0011837035,-0.0015110002,0.002523272,-0.00083096646,-0.0018955827,-0.006224609745437346
2023-10-05,T82U,0.0010307296,-0.0008054606,0.003014365,0.0013843437,0.00035603158,0.0039249286,0.0034756549,-0.0036559121,0.00039350145,-0.006831246,-0.0012612958,0.0016836756,-0.00042554183,0.002464684,2.9057852e-05,-0.0029507733,-0.012119443982621877
2023-10-06,T82U,0.0005710131,-0.00071823946,0.000109880326,-0.0014777427,0.0005609804,-0.002121506,0.0024269982,-0.00016164454,0.0002685669,-0.004293928,-0.001871912,-8.552103e-05,-0.003755729,0.0012646415,-0.0006768203,-0.004142392,-0.03084268073583996
2023-10-09,M44U,0.0059066364,0.0040328316,-0.000368897,-0.00023940126,-0.00052333815,-0.0012371056,-0.008984927,0.0014533976,-0.0015968104,0.0030169524,-0.0012517065,-0.0016826567,-0.0032417285,0.002067463,0.0010057259,-0.0038051321,-0.006751421462258748
2023-10-12,AJBU,0.0003459321,0.00014014624,-0.0061608185,-0.00045220263,0.00011805064,-0.0012503089,-0.011702086,-0.004697365,-0.00042776208,-0.001984271,-0.0013319824,-0.0029664212,-0.0045746835,-0.0034267844,-0.0014632664,-0.003577168,-0.10575942086314688
2023-10-12,J69U,0.004294236,0.00023867213,0.0049642087,0.00018992469,-0.001269097,-0.0018227076,-0.009989899,0.0012656713,-0.00051969895,-0.0015732839,-0.0015016423,-0.000570687,-0.0014410042,0.0005218749,0.0011191557,-0.0014475763,0.020497619283272386
2023-10-18,C38U,0.004735832,0.004243304,-0.0040026424,-0.0002515213,-0.0019806908,0.001164843,-0.0030874335,0.0027201176,0.00022018405,-0.0035311412,-0.00024397192,-0.0024465297,-0.0024339638,0.0014909662,0.0016206439,-0.0024488713,-0.009895369217083921
2023-10-18,N2IU,-0.0015312897,0.00018899987,-0.0028893866,-0.0021752983,-0.0013049649,-0.002517419,0.0025263603,0.0006134075,-0.0009733215,-0.011500331,-0.00059701974,-1.444864e-05,-0.005841327,0.00047445943,-0.00043597395,-0.0019579965,-0.024195067582103238
2023-10-19,N2IU,-0.001303338,4.3717035e-05,-0.003409819,-0.0025104254,-0.0020828051,7.523064e-05,0.0059423135,-0.0008082598,-0.00062249374,-0.0096422,-0.0008216205,-0.0018720984,-0.007689782,0.00075911544,-0.00093043415,-0.0037964382,-0.033782550838398206
2023-10-23,BUOU,-0.0050781895,-0.0013638386,-0.0040805507,-0.0027226924,-0.0016586058,0.0003543745,0.0045573167,0.0033359046,-0.00040080256,-0.01255091,0.00048432217,0.0011373005,-0.0056666797,-0.0020544361,-0.00032696733,-0.00046910325,-0.027548092466539845
2023-10-23,M1GU,-0.0013365145,-0.00016024365,-0.0040733223,-0.0011891292,-0.0022342147,0.000479294,-0.0013101569,0.006591011,-0.00029105242,-0.0087650055,4.2396674e-05,-0.00072838383,-0.0032208257,-0.0041792695,2.0676292e-05,-0.0005899011,-0.03037044408365423
2023-10-24,ME8U,0.003931031,0.003683432,-0.0023261087,-0.002163927,-0.002453108,-0.0013572248,-0.0025896034,-0.00033036325,3.41679e-05,-0.004854395,0.0013017742,-0.0031752067,-0.0027758146,-0.0074590263,-0.00042898557,-0.0022488986,-0.028924951223526466
2023-10-27,A17U,0.00619006,0.0031262594,0.0041208384,-0.000245745,-0.0021831812,-0.0019278304,-0.0038325372,0.0004443444,0.0002183721,-0.0033520528,-0.0004988526,-0.0024279729,-0.002070257,-0.005975901,0.0011600156,-0.000937112,0.020321189064917186
2023-10-30,N2IU,-0.001451819,-0.0018065742,-0.005490567,-0.0034894894,-0.0026072992,-0.0021835063,0.0026954876,0.000118046184,-0.00050712435,-0.0095289,0.00052529265,-0.00067656464,-0.006096947,-0.0025760422,-0.00054487586,-0.0035256674,-0.05345217997369693
2023-11-01,C38U,0.0035476952,-0.00020118723,-0.0032751765,-0.0030988893,-0.0037375288,-0.0026575106,0.00088556175,-0.0048179924,-0.0008355449,-0.0068759387,-0.00042944585,-0.0020617743,-0.0033268146,-0.005884739,-0.0021972377,-0.0046748216,-0.04296703403866173
2023-11-06,BUOU,-0.0019938005,-0.0015471166,-0.0025661709,-0.004616307,-0.0007428227,-0.0050136913,0.0021139313,0.0031404488,-0.0005329879,-0.014358779,0.0012122612,-0.00076190225,-0.0041473927,-0.0019852472,-0.0008051797,-0.00029297033,-0.05987517317203811
2023-11-08,A17U,0.007241568,0.00270191,-0.0028375215,-0.0014047681,-0.0007814022,-0.0034268352,-0.0015817935,-0.0040153004,-0.00060739066,-0.0033802253,-0.00043479083,0.00051830034,-0.0010628578,-0.007036639,-0.0040606037,-0.00021010198,-0.024199296056365643
2023-11-08,J69U,0.0058165286,0.00046774987,0.010065516,-0.0007506093,-0.0023881854,0.0008436899,0.0031428896,-0.00041464888,0.00048351442,-0.0046586134,0.0012468674,0.0014531594,0.0017479802,0.0026741775,-0.0021367937,-0.0016399857,0.017908770492840807
2023-11-08,N2IU,-0.001978123,-0.0012276218,-0.0037116338,0.0006018695,-0.00015562806,0.00795833,-0.00067989156,0.0020055724,0.0005328814,-0.007259479,-0.00078057253,-0.00038964572,-0.001194547,-0.0009717974,-0.00017179121,0.00076685665,-0.009809077992099416
2023-11-14,A17U,0.0072974497,0.0020671024,0.004507131,-0.00032602716,0.00083552743,-0.004508333,-0.002512891,-0.0012745112,0.00024144516,-0.0018427894,-0.00066525134,0.0004766157,-0.0018374437,-0.005751775,-0.004681333,0.00040896557,-0.02118071627970136
2023-11-20,ME8U,0.004311821,0.00053102674,0.0016360071,0.00018746813,-0.0008859823,0.0006503635,-0.0029766236,-0.008570103,0.00021128004,-0.001377888,0.0003919481,0.0012555624,-0.0012799588,-0.0007006885,-0.0033187252,-0.002588693,0.019383610178787314
2023-11-21,M1GU,0.0016793809,0.0005275583,0.00021767674,-0.00032465372,-0.0022991027,0.008469982,-0.00040505547,0.0005088005,-0.00034592097,-0.0033117516,-0.001219235,-0.00015708573,-0.00079871353,0.0019723878,-0.002804862,-0.0014355512,0.0002190340301535549
2023-11-30,BUOU,-0.0010388859,-0.0015611505,-0.0041858912,-0.001493906,0.00062226906,-0.0010751853,-0.0058841393,0.0060968264,8.147029e-05,-0.006777598,-0.0027016678,0.00045043914,-0.00055940053,-0.0037047723,-0.0023496894,-0.0017427612,-0.06911344450234867
2023-12-04,BUOU,-0.0035587659,-0.0013294357,0.0013372002,0.0012498919,0.0011035709,0.0062149656,-0.006575792,0.0017103693,0.00032853856,-0.0016606419,5.133824e-06,0.00065838214,-6.629712e-05,-0.0001757951,-0.0022595476,-0.0024286862,-0.028273940895043655
2023-12-06,ME8U,0.0037767852,0.00016758486,0.0013271633,-0.0010099629,-0.00061276346,-0.0008155909,0.00797091,-0.0003266809,-0.0002432972,-0.0029004186,-0.0003222892,0.00033833357,0.0007186153,0.0013584042,-0.0016216377,0.0019765466,0.04360908326938225
2023-12-06,N2IU,-0.0039791027,0.0016010616,0.0027997445,-0.0014661371,-0.0004473953,0.002706027,0.0029433742,0.00692511,-0.00016842976,-0.0077794646,-0.0011175737,0.00027863253,0.0007876145,0.0038241523,-8.290467e-05,0.0011353473,0.012513850124716584
2023-12-08,N2IU,-0.002133024,-0.0011120745,0.0037319248,-0.002431546,-0.0017389079,0.0030350056,0.0037692417,-0.0012464214,-0.000155327,-0.009816434,-0.0017108658,-0.0013214555,-0.00077611953,0.0021347478,-0.0010617096,0.0022804234,0.02294371071484711
2023-12-11,T82U,-0.0012465923,-0.00094720675,-0.0019967211,-0.0020659727,-0.0012110376,0.00013050178,0.0035942085,0.006989007,-0.00029118726,-0.0066343984,-0.000539304,2.491481e-06,0.0006354756,0.0015677144,-0.0013309293,0.0018796928,0.048603314790989754
2023-12-12,M1GU,0.008276743,0.0014449123,-0.003150717,-0.00023194423,-0.0027099878,-0.006334655,-0.0020321996,-0.0067584566,-0.0003221204,-0.0028911263,-0.001740383,1.1513779e-05,-6.8104855e-05,-0.0046754894,-0.004049167,-0.00042679344,-0.04554341447815217
2023-12-13,BUOU,-0.0013303258,-0.0012602939,0.0012126309,0.000548168,-0.0015577779,0.005333348,0.0009733449,0.0031036048,3.9722643e-05,-0.006292599,-0.0028500503,0.001347355,0.00045687697,0.0013975769,-0.0023313034,0.004062789,-0.01304333604658231
2023-12-15,C38U,0.0003986833,-0.00011925245,0.002151998,0.0021913243,-0.0025868476,0.0014386809,-0.0051768622,-4.4400498e-05,-0.0004262103,-0.0022867194,-0.0010654621,0.001001914,0.002215042,0.0018259397,-0.0016347381,0.0020137767,0.0033384452198986815
2023-12-19,A17U,0.0051101483,-1.4643174e-05,0.0013044806,-0.000100422454,-0.0008179732,-0.0011788217,-0.0068011624,0.0016900654,0.00043543312,0.0015557788,-0.00072617613,0.002173814,0.0013131027,-0.0009785991,-0.0031721303,0.002916387,0.002836223712777794
2023-12-22,ME8U,0.008181533,-4.571595e-05,0.0013636976,-0.001242528,0.0013198684,-0.001255128,0.0034060813,-0.0029438653,-0.00019059931,-0.0039215926,0.0005231878,-0.0008573672,0.0034245567,0.0022991246,0.0017120369,0.0017058157,0.012015838986041683
2023-12-26,N2IU,0.0013286829,0.0001494013,-0.0012177372,-0.002827731,0.0012209346,-0.0029157572,0.00466284,-0.003065196,-0.00041061253,-0.0102580525,0.0001545426,-0.0012707458,0.0056208894,0.001776643,0.00025212418,0.0023501546,-0.010029663558042912
2023-12-27,BUOU,-0.0030819033,-0.0009208747,0.0024510904,-0.0012873771,0.00080877857,0.008801308,0.0019624499,0.00067245984,-9.709663e-05,-0.007965179,0.0022877282,-0.0024026965,0.0030287618,0.0041357605,-0.00028988815,0.0022941765,-0.0016550947147313602
2023-12-29,J69U,-0.0011719643,-0.0010183379,0.0061824755,0.00016670283,0.00039146104,0.00666564,-0.0024326055,0.0004269163,-3.727003e-05,-0.003943492,0.0038353123,-0.00084352103,0.00032962134,0.0018951542,-0.0022402015,0.0036377024,0.05502756771065431
2024-01-08,M1GU,0.0012618204,-2.4670691e-05,-0.0013922905,-0.0010225108,-0.0017699124,-0.0015043366,-0.0022956326,0.00079624896,-0.0010116566,-0.002879715,-0.0018055314,0.00048180667,0.00023684204,0.0017482694,-0.0027641945,0.002104967,-0.04748946091024952
2024-01-09,ME8U,0.009621584,0.002178896,-0.0019517266,-0.0009007062,-0.0014412217,-0.001824407,0.0013412314,-0.0008457515,-2.831969e-05,-0.0008850927,-0.00016251617,-0.00055458327,-0.00048602428,0.00041592467,-0.0012598955,-0.0006845073,0.016337455523321515
2024-01-16,J69U,0.007208119,-0.00027555483,-0.0033738925,-0.0031836713,-0.0021155237,-0.004612137,0.0060490146,-0.0047870316,-0.000108464585,-0.0022472043,0.0003472854,0.0007475586,0.0030036613,0.0018372326,0.0004460225,-0.000116367686,0.011377697973888469
2024-01-16,ME8U,0.006858027,4.592795e-05,-0.00013997582,-0.0013526332,-0.0016457179,-0.0010720924,-0.0053282105,0.0011267149,0.00077187276,0.0039578034,-6.684001e-06,0.0012029235,-0.00045857602,0.00318987,-0.0019864095,-0.0005128345,0.012227828587047011
2024-01-17,C38U,1.348693e-05,7.064023e-05,0.0012361365,-0.0026064792,0.0008325068,-0.00084767235,0.004234579,-0.0013888744,-0.00058502663,-0.0027033428,-0.0004356606,0.002467632,0.002960508,0.0017057166,-0.001587457,0.00043488678,0.02694082143626442
2024-01-19,BUOU,-0.004552345,-0.000984411,0.0012712883,-0.0019527979,0.0014569993,0.0019058875,0.0060421075,0.0030334322,0.00082494295,-0.0043090372,0.0003699266,0.00026591003,0.0032761907,0.002616852,-0.0015463755,0.00064620795,0.014090639517498834
2024-01-19,N2IU,-0.003220447,-0.0011984798,-0.0015699923,-0.0002641349,0.0005250894,-0.0019143125,-0.0023069116,-0.00033796098,0.0011192375,-0.0057532564,-0.0004744882,-0.00018554046,0.0013679246,0.0021142904,-0.0010008187,-0.000718683,-0.004433408103499431
2024-01-31,N2IU,-0.0032321333,0.00033772612,-0.0046840953,-0.00062817254,0.0016939179,-0.0005206629,-0.002295924,0.006998862,0.0006474327,-0.0026362594,-0.0011907913,0.00037656928,0.00019855029,-0.00029360087,-0.0022329318,-0.0004829967,-0.017441049437430606
2024-02-01,N2IU,-0.003854719,-0.0011456275,-0.0033570037,-0.0010234767,0.00085260544,-0.0020945356,-0.002982102,0.0064445427,0.0005361367,-0.0029866942,-0.003057,0.0014951471,0.00048179537,-0.00013718125,-0.0015366345,0.0022803014,-0.021316930455144614
2024-02-02,C38U,0.0026230197,0.00013526373,-0.0036924102,0.00039013498,0.00038276907,0.0022863168,-0.0032390438,0.0014438182,0.0006500322,0.002483332,-0.0002134167,0.00053952844,-0.0014186703,-0.0018494534,-0.0006736876,0.0016629773,0.022726350005155722
2024-02-02,N2IU,-0.0019022581,0.0005724296,-0.00047839715,-0.0005457335,0.00066285045,-0.00062201364,-0.0081491,0.0014102493,8.0236e-05,0.0018280748,-0.0018202595,-0.00017664963,-0.0005547822,-0.00048640318,-0.0030172442,0.00097025535,-0.024482847872563177
2024-02-09,C38U,0.0025856025,-8.034081e-05,-0.0024609284,0.0017423978,-9.5340234e-05,0.0034411347,-0.0062225377,0.004896192,-0.00023954229,0.0024236578,0.0002607569,-0.0013570559,0.0020136938,-0.004016214,-0.0008123338,0.0030713095,0.024588456429487746
2024-02-13,AJBU,-0.007998596,8.566806e-05,0.0016217805,-0.0026015425,0.0010546682,-0.0022602954,0.009727022,-0.0061382954,0.00016279903,-0.0018561159,0.00021223203,0.00381922,0.0035911887,0.0036742126,-0.004312808,0.0011387882,0.007097497850030457
2024-02-13,BUOU,-0.0023402444,-0.0010912842,-0.0009992302,0.0024761062,0.0012950612,-0.000599523,0.0031725299,0.0018499944,-0.00026591838,-0.0010750432,-0.002045689,0.000395175,0.003269035,0.0014639988,-0.002304097,-0.00063559704,-0.022794898841960835
2024-02-16,N2IU,-0.004084457,-0.00042746429,-0.001619843,-4.4968227e-05,0.0008138572,-0.005375023,0.0036599466,-4.089203e-05,-0.00037986506,-0.0010591972,-0.0008866554,0.00046405397,0.0033061947,0.0020077163,-0.00309691,-6.957445e-05,-0.031589463769939805
2024-02-19,BUOU,-0.0019324389,-9.0387795e-05,-0.0005186565,-0.000937562,-0.00084209855,-0.002329093,-0.0051092696,0.0031583398,0.0005740684,0.0008702116,0.00049777946,-0.0008502619,0.0025895839,-0.0009907174,-0.0031108772,0.0015972622,-0.02325693069535964
2024-02-20,J69U,-0.0024798515,-7.866388e-05,0.0008694272,-0.0015716858,-0.0030629586,0.00041288184,-0.0040134094,0.004979061,0.0004512503,4.976865e-05,0.0017773251,2.3212982e-05,0.0010431879,-0.0015171585,-0.0019537702,0.0024536916,0.00945377659322967
2024-02-20,N2IU,-0.0044057053,-0.0010079102,0.0005067295,-0.0033573273,-0.002085824,-0.00040365543,0.00094805076,-0.004240469,-0.00040717685,-0.0034758581,-0.0016361871,0.0017991522,-0.000608661,0.0018318387,-0.0042344583,-0.0016504101,-0.05906898979127406
2024-02-21,M1GU,-0.00429782,0.0001523458,-0.0003875416,-0.0048684487,-0.0015010684,0.005012749,-0.0016297646,-0.0010301647,0.0006415036,-0.0010982215,-0.0011503388,0.0021082296,-0.0016578727,0.00328759,-0.003146241,0.0011242196,-0.009952732488309288
2024-02-22,N2IU,-0.0014594191,-0.0013576692,-0.002551485,-0.0011086041,-0.0017860059,-0.0048428867,0.0035262243,-0.0015091365,0.00021085625,-0.00010510342,-0.000365587,0.0003103222,0.00046829757,0.00041086966,-0.0032476333,0.00019514293,-0.059115332439060156
2024-02-26,T82U,0.0023480402,-0.000109819375,0.0014479532,-0.00069717865,-0.0027378693,-0.0014129326,-0.0040071765,-0.0029852437,3.4716708e-05,0.00023251714,-0.00034061077,-0.00011027089,-0.00085038994,0.0017178423,-0.004031732,0.0003676898,-0.05346707457310801
2024-02-29,C38U,0.011211965,0.0039628893,-0.0012781231,-0.0005686002,-0.0017362033,-0.0009376557,0.00013239704,-0.0031977831,-0.00030474993,0.0022302854,-0.00032146953,0.0001477956,3.3551558e-05,0.0022480928,-0.0030471927,0.0013847598,0.0017523899425071453
2024-03-05,M1GU,-0.007292913,-0.0007848521,0.0022817918,-0.00088700483,-0.0024453588,0.0020103673,0.0036872094,-0.0026424634,0.00044553296,-0.003902999,-0.0007269178,0.0042372304,-0.00041163768,0.0023900096,-0.0032175882,0.002582753,-0.005139315853735341
2024-03-08,AJBU,-0.0033034894,-0.0005286198,9.457806e-05,-0.0024697015,0.00054909836,-0.0051030195,0.005941436,0.005437702,0.0004776709,-0.003459088,6.7766314e-06,0.002665195,-0.00095248065,0.0010289514,-0.00069942453,0.0013544004,0.0006952888059663723
2024-03-19,M1GU,-0.0018904428,-0.00011002068,-0.003599471,-0.001764081,0.001081957,-0.0013583954,0.0063522635,-0.00045544613,-0.000369798,-0.00075718143,-0.0008276605,0.0029794674,-0.0044332896,0.00045945626,0.0014059916,-0.0002489736,0.004537611129892402
2024-03-20,N2IU,-0.00010881666,-0.00020443765,0.0030970338,0.0016852622,-0.0019347487,0.0036472427,0.0016269756,-0.003118255,-0.00026045227,-0.00011078611,0.00036258512,0.0040328647,0.0009534834,0.00067977275,0.00062534155,0.0013879443,0.04120197469128359
2024-04-08,M44U,-0.002907337,-0.0014515715,-0.0034963882,-0.0012516449,0.0012755669,-0.0033428587,-0.0022461282,0.0030847734,0.00030783904,-0.003447638,-0.00055060553,-0.00040737767,-0.0020521483,0.001305636,0.0005292594,0.00028600683,-0.04113340928641011
2024-04-15,M1GU,-0.009905108,0.00026860854,-0.002625279,-0.001082983,0.0014758179,-0.00021585864,-0.0021219768,0.0044736722,0.00080233114,-0.003192241,-0.0025103658,0.0004143857,4.0305422e-05,0.00020374786,0.00012040079,0.002824485,-0.025145448662476626
2024-04-22,N2IU,-0.0019010552,-0.0012277376,-0.005682187,-0.0043393294,0.0008178346,-0.00031635145,0.004355974,-0.0045693023,-0.00063835195,4.7486858e-05,-0.00084385625,0.00016338684,-0.006000629,0.0019093031,0.00036186876,-0.0036917673,-0.04657161693271926
2024-04-25,A17U,-0.0030732388,-0.0012597025,0.0027753722,0.00038228164,0.00040517937,0.005422581,-0.0027709024,0.00047769185,-0.0010310877,-0.0019742998,-0.00054174045,8.467292e-05,-0.0021392922,0.0018222345,-0.0023728595,1.1685175e-05,0.012427997532818043
2024-04-30,ME8U,-0.0022937108,-0.00025201644,-0.0027162598,-0.0005853479,6.308667e-05,-0.0011636568,-0.0033137756,-0.00066396344,-0.0008749881,0.0012176938,-0.00096793653,1.1250071e-05,-0.0008590393,0.0004995568,-0.0026277148,-4.8199196e-05,-0.026574805131838013
2024-05-02,J69U,-0.001668071,-0.00075282995,-0.0011509816,-0.0018078652,0.0010712408,-0.00020552958,0.0053463927,-0.00062014343,0.0013014979,-0.0018125715,-0.0023724097,0.00020255032,-0.0029366391,0.0016203889,0.001349705,-0.0016695409,0.016893381653651646
2024-05-09,BUOU,-0.0015832746,-0.0015706877,-0.004784984,-0.00030546525,-0.0030356462,-0.00200798,-0.0016730285,-0.001984079,-0.0010613383,-0.0026183038,-0.0006274317,0.00025131594,-0.00075939076,0.0008366379,-0.0013954941,6.6029555e-05,-0.03732028302278947
2024-05-10,C38U,0.008266531,-0.0004394315,-0.0016809439,0.0029080417,-0.0042870883,-0.0008066196,0.0013833651,-0.0028650423,0.0011112589,0.0015674104,0.0010289276,0.000109861605,-0.0015185889,0.0023566892,0.0011628614,-0.00036090869,0.011776487471519749
2024-05-14,BUOU,-0.0043025156,8.359959e-05,0.00033526536,8.286358e-05,-0.0043299347,0.0009192327,0.0044782064,-0.0015102912,-0.00087944523,-0.0070625455,0.0013450272,0.00034550644,0.00033200264,0.0026313507,-0.0009811558,-0.0016308596,-0.013191280187389735
2024-05-17,J69U,0.0023035556,-0.00057001004,-0.00044561413,-0.0030467734,-0.0010432047,1.4092411e-06,0.002838417,-0.00388179,0.0006493539,-0.00018576786,0.0015092198,-0.0006376618,-0.0002717273,0.0026695,0.001771324,0.0012316733,-0.0003035852329241681
2024-05-21,A17U,0.00020146942,-0.00097517436,0.00112308,-0.0014309194,-0.0010943684,-0.0008563108,0.00028800033,-0.0033953704,-0.0005150515,-0.0012150952,-0.00011682624,-0.002863742,-0.0010003228,0.0017419178,-6.928663e-05,-0.0013577093,-0.010307167582399954
2024-05-23,M44U,-0.006935086,-0.0009108272,-0.0010657451,-0.0029010572,0.001692895,-0.0023397552,0.0061098416,0.0020334935,-0.00057671877,-0.0044576866,-0.0008197715,0.0002274109,-0.0009966622,0.0016076689,0.0019222025,-0.00039993826,-0.01344031936339686
2024-05-24,M44U,-0.008658719,-0.0009924949,-0.0014818806,-0.0023210484,0.0012386373,0.00019654777,0.0049115983,-0.0007456878,-0.00065276277,-0.0033527259,-0.00034417678,-0.00085982797,-0.0016035212,0.0024536685,0.0007548333,-0.0010408253,-0.01045462077151928
2024-05-27,AJBU,0.011220539,0.0030067351,-0.0048362724,-0.000323406,-0.00059015525,-0.005993291,-0.0010686363,0.0011335898,0.0016167666,0.0065642134,0.00045052762,0.0002874348,0.0004068977,0.0033687581,0.0006485363,-0.00027857424,0.010846946413946163
2024-05-29,M1GU,-0.0012061825,0.00033479452,-0.00020731801,-0.0022281255,-0.0023507534,0.0019468436,-0.0017072362,-0.00432143,-0.00024776696,-0.0006168167,-0.0016632192,-0.00075290777,-0.00026563837,-0.0010024357,-0.0018615486,-0.0020014478,-0.07963322639028034
2024-05-29,T82U,-0.0038036695,-0.0012418334,0.0014256296,-0.0016309229,0.00045829106,-0.0023908254,-0.0053303707,0.009484568,0.0004959332,-0.0015884105,5.2893636e-05,0.0005687703,0.00014736333,0.0023236873,0.0009352056,-0.0014032293,-0.008959467812208476
2024-05-30,J69U,0.0003710512,6.266257e-05,0.0012260112,-0.002645648,-0.0002014125,0.0018371172,-0.0006628875,-0.00032073614,-0.00045639338,0.002259715,-0.00020110609,-9.8406905e-05,0.0009992481,0.0030348366,-0.0008720604,-0.000118720134,-0.006447610674062404
2024-06-05,ME8U,-0.004819905,-8.527865e-05,0.0015898024,-0.0026692895,-0.0026047265,-0.00058915536,0.0022730343,0.0034516032,-0.0013974499,-0.0028315163,-0.0011092258,-0.00023423223,0.0005178005,-0.0026964613,-0.001729997,-0.00039858324,-0.01712336840538935
2024-06-12,M1GU,-0.011328986,-0.00080053695,0.0014224914,-0.0013931879,-0.00050984696,0.003245032,-0.0010387037,0.0013336512,-0.00080119533,-0.00460758,-0.0009891735,0.0019908447,-0.0005296791,-0.00021367357,-0.0017812828,-0.000804309,-0.039844484928927885
2024-06-28,M44U,-0.010746128,-0.00057751767,-0.0029555238,-0.00073301187,-0.00037030457,-0.000821541,-0.002238199,-0.0011994616,-0.00093762524,-0.004222466,-0.00076581456,0.00040839138,0.00035183644,-0.0010751446,0.00051752833,0.0010022848,-0.057587294900143825
2024-07-01,M1GU,-0.0026238281,-0.00032532107,0.012296043,0.0003329601,0.00022197561,0.005031225,-0.00042660595,-0.0043505253,0.00033914766,-0.0004041279,0.00018200689,0.0025873834,0.00045768655,-0.0017861378,0.0011016593,0.0020628273,0.05141590613961933
2024-07-01,M44U,-0.0061231665,-0.000875001,-0.004196286,-0.00073538214,0.0011823042,-0.002589409,-0.00088382873,0.003033981,0.0003350127,-0.0036815824,-0.0019343694,0.0001682122,-0.00047479421,-0.00041165255,0.0015088184,0.00079781795,-0.05742679482758684
2024-07-09,T82U,0.0034472882,-0.00045364568,-0.004108936,0.0042434246,0.0010360654,-0.0002874789,0.0063652643,0.00073668343,0.00061505585,0.0029138904,-0.000115953626,0.0016263593,0.0008374199,-0.002274895,0.0062480415,0.0009788866,0.0390585110205269
2024-07-11,A17U,-0.00078933855,0.0004520041,-0.0010026156,-8.265797e-05,0.0011373953,0.0007136728,-0.0015898731,-0.0011202267,0.0004697522,0.0030503857,-0.0014793577,-0.0013643918,0.0018132807,0.0034754018,0.0006565144,0.002027112,0.0003677151051423584
2024-07-12,BUOU,-0.01149891,-0.0001545439,0.006026618,0.0032014067,0.0007688674,0.007329674,0.007797364,0.0020318923,0.0002533167,0.00019979262,-0.00071820716,-0.0023173606,0.0023886396,0.004394326,0.0006110089,0.0030581877,0.024110769768262617
2024-07-12,M1GU,-0.009908589,0.00086939824,0.0051287687,-0.0007309412,0.00038006154,0.0011978721,0.009166223,0.00012387021,0.0005011003,0.00034616372,-0.0011382562,-0.0037333425,0.0020444721,0.0023472651,0.0018315093,0.0005375241,0.02044734092223968
2024-07-16,BUOU,-0.00837651,0.0010071364,-0.002015774,-0.00019321618,0.0010535634,0.000871783,0.0027716737,0.0021052817,-0.00080404547,-0.0021015545,0.00029646364,-0.0013919144,0.003995981,0.0038388534,0.003351494,0.0026034631,0.01457403279807796
2024-07-18,BUOU,-0.0074440883,0.0012860849,0.0008787952,-0.00026846636,0.0007710018,0.0013477142,0.0026428178,0.0014857104,-0.00024536363,-0.002481434,-0.0012076518,-0.0014393984,0.00392603,0.0041423053,0.0014660851,0.0028233894,0.006587879071291206
2024-07-19,BUOU,-0.015436552,0.001125279,-6.8700574e-05,-0.00016888304,0.00055644405,0.0015025819,0.0022543226,0.0005989656,-0.00087768247,-0.005146366,-0.0010219868,-0.0025445835,0.004232491,0.0027091801,0.0011515063,0.001828618,0.016034434536172613
2024-07-19,ME8U,0.001022383,9.025384e-05,-0.004892641,-0.0014954924,0.0010215516,-0.0010451081,-0.0028296143,-0.0006411343,-0.00075988704,-0.0015645637,-0.00028760373,-0.0006096579,0.0032292632,0.0005311781,0.0023510593,9.0017966e-05,0.02226772861131163
2024-07-22,M1GU,-0.0142430905,0.0010034954,0.0018835597,-0.00031967086,0.0005714628,0.0030003164,0.0090657,-0.00014950336,2.0989743e-05,-0.0052464865,-0.0010515688,-0.003454029,0.0040332833,0.0016550915,0.00021769122,0.0022245408,-0.0034850964034339117
2024-07-24,M1GU,-0.018008256,-0.0007515202,-0.005432258,-0.0010149921,0.0011923325,-0.0016842311,0.008115159,0.0010656884,-0.00022630273,-0.0028808312,-4.4283828e-05,-0.0037659411,0.0054109236,0.0002933597,0.00066082156,-0.0010239945,-0.03536511337557302
2024-08-13,A17U,0.00031876733,0.000494655,-0.003575013,-0.0044628605,0.00025858657,-0.003450533,-0.00080761587,0.00031095545,-0.0007566531,-0.0040260083,-0.0004275428,0.0005710587,0.001278813,0.0014111878,-0.0021281184,-0.00023200728,-0.009533893553148445
2024-08-14,J69U,0.0014933329,-0.000672838,-0.00352533,0.00059696566,-0.0007526057,-0.006223788,0.005858632,-0.0022315234,-1.6903934e-05,-0.007283336,0.00020104772,0.0019225163,0.00107147,0.0027631223,0.000764156,8.289675e-06,-0.002497236061125882
2024-08-14,T82U,-0.0013940078,-0.0005965833,-0.003669372,0.0021727532,-0.00036739663,-0.0019405655,-0.008374031,0.001219386,-0.0002462119,-0.0059828833,-3.2424396e-05,0.0008873311,0.0011926638,-0.00044137493,-0.00035605818,-0.0007767859,-0.02125105275705652
2024-08-22,BUOU,-0.0009366272,-0.00012790144,-0.0007828029,-0.00020853218,0.00059448683,-0.00197781,0.0055762324,0.0033051495,-8.3037834e-05,-0.003777429,-0.0024480692,-0.0005528347,0.004067031,0.0029081027,0.002265254,-0.00040371183,0.038841390737328445
2024-08-30,C38U,-0.0050023505,-0.00022382868,0.0012108753,-0.006687974,-0.00071274786,0.0076004774,-0.0056405757,-0.0031876338,0.0003523864,-0.005035675,0.0005531703,-0.0009797567,0.0005620731,0.0037972012,-0.003816639,0.0006449575,-0.03564352692806752
2024-09-02,T82U,0.0016378585,-8.549997e-05,0.0026005246,-0.0028662076,0.00029648023,0.010785669,0.0025543803,-0.0010666898,0.00037367528,-0.0051532174,-6.627497e-05,-0.00011740466,0.002577633,0.0030969526,-0.0034055577,0.0022458152,0.03908433722385294
2024-09-04,J69U,-0.0051528797,-0.00019380671,-0.0006495794,-0.003868789,-1.001312e-05,-0.002108093,-0.0048249383,0.0011588697,-0.0013693882,-0.008642755,0.0007289288,-0.0011360971,0.0010761502,0.0011606826,-0.00020805735,-0.0014018369,-0.05256122681292155
2024-09-13,J69U,-0.0034662993,-4.80962e-05,-0.0011293034,-0.00056205544,0.00058803137,0.004002236,-0.0027981638,-0.0013481833,0.00088186306,-0.00397576,-0.0006663872,-0.0006196754,0.00020679021,-0.001508621,-0.0029614621,0.0034105647,-0.03033637909049524
2024-09-24,A17U,-0.00015451445,0.0002782649,0.00019835483,-0.0026267197,0.0006103319,0.008727148,-0.00835241,0.0015656917,-0.00011471257,-0.0008445248,0.0018897472,-0.000656748,0.0010106053,0.0038660113,-0.002107509,0.0013457958,-0.019940131483235177
2024-09-25,C38U,-0.0131943,-0.0003067439,0.00078971835,0.0010843382,-0.000915962,0.0030032534,0.0046969717,0.0009919201,0.0001610389,0.000105270774,0.0011911639,-0.0013279021,0.003989301,0.004844143,-0.0013554168,-0.0007968956,-0.0004814851642231943
2024-10-01,ME8U,0.004191635,0.00036913448,0.0060968148,-0.0029069802,-0.00020558765,0.01247065,-0.006348285,0.00010686766,0.00056702504,-0.0024437136,0.0010843468,0.0011545183,0.005959283,0.004713324,-0.0011019949,0.0026430807,0.031297741962325876
2024-10-02,T82U,0.0055717663,-0.0005094853,0.0015023336,-0.0017775068,-0.0033210628,-0.0072910893,0.00715752,0.0013335352,-0.0010871398,-0.0013971035,-0.0026825776,-0.0007598711,0.0044001713,0.0036448317,-0.0032684326,-0.0013851976,-0.049226199280230254
2024-10-07,BUOU,0.008115635,-0.00010380041,0.0011711156,-0.0038092474,-0.001427402,-0.00024704338,-0.0069203395,-0.0025860101,-0.00017041856,-0.0037183946,-6.1028382e-05,0.0002174695,0.0043986123,0.004824413,-0.0057283933,-0.0005035062,-0.01196915627805592
2024-10-07,ME8U,0.0032188937,-0.000110717745,0.0020141746,-0.005228985,-0.0017027903,0.0034541646,-0.0071105496,-0.0040559876,0.001115194,-0.0033784,-0.000104168634,0.0007613378,0.0059927837,0.005383719,-0.00342609,0.0005522745,0.005307258494731376
2024-10-09,AJBU,0.0062562674,-5.2336753e-05,0.010793755,-0.0001651365,0.00071168103,0.001410703,0.014723821,0.0037303644,0.0007090536,0.0011585515,0.0013605683,0.0017260085,0.004856785,0.009176778,-0.0014828503,0.0013754609,0.09359958121434143
2024-10-09,BUOU,0.008887462,9.884162e-05,0.0019644487,-0.0008791562,-0.0003315192,0.0009302931,-0.0014014184,-0.0016293994,0.00018829506,-0.003533378,-0.0013941189,0.0016432952,0.002956676,0.0026420667,-0.005006795,-0.00225584,-0.03924262656542951
2024-10-11,BUOU,0.011611962,0.0001483221,0.0017930389,-0.0035572748,-0.00041947156,0.00087037514,-0.010625768,-0.005332793,-0.0006904592,-0.0043319273,0.00053018716,-0.0003123359,0.0034289334,0.0044790036,-0.0050205993,-0.0039147916,-0.03680514211877664
2024-10-14,N2IU,-0.0044423784,0.00029749065,-0.0008912465,0.0016134329,-0.0008118062,-0.0057328623,-0.012960939,0.003979742,-0.0015902537,-0.0040064417,-0.0045977533,-0.00032155824,0.0012275757,-0.0005091583,-0.0022969004,-0.0024477963,-0.025383389075572055
2024-10-17,M44U,0.00288961,8.020378e-05,-0.002533881,-0.001232748,-0.00061863277,-0.0024482347,-0.0050757634,0.007562333,-0.00022109249,-0.0011524342,-0.0024974025,-0.0006076452,0.0012129042,0.0009279384,-0.0012760301,-0.0025625606,-0.007615035148064775
2024-10-25,M44U,-0.004396083,-0.00063587085,0.00016410826,-0.0016163995,-0.0003660855,-0.0032966025,-0.0066535454,0.0022369707,-0.0012280801,-0.0023716723,-0.0004914212,1.4203643e-05,0.0021228285,-0.0005094255,-0.0039331955,0.0010085918,-0.001091408547758771
2024-10-28,M1GU,-0.001563111,0.0003472418,0.0011263138,0.0018833344,-0.00060337037,-0.0036688757,-0.00909517,0.0045345505,-0.001482472,-0.0039092447,-0.0051990105,-6.569355e-05,0.0016211815,0.0023889814,-0.0016189798,0.002204291,0.002199800059347442
2024-11-04,A17U,0.0006513761,0.00020270291,-0.0007490206,-7.1606737e-06,0.00043085136,0.00028048208,0.005587876,0.002979334,-0.0008585103,0.001784301,-0.0012910266,0.0006682973,0.0034203255,-0.005776225,0.0019842153,-4.543472e-05,0.006791755942542901
2024-11-08,A17U,0.0004596694,-2.9698276e-05,0.00033305187,-0.0015567932,-4.9002523e-05,-0.0048573497,0.00787793,0.0009559132,-0.00012182965,0.0031001372,0.000263617,0.00017320534,0.0023765112,0.00025282777,-0.0012283107,-0.0025168909,-0.008678019955413408
2024-11-11,C38U,-0.00653092,-0.000701736,-0.00070935267,-0.0047295834,0.00028643085,0.0010776152,0.0016539339,0.0062441262,-0.00034612708,0.0013408783,-0.0027062928,0.0022570365,0.0010567514,0.0017937383,0.002182846,-0.0008834171,-0.011255651519991207
2024-11-20,J69U,-0.0046315156,-0.000681544,-0.00059052766,-0.0048281057,1.3632239e-06,-0.0007593235,-0.001160602,0.005156694,0.0005145663,0.0040753777,-0.0021059837,0.0007264649,-0.0005908101,0.002443091,0.0019634455,0.0005966723,-0.006621882750427278
2024-11-20,M1GU,0.007765476,9.575139e-05,-0.000948803,-0.00071113155,-0.0013384604,0.0017017282,-0.005720594,-0.0024916274,0.00012746778,-0.0013069703,3.722154e-05,-0.0063029868,-0.0014943567,-0.0010636925,-0.0005028883,-0.0021372829,-0.036366889883999096
2024-11-25,ME8U,-0.0031664812,0.0003742136,-0.0036725716,-0.0037551085,-0.0002946785,-0.003196584,-0.003137995,0.0009979655,-0.0009281354,0.003389054,-0.0029947616,0.0013525985,-0.00015525141,0.001574323,0.0013649489,-0.00010266316,-0.014300455042572015
2024-11-25,N2IU,0.0010388015,-0.0010612253,0.0003339347,-0.0034152833,-0.0014598448,0.0028204748,0.002271868,-0.004758962,-0.002722924,0.0015420932,-0.0004035167,0.00028370952,0.0011322743,0.0023046697,0.00016867607,-0.0013842573,0.007378436521151652
2024-11-29,N2IU,-0.000121381825,-0.00082531315,0.0011084124,0.00016152771,-0.0011273308,0.00106397,0.008912146,-0.0017280409,-0.002158613,0.004610888,-0.001974422,0.0034390448,-0.00039190057,0.0022558966,0.0025953413,-0.0004381581,0.004461867233353289
2024-12-04,C38U,-0.0026415654,0.00067874393,-0.0021880784,-0.002641165,-0.00010271136,-0.0062203333,-0.0047172876,0.0010563598,-0.00084527355,0.00667486,-0.0050882576,0.0011237622,-0.0012573574,0.00063200307,-0.00043438052,-6.972913e-05,0.0054951481540595
2024-12-06,A17U,-0.0023686837,-0.00042307208,-0.0003023991,-0.0014643685,-9.894275e-05,-0.0012235654,-0.0005248561,0.0006305371,-0.00060286,0.0078455005,-0.0033860249,0.0005681952,-0.0019434578,-0.00076904753,0.00022415267,0.0008662826,0.008647195004919245
2024-12-06,J69U,-0.008642986,-0.00024573968,-0.0002798105,-0.0031375757,-0.0001229983,-0.00419884,1.7644856e-05,0.0067156046,-6.30632e-05,0.0054612732,-0.0034000587,0.00018044258,-0.00017441016,-0.00033780793,0.0006476413,-0.00041168462,0.002822564583899442
2024-12-10,J69U,-0.007423536,-0.00040768026,1.1275295e-05,-0.0005130961,-0.00036201265,-0.0038522312,-0.0021464382,0.007159111,-0.00094568863,0.0044470583,-0.0021702643,0.0011562878,-0.0007602607,-0.00077913445,2.0271804e-05,0.00034392014,0.008292896063985217
2024-12-11,ME8U,-0.00090628996,-0.00026100932,-0.0028611931,8.136325e-05,0.0009840233,-0.00034143156,-0.0024325694,0.002007226,0.0011940743,0.007512219,-0.00070798857,-3.36346e-05,-0.004319789,-0.0014398166,-0.0012764952,5.8111804e-05,0.005985233461007776
2024-12-12,ME8U,-0.0005666027,-0.00021226368,-0.00015260611,-0.0005871189,-0.00028473852,-0.00016388297,-0.0024039072,-0.00024134495,-0.0003599652,0.005612794,-0.0009359882,0.00032610918,-0.0038338224,-0.001857108,-0.0009584966,-0.0021239752,0.006210450951437209
2024-12-13,N2IU,-0.0036035818,-0.00014844067,-3.7059624e-05,0.00039729103,-0.00017660506,0.00049596035,0.00421304,-0.0023128567,3.6217723e-05,0.0051597045,0.00019755102,-0.00016023715,-0.0060014357,-0.0037989747,-0.00027224922,-0.0015855733,-0.006285202428122151
2024-12-16,M44U,0.004148486,-0.00014563037,-0.0014686212,-0.003385949,-0.00025745216,-0.0032243736,0.003927749,-0.0011605455,-0.0006807077,0.0025587485,0.00024227958,0.001735284,0.00042421737,-0.0037185024,0.001784905,0.00027206988,-0.007201111039044103
2024-12-17,AJBU,0.0054073185,0.00017590614,0.001359584,-0.0013584987,0.00062035234,-0.0017332908,0.002126072,-0.0021997269,0.00069735816,0.00038903928,0.0009270183,0.00028021165,-0.0022434916,-0.001128373,0.004189087,0.0010070337,0.016477890442652646
2024-12-18,M1GU,0.0018236568,1.9252535e-05,0.0061390414,-0.0015887513,-0.0013134202,0.006818972,0.004555454,-0.00046163934,0.0009061358,0.0020791774,0.0017247037,0.0007312633,0.0007151942,-0.0055972184,-0.000910956,-6.7255074e-05,0.03674162530038568
2024-12-20,T82U,-0.00024433908,-0.0006135885,0.0013161134,0.002613523,-0.0001511995,3.0002431e-05,0.00024701303,0.0010818938,0.00054260273,0.002915818,0.00069296325,0.00067651324,-0.0028083664,0.0010457368,-0.0014439075,-0.00034705809,0.008896650188930513
2024-12-23,C38U,0.0021162354,-7.080547e-05,-0.0016301437,0.0018428647,-0.0002070669,-0.0046280255,-0.0039610234,-0.0012627492,-0.0006928552,0.0022598465,-0.0014096916,0.00022676005,-0.0032033673,0.0015696287,0.002043711,-0.0019802314,-0.009114522152222413
2024-12-31,A17U,-0.0028912094,-0.0005400342,0.0007402272,0.0017530967,0.0006764589,-0.0019325492,-0.00046807385,0.0019930678,-0.0009718071,0.0020870094,0.000103414546,0.00080487446,-0.0042370595,-0.0018148697,0.002295457,-0.0026563345,0.009769149032794706
2024-12-31,ME8U,-0.00073846395,0.00028699657,0.0013866175,-0.00011912458,-0.0015205911,0.003928486,0.00067107176,-0.0037551387,-0.0042979685,-0.00013051167,-0.00088900776,0.0007236898,0.001010979,-0.0057775243,0.0004263462,-0.0012795677,-0.04061782859207336
2025-01-02,AJBU,0.0053878436,0.00024009464,0.006039507,0.0023305234,0.00011097804,-0.0006967877,-0.0023946883,-8.287818e-05,-0.00093424733,-0.002357845,-0.0023776784,0.00018869157,-0.00091258273,-0.0049412814,-0.00088273844,-0.001472538,-0.008765573072517008
2025-01-02,BUOU,-0.00034851884,0.00036588797,0.004552144,0.00050402415,0.00030108853,0.0067092464,0.00617733,0.00020287085,-0.0016854195,0.0028308488,-0.00051640446,-0.00024456112,-0.0051127844,-0.00027794205,0.0012522215,-0.0015005127,0.010880809963131129
2025-01-10,M44U,-0.0070029977,-0.0008218036,0.004098644,0.0028179663,-0.00063816475,-2.7727558e-05,0.004356866,0.0012115535,0.0009549941,0.0022577862,-0.0017758368,-0.0020721364,-0.0021395425,-0.0010420482,0.0014080756,-0.0019780393,-0.017707602919060535
2025-01-17,A17U,0.00469204,0.00010769488,0.0002739258,-0.0011255537,-0.00011747207,-0.004733548,0.006192091,0.0026409645,-0.0008961604,0.0018556123,-0.0005097258,-0.0005645543,-0.0012027875,0.002239658,0.00028581757,-0.0012449296,0.009848397351889391
2025-01-20,N2IU,0.0016824151,9.0725865e-05,0.00509666,-0.00155463,0.000745276,0.0064821406,0.0043873503,0.00046367128,-7.947538e-05,0.004652289,0.0027424104,-0.0018415402,-0.00095488864,-0.00031087195,0.00094694237,-0.0009409974,0.029409920290240393
2025-01-21,BUOU,0.0002710569,-0.0002785506,-0.0024452216,-0.00083371595,0.0003320023,0.0001923491,0.0046131657,0.0054084035,-0.00027545108,0.003919099,-0.0039898497,-0.00064109697,-0.0023960192,0.0005093187,-0.0012676079,0.0011087288,0.01977371866242395
2025-01-23,C38U,0.0024813982,0.00058700395,0.0026837026,-0.00020989128,0.00070074433,0.0013899595,0.0029505114,0.00016362636,-0.0008815616,0.0020670702,0.0008731063,-0.002160615,0.0005953242,0.0018617201,0.0024491411,0.0007693878,0.04969403418510046
2025-02-03,AJBU,0.0048181904,0.00015594882,0.0006431663,0.00078741746,-0.00021355027,-0.00527032,0.003143573,0.00016718986,-0.0007935589,0.0019529143,0.0015696023,0.00020611542,0.00071560463,0.0036179663,0.0030514833,0.002668527,-0.00820787779054083
2025-02-04,BUOU,-0.006356013,-0.0007237248,-0.0012517963,-0.0034562906,-0.00019334469,-0.004994952,0.003067647,0.00037760206,0.00063277286,0.0017284432,-0.003337823,0.0001353866,-0.0014384051,0.0021522287,-0.0017518412,0.0020503602,-0.012569216018828998
2025-02-05,J69U,0.00053156633,0.00037577152,-0.004556982,0.0013223677,2.3073203e-06,-0.006094285,0.007175857,0.0040586223,0.00022543293,0.0011165108,-0.0013600719,0.0015135327,-0.0005807791,0.002531184,0.001349615,0.0017164767,-0.013700779032380851
2025-02-07,ME8U,-0.005644117,-0.0005992243,0.00078782166,-0.0011671219,0.0005678378,0.00019324638,0.0011938934,0.004406417,-0.00022205494,0.0001362511,0.0013454388,0.0011243797,0.0005004054,-0.0008245235,0.0010404452,0.0013515364,-0.01945687831308103
2025-02-10,AJBU,-0.0016074473,0.00070234784,0.0021897948,0.001617281,-6.329883e-05,-0.0026911204,-0.00496616,-0.006091382,-0.00085276,-0.0022212707,-0.0007116002,0.0018652931,-0.0011305258,0.00045281128,0.0029855182,-0.0020613554,-0.030177453763372487
2025-02-11,A17U,9.236e-05,0.00055789197,-0.0030469624,0.0034828866,0.0016086269,0.0024574867,0.0019277978,0.00022869444,0.0006097762,0.0007337338,-0.0011585976,0.0006182459,0.00072414754,0.0033743232,0.0016215533,-0.0010729858,-0.024598191747352907
2025-02-12,J69U,0.00075105607,0.000581813,0.0027345303,0.0002663817,0.00078985124,0.000583092,0.003093708,0.0053237337,0.00030556385,0.002132467,0.00091442605,0.0012546262,0.00046365868,0.0022383817,0.0053554396,-0.000750307,0.03585497168895935
2025-02-13,T82U,-0.0015994783,0.0005675653,0.0033488492,-2.2073345e-06,-0.00064147706,0.00241391,-0.001709108,-0.0063498532,-0.0024988004,-0.0019481556,-0.0010757524,5.0737275e-05,-0.0023482067,-0.00052170025,0.001554434,-0.00224738,-0.028084948575627874
2025-02-24,N2IU,-0.00095218915,0.00026490417,-0.0019991363,-0.0026219697,0.0025421646,0.00025060982,0.0057797153,-0.00064066064,-0.0003242278,0.0041483315,-0.0010741653,0.0020439585,-0.0006450354,0.00034801057,0.00080444105,0.00063655264,0.008017904508336442
2025-02-28,M44U,-0.002591131,-0.00013112131,-0.0037407633,-0.0024659405,0.0021073886,-0.00044764928,0.0024154321,-0.00037780276,-0.0013517729,0.0005194763,-0.0011138491,0.0017600869,0.0012080538,-0.008746933,0.00040394143,0.0018128499,0.00972406594226051
2025-03-03,T82U,0.00071485736,0.00031604365,0.001430043,0.0016691082,-0.0015039159,0.0034075934,-0.003941644,-0.0051243883,-0.0018029957,-0.0014792113,0.0011158825,0.0013162881,0.0012173614,-0.0046481956,0.0023192118,0.0005768755,0.00663793752420886
2025-03-04,N2IU,0.0011241789,-0.00019421804,-0.001715938,0.004018893,0.001593543,0.0008044329,0.0025580148,-0.00012883914,0.00021375297,0.00042201506,-0.0015897687,0.0017906541,0.0006164389,-0.007968773,-0.0011417653,0.0012898579,-0.011735485698084233
2025-03-05,C38U,0.005802397,-0.000116323165,-0.0032706833,0.0037732108,0.0013777935,-0.0021346658,-0.00047981733,0.0033683304,0.0028365417,-0.0006826872,-0.0008813384,0.0010414569,0.00085035997,-0.0018891847,0.0005856369,0.0011801486,0.024504811375823457
2025-03-10,AJBU,-0.0045288075,-0.0004942082,0.0037252912,-0.00085540256,0.0014516971,0.0025089595,0.004924764,0.000155962,-0.00039392296,0.0013423195,0.0022523783,0.0034959472,0.001009324,-0.005681973,0.0036015862,-0.00017471105,0.012798620980304626
2025-03-12,C38U,0.012325669,0.0025462063,-0.0020644295,0.00078076456,0.00076004333,0.0027779404,-0.00642941,0.0049756393,0.002796812,-0.0002236163,-0.0021045257,0.0007891309,0.00095931225,0.003491264,0.0023787122,-0.0021746191,0.04874036413593355
2025-03-13,C38U,0.009572616,0.0024462154,-0.0025188217,4.576963e-05,0.0013044327,-0.00036356118,-0.004609979,0.0045887907,0.0028326283,0.00019211418,-0.0018514339,-0.00019789799,0.0016324128,0.0021089842,0.0022022224,-0.00086662703,0.03768216505138239
2025-03-14,J69U,0.0017198416,0.00037975717,-0.0056628506,-0.0017180755,0.002552689,9.629752e-05,0.0038396898,0.0016334894,0.0007239707,9.122814e-07,-0.0015036999,-0.00030928187,0.0017452667,0.003472927,0.0016264842,0.00030755036,0.029406732511255956
2025-03-20,ME8U,-0.011456193,-0.0007116336,0.0016713586,-0.00017923016,0.0015108174,0.00011166995,0.006767525,0.003178967,0.0011456689,0.0032241542,-0.0008870031,-0.0019096304,0.0031795462,0.0014648231,0.0011375195,0.00062456453,0.006007637109264701
2025-03-25,N2IU,-0.0006490805,0.00070790306,-0.0009214263,-0.001999127,-0.0009640962,-0.0058470704,-0.0063651428,0.0047215107,-0.00050742365,-0.0025868223,0.002256591,-0.00018588215,0.0017336059,0.0015208394,-0.00022393385,-0.0009197454,0.01382397247312115
2025-04-01,AJBU,0.001483446,-0.00030580032,0.0052135694,-0.0033656426,-0.00069521024,0.005661404,-0.0029023674,-0.0034089216,0.0012726308,0.00043404257,-0.00041314753,-0.00024845204,0.0028421432,-0.00068529515,0.002995946,0.0033719195,0.04958330894125251
2025-04-02,A17U,0.00059766765,-0.0004987963,0.00055192545,-0.0012507552,0.00020347314,-0.0066680294,-0.003941422,0.0002625071,-0.00040460896,-0.0033272232,-0.0005541053,-0.00013605658,0.00081496953,0.0023829313,0.0037616994,-0.00011700265,0.01153109187929937
2025-04-03,ME8U,-0.009659067,-0.00079063326,-0.004971424,-0.00368306,0.0011688954,-0.003636031,0.0018775724,-0.0019618103,-0.00041136044,0.0011056813,-0.0039795632,-0.0026691766,0.0029157742,0.0012940987,-0.001840413,0.00046494222,-0.014945163524511286
2025-04-04,AJBU,-0.00014520818,-0.0005603362,0.0019978248,-0.0022476257,-0.0010308588,0.004268587,0.0010108447,0.0056045977,0.0005374787,0.0005758681,0.0019967498,-0.001001989,0.000887127,-0.00010286653,0.0046205646,0.002965906,0.05474655817709509
2025-04-10,M44U,-0.002775462,-0.0011032642,0.009297358,-0.0049772523,-0.001891011,0.0021762773,-0.01185266,-0.0045631514,-0.0015073519,-0.0016192236,-0.00026236987,-0.00013212669,-0.00034978244,-0.0022432765,-0.0018420364,0.0027002937,-0.015147971723545484
2025-04-10,N2IU,0.0010965765,0.0007493948,0.0019799434,0.00078402256,-0.00022827214,0.0013351255,-0.013345168,0.002197312,0.00017748572,-0.00074000773,-8.347636e-05,-0.0022587518,-0.002129021,-0.0008639963,-0.0011665168,0.00042623942,0.02178686692241022
2025-04-11,M1GU,5.2160278e-05,-0.0009632121,0.013367894,-0.0011195012,0.0005749247,-0.000802241,0.0045801275,0.00084289344,-0.0021619543,0.00074900856,0.0012198167,-0.0012299232,0.0027044963,0.0065388735,0.0033766602,0.000457934,0.07151072386288496
2025-04-11,N2IU,-0.00052248745,0.00045401856,-0.00521669,0.00055750005,-0.00059792696,-0.0031302643,-0.013504459,0.00016615028,-0.00051190984,-0.002962709,-0.00096492446,-0.0039067985,-0.0026325113,-0.00064941583,-0.0004741249,0.001715378,0.0037931228829041555
2025-04-15,M44U,-0.001679852,-0.001476465,0.0008283097,-0.0041064806,-0.0018358559,-0.0018158967,-0.012167691,-0.0038972695,-0.0015028729,-0.002730884,-0.0004933786,0.0008314071,-0.00081722415,-0.0023234298,-0.0038734102,0.001856619,-0.05992286726250177
2025-04-16,A17U,0.0015775951,0.00032198275,-0.0016993143,0.001993579,0.0023816843,0.0009824203,0.009207887,-0.0017677107,-0.000247144,0.002147911,-0.00033774774,-0.001011367,-0.00036843133,-0.0008301258,0.0010594041,0.0015413486,-0.015431526095214382
2025-04-17,M1GU,-0.0009230897,0.0006504951,0.0026998685,0.002213257,0.0013918383,-0.0017192912,0.016757773,-0.002535179,-0.0003420858,0.0026949097,0.0012835965,0.0027091252,-0.0016579502,0.005849393,-0.0006969198,0.00034111223,0.04392389946574588
2025-04-22,A17U,0.00074415794,0.00016841048,0.00021512368,0.0029848858,0.00050604297,0.003301831,0.0034421615,0.0028007892,-0.0009044313,0.00068054494,-0.0022172064,-0.0007539673,-3.3287703e-05,-0.0024665948,-0.0009803427,0.00049724954,-0.00519150738706496
2025-04-22,N2IU,-0.003640281,-0.0006139563,-0.003020936,0.0005651584,-0.002086242,-0.009123877,-0.015736701,0.0023495595,-0.0014849569,-0.0052413135,-0.002577597,-0.0023438518,-0.0019318035,-0.005413338,-0.0052893455,-0.0016447484,-0.026095444551016644
2025-04-25,C38U,0.0047288383,2.8375609e-05,-0.0018633928,0.0031686407,-0.00044734025,0.004217566,-0.017253809,-0.0022365854,-0.0009772623,-0.002135648,-0.0019193572,-0.0017675133,-0.0012343462,-0.0046060286,-0.0035694323,-0.0023048255,-0.015039793185067204
2025-05-09,M1GU,0.0076100007,0.0003909855,-0.00018674195,0.0027966953,0.0027877046,-0.001366273,0.014442339,-0.0045919823,0.00088258804,0.004851598,-3.2650998e-05,-0.0002786462,-0.0014877049,0.004376394,0.0031817383,-5.75749e-05,0.09498038536717983
2025-05-13,A17U,0.0012921143,-0.0013207943,-0.0041768,0.0010247177,-0.0023628578,0.0007350623,-0.0175341,-0.0036267955,-0.00012367297,-0.003038808,-0.0014206262,0.002710252,0.00033792396,0.00050738326,-0.0026579285,-0.0021669623,-0.01851078531237161
2025-05-15,N2IU,0.005092948,0.00013135692,-0.00057075813,-0.00059628906,0.00017440235,-0.004726573,0.00017908873,-0.0020302588,-0.0003671411,-8.6747394e-05,-5.693554e-05,-0.00235418,-0.001903357,0.00299978,-0.003174223,0.0015239868,-0.021345742205663893
2025-05-22,A17U,0.001893803,0.000657184,-0.0035009317,0.0019346079,-0.00040848405,-0.0028401718,-0.012195533,0.0023123065,-0.00023120295,-0.003783736,-0.0007870439,-0.00073781546,-0.00018098963,0.0016031156,-0.005854365,0.0021756932,-0.02937684673615209
2025-05-22,M1GU,0.001266209,-0.0010516212,0.0015841485,0.0036496348,0.001835158,0.0059552696,0.0094947545,-0.0015285772,0.0017766609,0.0028011603,-0.0005468538,0.00027479322,0.0014051609,0.001957115,0.003177586,0.0035260806,0.06746121651800185
2025-05-29,T82U,-0.0010647036,0.00033022894,-0.0023372513,-0.00015153334,-0.00059666735,-0.005361953,0.0009910861,-0.0003041413,2.201906e-05,-0.0012406663,-0.0013679336,-0.00081130763,3.4076696e-05,-0.0017823266,-0.0036596935,0.002413359,-0.04664807439292506
2025-05-30,BUOU,-0.00436314,0.0005028162,0.012461191,0.00039592074,0.002755936,0.0034458207,0.0014942233,0.0021812092,0.0015922398,0.0013551534,0.00022569514,-0.00011186812,-0.0006833169,-0.0019824496,-0.002069241,-0.00038467548,0.020063990867090015
2025-06-04,BUOU,-0.005944702,0.00034373082,0.013745477,-0.0011259438,0.0023334846,0.0050267647,-0.0010796229,-0.0016508554,0.0010355606,-0.00023794326,-0.00012736235,0.0019345869,-0.0018225601,-0.0022418324,-0.002071389,0.0011083749,0.022296374969001692
2025-06-06,C38U,0.0022526605,0.00047091246,0.0016159709,1.0547603e-05,0.003035638,-0.0029716548,0.004841672,-0.0033370596,-0.0012089824,-0.00071394595,0.0008849411,0.00069109665,0.00010704499,6.200076e-05,-0.0032152953,-0.0015732866,0.013425943939211135
2025-06-19,M44U,-0.002120346,-0.0007960131,-0.0042206575,-0.0013876074,-0.0003008793,-0.0036773793,0.010206977,0.000998095,-0.0010868876,0.0017482254,-0.0047959886,-0.00080588384,-0.000789769,-0.004564652,-0.0025760105,-0.0031319184,-0.01204524218417764
2025-07-09,M1GU,0.0043636034,0.00042545388,0.0039000616,0.0022630375,0.0017387865,0.00091634213,-0.009853515,-0.0021881624,-0.0011635097,-0.0026944298,0.0002554639,-0.0011776804,0.0024084903,-0.0008514663,-0.0055804746,0.0007040811,-0.0036410364128725836
2025-07-14,M1GU,0.0042356383,-0.00068914826,0.0046447036,0.002671479,0.0017986792,-0.0053467574,-0.0056237844,-9.748877e-05,-0.0019756749,-0.003299752,-0.0013290748,-0.00029122274,0.0024453958,-0.0019528931,0.0031920443,0.00095279096,-0.006372414329667007
2025-07-15,AJBU,0.0014882433,0.0008674785,0.012309564,0.0017250793,0.0037448832,0.0018144703,-0.005891675,-0.0025823824,-0.0036360256,-0.0022745598,-0.00062152254,0.00083317223,0.0026788346,-0.0033154152,0.0029257445,0.0024937233,0.011465325148663986
2025-07-17,T82U,-0.0015955571,0.00099094,0.006276806,0.0014211542,0.0020052015,0.0073021445,0.008102317,0.0033038324,-3.6693786e-05,0.006613593,0.0025152394,-0.00011271692,0.0040629758,-0.00044687258,0.0024729841,0.0042385915,0.09342867954757766
2025-07-22,M44U,-0.0060216216,-0.0006750621,-0.007336496,-0.0018013659,0.0012413525,-0.0033614142,-0.0020781965,0.0011285484,-0.000262147,0.0030702264,-0.0013433229,-0.0015873158,0.0006245572,0.0005535811,0.0016385225,0.00048354187,-0.030072280487322627
2025-07-22,ME8U,-0.0051800953,-0.00079838,-0.0063791387,-0.0020311875,-0.00038374905,-0.0033696035,-0.0011901306,-0.00013719643,-0.0009177871,0.0038587926,-0.0022375223,-0.0019713764,0.0008465388,-0.00044980185,9.328412e-05,0.00076414074,-0.028432384965192653
2025-07-25,J69U,-0.006089431,0.00050553674,0.0013857658,-0.00046420807,0.0028770834,0.0004804893,-0.00089998747,0.001528664,-0.00015892579,0.0055001597,-0.0010275737,-0.0021118983,0.0019053668,0.001169016,0.0021144187,0.00095529144,0.02528324646330536
2025-07-25,T82U,-0.0014145817,-0.00091038214,-0.002339752,-0.001382155,0.0014030478,-0.0008606213,0.008970711,0.004316653,0.0006090485,0.0043304698,0.0007835028,0.0006714229,0.00408621,-0.001213208,0.0011074861,0.0020944467,0.07315408328899371
