value_date,sora_3m
2007-01-03,3.2889
2007-01-04,3.2886
2007-01-05,3.2913
2007-01-08,3.2914
2007-01-09,3.2904
2007-01-10,3.2886
2007-01-11,3.2847
2007-01-12,3.2746
2007-01-15,3.271
2007-01-16,3.2646
2007-01-17,3.2576
2007-01-18,3.2528
2007-01-19,3.2407
2007-01-22,3.2376
2007-01-23,3.2354
2007-01-24,3.2334
2007-01-25,3.231
2007-01-26,3.2177
2007-01-29,3.2136
2007-01-30,3.2095
2007-01-31,3.205
2007-02-01,3.2012
2007-02-02,3.1889
2007-02-05,3.185
2007-02-06,3.1819
2007-02-07,3.1795
2007-02-08,3.1768
2007-02-09,3.1733
2007-02-12,3.1728
2007-02-13,3.1717
2007-02-14,3.1708
2007-02-15,3.1707
2007-02-16,3.1606
2007-02-21,3.1593
2007-02-22,3.1586
2007-02-23,3.1566
2007-02-26,3.1544
2007-02-27,3.1495
2007-02-28,3.1456
2007-03-01,3.1448
2007-03-02,3.1403
2007-03-05,3.1357
2007-03-06,3.1265
2007-03-07,3.115
2007-03-08,3.1039
2007-03-09,3.0708
2007-03-12,3.0579
2007-03-13,3.0445
2007-03-14,3.0288
2007-03-15,3.0151
2007-03-16,3.0023
2007-03-19,2.9995
2007-03-20,2.9966
2007-03-21,2.993
2007-03-22,2.9891
2007-03-23,2.9811
2007-03-26,2.9766
2007-03-27,2.9688
2007-03-28,2.9552
2007-03-29,2.9446
2007-03-30,2.9207
2007-04-02,2.9104
2007-04-03,2.9041
2007-04-04,2.8968
2007-04-05,2.8743
2007-04-09,2.8679
2007-04-10,2.8591
2007-04-11,2.8498
2007-04-12,2.8406
2007-04-13,2.8137
2007-04-16,2.8067
2007-04-17,2.7963
2007-04-18,2.7828
2007-04-19,2.771
2007-04-20,2.7421
2007-04-23,2.7336
2007-04-24,2.7256
2007-04-25,2.7183
2007-04-26,2.7101
2007-04-27,2.6864
2007-04-30,2.6611
2007-05-02,2.6527
2007-05-03,2.6453
2007-05-04,2.6249
2007-05-07,2.6176
2007-05-08,2.6095
2007-05-09,2.6002
2007-05-10,2.5904
2007-05-11,2.5615
2007-05-14,2.5529
2007-05-15,2.5408
2007-05-16,2.5277
2007-05-17,2.5134
2007-05-18,2.4669
2007-05-21,2.4518
2007-05-22,2.437
2007-05-23,2.4267
2007-05-24,2.4157
2007-05-25,2.3889
2007-05-28,2.3852
2007-05-29,2.3814
2007-05-30,2.3771
2007-06-01,2.3538
2007-06-04,2.345
2007-06-05,2.3385
2007-06-06,2.336
2007-06-07,2.3358
2007-06-08,2.3359
2007-06-11,2.3365
2007-06-12,2.3403
2007-06-13,2.3457
2007-06-14,2.3514
2007-06-15,2.3377
2007-06-18,2.329
2007-06-19,2.319
2007-06-20,2.311
2007-06-21,2.3042
2007-06-22,2.2841
2007-06-25,2.2755
2007-06-26,2.2684
2007-06-27,2.2639
2007-06-28,2.2641
2007-06-29,2.2379
2007-07-02,2.2304
2007-07-03,2.2253
2007-07-04,2.2218
2007-07-05,2.2185
2007-07-06,2.2079
2007-07-09,2.2044
2007-07-10,2.2023
2007-07-11,2.2015
2007-07-12,2.2009
2007-07-13,2.1997
2007-07-16,2.1996
2007-07-17,2.2026
2007-07-18,2.2072
2007-07-19,2.2113
2007-07-20,2.2175
2007-07-23,2.217
2007-07-24,2.216
2007-07-25,2.2138
2007-07-26,2.2123
2007-07-27,2.2047
2007-07-30,2.2058
2007-07-31,2.2052
2007-08-01,2.2041
2007-08-02,2.205
2007-08-03,2.1999
2007-08-06,2.1975
2007-08-07,2.1953
2007-08-08,2.1937
2007-08-10,2.2016
2007-08-13,2.2042
2007-08-14,2.2051
2007-08-15,2.2088
2007-08-16,2.2171
2007-08-17,2.2428
2007-08-20,2.2507
2007-08-21,2.2564
2007-08-22,2.2599
2007-08-23,2.2593
2007-08-24,2.2631
2007-08-27,2.2644
2007-08-28,2.2662
2007-08-29,2.266
2007-08-30,2.2653
2007-08-31,2.2695
2007-09-03,2.273
2007-09-04,2.2748
2007-09-05,2.2774
2007-09-06,2.2814
2007-09-07,2.2907
2007-09-10,2.292
2007-09-11,2.2929
2007-09-12,2.2893
2007-09-13,2.2865
2007-09-14,2.2791
2007-09-17,2.2769
2007-09-18,2.2765
2007-09-19,2.2777
2007-09-20,2.2771
2007-09-21,2.2775
2007-09-24,2.2769
2007-09-25,2.2784
2007-09-26,2.2793
2007-09-27,2.2806
2007-09-28,2.2837
2007-10-01,2.2823
2007-10-02,2.2825
2007-10-03,2.282
2007-10-04,2.2805
2007-10-05,2.2736
2007-10-08,2.2719
2007-10-09,2.2713
2007-10-10,2.271
2007-10-11,2.2696
2007-10-12,2.2653
2007-10-15,2.2645
2007-10-16,2.2648
2007-10-17,2.2671
2007-10-18,2.2698
2007-10-19,2.2759
2007-10-22,2.2765
2007-10-23,2.2757
2007-10-24,2.2697
2007-10-25,2.2657
2007-10-26,2.26
2007-10-29,2.259
2007-10-30,2.2585
2007-10-31,2.2575
2007-11-01,2.2569
2007-11-02,2.2565
2007-11-05,2.2539
2007-11-06,2.2449
2007-11-07,2.2126
2007-11-09,2.1919
2007-11-12,2.187
2007-11-13,2.1809
2007-11-14,2.1741
2007-11-15,2.1668
2007-11-16,2.135
2007-11-19,2.1249
2007-11-20,2.1159
2007-11-21,2.1088
2007-11-22,2.1055
2007-11-23,2.0965
2007-11-26,2.0911
2007-11-27,2.084
2007-11-28,2.0736
2007-11-29,2.0625
2007-11-30,2.0178
2007-12-03,1.9989
2007-12-04,1.9817
2007-12-05,1.9625
2007-12-06,1.9455
2007-12-07,1.8972
2007-12-10,1.8818
2007-12-11,1.8669
2007-12-12,1.8566
2007-12-13,1.8479
2007-12-14,1.8324
2007-12-17,1.8267
2007-12-18,1.8145
2007-12-19,1.7793
2007-12-21,1.7285
2007-12-24,1.6942
2007-12-26,1.6777
2007-12-27,1.6597
2007-12-28,1.6103
2007-12-31,1.5836
2008-01-02,1.5713
2008-01-03,1.5584
2008-01-04,1.5133
2008-01-07,1.4984
2008-01-08,1.4838
2008-01-09,1.4705
2008-01-10,1.4564
2008-01-11,1.4215
2008-01-14,1.4103
2008-01-15,1.3994
2008-01-16,1.3885
2008-01-17,1.3759
2008-01-18,1.3409
2008-01-21,1.3296
2008-01-22,1.3199
2008-01-23,1.31
2008-01-24,1.3048
2008-01-25,1.2827
2008-01-28,1.276
2008-01-29,1.2718
2008-01-30,1.2665
2008-01-31,1.2604
2008-02-01,1.2404
2008-02-04,1.2325
2008-02-05,1.227
2008-02-06,1.2419
2008-02-11,1.237
2008-02-12,1.2295
2008-02-13,1.2208
2008-02-14,1.213
2008-02-15,1.1944
2008-02-18,1.1897
2008-02-19,1.1855
2008-02-20,1.1819
2008-02-21,1.1782
2008-02-22,1.157
2008-02-25,1.1489
2008-02-26,1.1425
2008-02-27,1.1358
2008-02-28,1.1335
2008-02-29,1.1332
2008-03-03,1.1356
2008-03-04,1.1391
2008-03-05,1.1453
2008-03-06,1.1459
2008-03-07,1.1318
2008-03-10,1.1264
2008-03-11,1.1198
2008-03-12,1.1124
2008-03-13,1.1026
2008-03-14,1.0664
2008-03-17,1.0577
2008-03-18,1.0558
2008-03-19,1.0598
2008-03-20,1.0743
2008-03-24,1.0792
2008-03-25,1.0834
2008-03-26,1.0838
2008-03-27,1.0838
2008-03-28,1.0867
2008-03-31,1.0839
2008-04-01,1.0799
2008-04-02,1.077
2008-04-03,1.0749
2008-04-04,1.0751
2008-04-07,1.0744
2008-04-08,1.0726
2008-04-09,1.0669
2008-04-10,1.0622
2008-04-11,1.0418
2008-04-14,1.0336
2008-04-15,1.0245
2008-04-16,1.0152
2008-04-17,1.0035
2008-04-18,0.9612
2008-04-21,0.9472
2008-04-22,0.9322
2008-04-23,0.9193
2008-04-24,0.9101
2008-04-25,0.8896
2008-04-28,0.8854
2008-04-29,0.8773
2008-04-30,0.8531
2008-05-02,0.8257
2008-05-05,0.8155
2008-05-06,0.8042
2008-05-07,0.7919
2008-05-08,0.7816
2008-05-09,0.7584
2008-05-12,0.7526
2008-05-13,0.7489
2008-05-14,0.7461
2008-05-15,0.7401
2008-05-16,0.7115
2008-05-20,0.7026
2008-05-21,0.6928
2008-05-22,0.6863
2008-05-23,0.6737
2008-05-26,0.669
2008-05-27,0.6652
2008-05-28,0.6594
2008-05-29,0.658
2008-05-30,0.6457
2008-06-02,0.6381
2008-06-03,0.6293
2008-06-04,0.62
2008-06-05,0.6122
2008-06-06,0.6014
2008-06-09,0.5991
2008-06-10,0.5986
2008-06-11,0.5982
2008-06-12,0.5975
2008-06-13,0.5912
2008-06-16,0.588
2008-06-17,0.5803
2008-06-18,0.5724
2008-06-19,0.566
2008-06-20,0.5449
2008-06-23,0.5378
2008-06-24,0.5285
2008-06-25,0.5202
2008-06-26,0.5153
2008-06-27,0.513
2008-06-30,0.5125
2008-07-01,0.5089
2008-07-02,0.5049
2008-07-03,0.5022
2008-07-04,0.4919
2008-07-07,0.4883
2008-07-08,0.4855
2008-07-09,0.4851
2008-07-10,0.484
2008-07-11,0.4803
2008-07-14,0.4797
2008-07-15,0.4789
2008-07-16,0.4766
2008-07-17,0.4775
2008-07-18,0.4831
2008-07-21,0.4847
2008-07-22,0.4881
2008-07-23,0.492
2008-07-24,0.4921
2008-07-25,0.4801
2008-07-28,0.4711
2008-07-29,0.462
2008-07-30,0.4588
2008-07-31,0.4498
2008-08-01,0.4297
2008-08-04,0.4237
2008-08-05,0.4197
2008-08-06,0.4172
2008-08-07,0.4162
2008-08-08,0.4087
2008-08-11,0.4069
2008-08-12,0.4054
2008-08-13,0.4046
2008-08-14,0.4048
2008-08-15,0.4212
2008-08-18,0.4241
2008-08-19,0.426
2008-08-20,0.4273
2008-08-21,0.431
2008-08-22,0.4286
2008-08-25,0.4263
2008-08-26,0.4247
2008-08-27,0.4245
2008-08-28,0.4262
2008-08-29,0.4307
2008-09-01,0.4302
2008-09-02,0.4326
2008-09-03,0.4367
2008-09-04,0.4424
2008-09-05,0.4581
2008-09-08,0.4638
2008-09-09,0.4692
2008-09-10,0.4743
2008-09-11,0.4813
2008-09-12,0.5038
2008-09-15,0.5115
2008-09-16,0.5225
2008-09-17,0.5361
2008-09-18,0.5515
2008-09-19,0.5866
2008-09-22,0.5991
2008-09-23,0.6133
2008-09-24,0.6275
2008-09-25,0.643
2008-09-26,0.6818
2008-09-29,0.6927
2008-09-30,0.7137
2008-10-02,0.7241
2008-10-03,0.7377
2008-10-06,0.7422
2008-10-07,0.7451
2008-10-08,0.7488
2008-10-09,0.7506
2008-10-10,0.7522
2008-10-13,0.7546
2008-10-14,0.7584
2008-10-15,0.7611
2008-10-16,0.7638
2008-10-17,0.7657
2008-10-20,0.7657
2008-10-21,0.7644
2008-10-22,0.7611
2008-10-23,0.7574
2008-10-24,0.7548
2008-10-28,0.7568
2008-10-29,0.7636
2008-10-30,0.7688
2008-10-31,0.7723
2008-11-03,0.7714
2008-11-04,0.7692
2008-11-05,0.7668
2008-11-06,0.7637
2008-11-07,0.7516
2008-11-10,0.7481
2008-11-11,0.7473
2008-11-12,0.7471
2008-11-13,0.7481
2008-11-14,0.7407
2008-11-17,0.7353
2008-11-18,0.7304
2008-11-19,0.7272
2008-11-20,0.7254
2008-11-21,0.7186
2008-11-24,0.7176
2008-11-25,0.7169
2008-11-26,0.7163
2008-11-27,0.7149
2008-11-28,0.7117
2008-12-01,0.7113
2008-12-02,0.7097
2008-12-03,0.7065
2008-12-04,0.7032
2008-12-05,0.6888
2008-12-09,0.6846
2008-12-10,0.68
2008-12-11,0.6725
2008-12-12,0.6493
2008-12-15,0.6407
2008-12-16,0.6297
2008-12-17,0.618
2008-12-18,0.6042
2008-12-19,0.5735
2008-12-22,0.5627
2008-12-23,0.5501
2008-12-24,0.5244
2008-12-26,0.4815
2008-12-29,0.4683
2008-12-30,0.4664
2008-12-31,0.4392
2009-01-02,0.4165
2009-01-05,0.4099
2009-01-06,0.4024
2009-01-07,0.3968
2009-01-08,0.3897
2009-01-09,0.3768
2009-01-12,0.373
2009-01-13,0.3673
2009-01-14,0.3608
2009-01-15,0.3557
2009-01-16,0.3462
2009-01-19,0.3428
2009-01-20,0.3397
2009-01-21,0.338
2009-01-22,0.3371
2009-01-23,0.3283
2009-01-28,0.3248
2009-01-29,0.3175
2009-01-30,0.3089
2009-02-02,0.3059
2009-02-03,0.3049
2009-02-04,0.305
2009-02-05,0.3057
2009-02-06,0.305
2009-02-09,0.3048
2009-02-10,0.3034
2009-02-11,0.2981
2009-02-12,0.2915
2009-02-13,0.2728
2009-02-16,0.2674
2009-02-17,0.2647
2009-02-18,0.2641
2009-02-19,0.2628
2009-02-20,0.2568
2009-02-23,0.255
2009-02-24,0.2517
2009-02-25,0.2478
2009-02-26,0.2449
2009-02-27,0.2298
2009-03-02,0.2277
2009-03-03,0.2259
2009-03-04,0.2229
2009-03-05,0.2192
2009-03-06,0.2081
2009-03-09,0.2042
2009-03-10,0.2005
2009-03-11,0.1986
2009-03-12,0.1972
2009-03-13,0.1983
2009-03-16,0.2007
2009-03-17,0.2045
2009-03-18,0.2081
2009-03-19,0.2097
2009-03-20,0.2042
2009-03-23,0.2016
2009-03-24,0.1991
2009-03-25,0.1973
2009-03-26,0.1984
2009-03-27,0.2023
2009-03-30,0.2026
2009-03-31,0.2047
2009-04-01,0.2054
2009-04-02,0.2049
2009-04-03,0.2
2009-04-06,0.1994
2009-04-07,0.1989
2009-04-08,0.1985
2009-04-09,0.2001
2009-04-13,0.2007
2009-04-14,0.2015
2009-04-15,0.2038
2009-04-16,0.2078
2009-04-17,0.2082
2009-04-20,0.209
2009-04-21,0.209
2009-04-22,0.2088
2009-04-23,0.2082
2009-04-24,0.2063
2009-04-27,0.2055
2009-04-28,0.2045
2009-04-29,0.2034
2009-04-30,0.1974
2009-05-04,0.1969
2009-05-05,0.1959
2009-05-06,0.1955
2009-05-07,0.1953
2009-05-08,0.1946
2009-05-11,0.1942
2009-05-12,0.1936
2009-05-13,0.1925
2009-05-14,0.1913
2009-05-15,0.1867
2009-05-18,0.1854
2009-05-19,0.1848
2009-05-20,0.1833
2009-05-21,0.1831
2009-05-22,0.179
2009-05-25,0.1781
2009-05-26,0.1764
2009-05-27,0.1743
2009-05-28,0.1729
2009-05-29,0.1683
2009-06-01,0.166
2009-06-02,0.1641
2009-06-03,0.1632
2009-06-04,0.1655
2009-06-05,0.1742
2009-06-08,0.1743
2009-06-09,0.1747
2009-06-10,0.1754
2009-06-11,0.1753
2009-06-12,0.1694
2009-06-15,0.1669
2009-06-16,0.1627
2009-06-17,0.1571
2009-06-18,0.1511
2009-06-19,0.1405
2009-06-22,0.1387
2009-06-23,0.1375
2009-06-24,0.1369
2009-06-25,0.1354
2009-06-26,0.1276
2009-06-29,0.1269
2009-06-30,0.1232
2009-07-01,0.121
2009-07-02,0.1199
2009-07-03,0.1202
2009-07-06,0.1206
2009-07-07,0.1211
2009-07-08,0.1217
2009-07-09,0.1214
2009-07-10,0.1205
2009-07-13,0.1202
2009-07-14,0.1191
2009-07-15,0.1164
2009-07-16,0.1123
2009-07-17,0.1116
2009-07-20,0.1116
2009-07-21,0.1121
2009-07-22,0.1127
2009-07-23,0.1131
2009-07-24,0.1158
2009-07-27,0.1171
2009-07-28,0.119
2009-07-29,0.121
2009-07-30,0.1224
2009-07-31,0.135
2009-08-03,0.1397
2009-08-04,0.1441
2009-08-05,0.1475
2009-08-06,0.1511
2009-08-07,0.1627
2009-08-11,0.1662
2009-08-12,0.1673
2009-08-13,0.1683
2009-08-14,0.1718
2009-08-17,0.1727
2009-08-18,0.1732
2009-08-19,0.1731
2009-08-20,0.1735
2009-08-21,0.1731
2009-08-24,0.1736
2009-08-25,0.1748
2009-08-26,0.1765
2009-08-27,0.1789
2009-08-28,0.188
2009-08-31,0.1919
2009-09-01,0.194
2009-09-02,0.1969
2009-09-03,0.1991
2009-09-04,0.1944
2009-09-07,0.1914
2009-09-08,0.1915
2009-09-09,0.191
2009-09-10,0.1909
2009-09-11,0.1931
2009-09-14,0.1934
2009-09-15,0.194
2009-09-16,0.1947
2009-09-17,0.1952
2009-09-18,0.1989
2009-09-22,0.2
2009-09-23,0.2023
2009-09-24,0.2042
2009-09-25,0.2069
2009-09-28,0.2074
2009-09-29,0.2063
2009-09-30,0.2064
2009-10-01,0.2086
2009-10-02,0.2138
2009-10-05,0.2144
2009-10-06,0.2157
2009-10-07,0.2197
2009-10-08,0.2216
2009-10-09,0.2292
2009-10-12,0.2315
2009-10-13,0.2332
2009-10-14,0.235
2009-10-15,0.2369
2009-10-16,0.2429
2009-10-19,0.2447
2009-10-20,0.2465
2009-10-21,0.248
2009-10-22,0.2498
2009-10-23,0.2538
2009-10-26,0.2549
2009-10-27,0.2557
2009-10-28,0.2561
2009-10-29,0.2565
2009-10-30,0.2574
2009-11-02,0.2578
2009-11-03,0.2564
2009-11-04,0.254
2009-11-05,0.2533
2009-11-06,0.252
2009-11-09,0.251
2009-11-10,0.25
2009-11-11,0.2487
2009-11-12,0.2498
2009-11-13,0.2507
2009-11-16,0.2506
2009-11-17,0.2499
2009-11-18,0.2489
2009-11-19,0.2492
2009-11-20,0.2525
2009-11-23,0.2534
2009-11-24,0.2541
2009-11-25,0.2572
2009-11-26,0.2574
2009-11-30,0.2541
2009-12-01,0.2533
2009-12-02,0.2511
2009-12-03,0.2498
2009-12-04,0.2487
2009-12-07,0.249
2009-12-08,0.2489
2009-12-09,0.2495
2009-12-10,0.2492
2009-12-11,0.2463
2009-12-14,0.246
2009-12-15,0.2452
2009-12-16,0.2442
2009-12-17,0.2438
2009-12-18,0.2413
2009-12-21,0.2406
2009-12-22,0.2391
2009-12-23,0.2364
2009-12-24,0.2279
2009-12-28,0.2256
2009-12-29,0.2225
2009-12-30,0.2204
2009-12-31,0.2149
2010-01-04,0.2138
2010-01-05,0.2137
2010-01-06,0.2129
2010-01-07,0.2093
2010-01-08,0.2044
2010-01-11,0.2027
2010-01-12,0.201
2010-01-13,0.1997
2010-01-14,0.1978
2010-01-15,0.1932
2010-01-18,0.191
2010-01-19,0.19
2010-01-20,0.1889
2010-01-21,0.1878
2010-01-22,0.1837
2010-01-25,0.1824
2010-01-26,0.181
2010-01-27,0.1793
2010-01-28,0.1777
2010-01-29,0.1703
2010-02-01,0.1673
2010-02-02,0.1633
2010-02-03,0.1606
2010-02-04,0.1594
2010-02-05,0.1559
2010-02-08,0.154
2010-02-09,0.1529
2010-02-10,0.1513
2010-02-11,0.15
2010-02-12,0.1477
2010-02-17,0.1481
2010-02-18,0.1487
2010-02-19,0.1453
2010-02-22,0.1439
2010-02-23,0.1424
2010-02-24,0.1407
2010-02-25,0.1377
2010-02-26,0.1352
2010-03-01,0.1353
2010-03-02,0.1357
2010-03-03,0.1347
2010-03-04,0.1332
2010-03-05,0.1297
2010-03-08,0.1287
2010-03-09,0.1277
2010-03-10,0.127
2010-03-11,0.1273
2010-03-12,0.1288
2010-03-15,0.1293
2010-03-16,0.1296
2010-03-17,0.1295
2010-03-18,0.1294
2010-03-19,0.1294
2010-03-22,0.1293
2010-03-23,0.1292
2010-03-24,0.1289
2010-03-25,0.1295
2010-03-26,0.1307
2010-03-29,0.1315
2010-03-30,0.1323
2010-03-31,0.1326
2010-04-01,0.1373
2010-04-05,0.1374
2010-04-06,0.1374
2010-04-07,0.1365
2010-04-08,0.1362
2010-04-09,0.1336
2010-04-12,0.1333
2010-04-13,0.1325
2010-04-14,0.1324
2010-04-15,0.1316
2010-04-16,0.1299
2010-04-19,0.1291
2010-04-20,0.1283
2010-04-21,0.1272
2010-04-22,0.1263
2010-04-23,0.1236
2010-04-26,0.1231
2010-04-27,0.1237
2010-04-28,0.1249
2010-04-29,0.1248
2010-04-30,0.123
2010-05-03,0.1226
2010-05-04,0.1218
2010-05-05,0.1203
2010-05-06,0.1194
2010-05-07,0.1196
2010-05-10,0.1197
2010-05-11,0.1191
2010-05-12,0.1176
2010-05-13,0.1161
2010-05-14,0.1116
2010-05-17,0.1105
2010-05-18,0.1095
2010-05-19,0.1085
2010-05-20,0.1075
2010-05-21,0.1064
2010-05-24,0.1065
2010-05-25,0.106
2010-05-26,0.1055
2010-05-27,0.1076
2010-05-31,0.1054
2010-06-01,0.1042
2010-06-02,0.1032
2010-06-03,0.1037
2010-06-04,0.1089
2010-06-07,0.1108
2010-06-08,0.1133
2010-06-09,0.1157
2010-06-10,0.1165
2010-06-11,0.1161
2010-06-14,0.1158
2010-06-15,0.1155
2010-06-16,0.1154
2010-06-17,0.1154
2010-06-18,0.1173
2010-06-21,0.1169
2010-06-22,0.1165
2010-06-23,0.1159
2010-06-24,0.1158
2010-06-25,0.118
2010-06-28,0.118
2010-06-29,0.1179
2010-06-30,0.117
2010-07-01,0.1147
2010-07-02,0.108
2010-07-05,0.107
2010-07-06,0.1063
2010-07-07,0.1067
2010-07-08,0.1065
2010-07-09,0.1093
2010-07-12,0.1099
2010-07-13,0.1103
2010-07-14,0.1106
2010-07-15,0.1114
2010-07-16,0.1153
2010-07-19,0.1158
2010-07-20,0.1161
2010-07-21,0.1168
2010-07-22,0.1175
2010-07-23,0.1196
2010-07-26,0.1196
2010-07-27,0.119
2010-07-28,0.1181
2010-07-29,0.1186
2010-07-30,0.1218
2010-08-02,0.1223
2010-08-03,0.1223
2010-08-04,0.122
2010-08-05,0.1218
2010-08-06,0.1193
2010-08-10,0.1191
2010-08-11,0.1191
2010-08-12,0.1196
2010-08-13,0.1213
2010-08-16,0.1219
2010-08-17,0.1228
2010-08-18,0.1235
2010-08-19,0.1244
2010-08-20,0.1252
2010-08-23,0.1255
2010-08-24,0.1256
2010-08-25,0.1251
2010-08-26,0.1242
2010-08-27,0.1224
2010-08-30,0.1218
2010-08-31,0.1224
2010-09-01,0.1228
2010-09-02,0.1236
2010-09-03,0.1192
2010-09-06,0.1171
2010-09-07,0.1151
2010-09-08,0.1127
2010-09-09,0.1098
2010-09-13,0.1101
2010-09-14,0.1105
2010-09-15,0.111
2010-09-16,0.1118
2010-09-17,0.1138
2010-09-20,0.114
2010-09-21,0.1158
2010-09-22,0.1178
2010-09-23,0.1188
2010-09-24,0.116
2010-09-27,0.1146
2010-09-28,0.1139
2010-09-29,0.1137
2010-09-30,0.1139
2010-10-01,0.1146
2010-10-04,0.1145
2010-10-05,0.1144
2010-10-06,0.1141
2010-10-07,0.1135
2010-10-08,0.1103
2010-10-11,0.1091
2010-10-12,0.108
2010-10-13,0.1074
2010-10-14,0.1069
2010-10-15,0.1064
2010-10-18,0.1066
2010-10-19,0.1064
2010-10-20,0.1064
2010-10-21,0.106
2010-10-22,0.1047
2010-10-25,0.1041
2010-10-26,0.1041
2010-10-27,0.1039
2010-10-28,0.1033
2010-10-29,0.0997
2010-11-01,0.0986
2010-11-02,0.0979
2010-11-03,0.0975
2010-11-04,0.0985
2010-11-08,0.0984
2010-11-09,0.0982
2010-11-10,0.0982
2010-11-11,0.0979
2010-11-12,0.0975
2010-11-15,0.0976
2010-11-16,0.0969
2010-11-18,0.0965
2010-11-19,0.0945
2010-11-22,0.094
2010-11-23,0.0935
2010-11-24,0.0932
2010-11-25,0.0932
2010-11-26,0.0932
2010-11-29,0.0939
2010-11-30,0.0934
2010-12-01,0.093
2010-12-02,0.0925
2010-12-03,0.0917
2010-12-06,0.0917
2010-12-07,0.0913
2010-12-08,0.0911
2010-12-09,0.0912
2010-12-10,0.0923
2010-12-13,0.092
2010-12-14,0.0917
2010-12-15,0.0911
2010-12-16,0.0904
2010-12-17,0.0856
2010-12-20,0.0845
2010-12-21,0.0825
2010-12-22,0.0804
2010-12-23,0.0794
2010-12-24,0.0786
2010-12-27,0.0785
2010-12-28,0.0786
2010-12-29,0.0783
2010-12-30,0.0783
2010-12-31,0.0792
2011-01-03,0.0798
2011-01-04,0.0802
2011-01-05,0.0805
2011-01-06,0.0808
2011-01-07,0.0816
2011-01-10,0.0819
2011-01-11,0.0818
2011-01-12,0.0815
2011-01-13,0.0813
2011-01-14,0.0787
2011-01-17,0.0774
2011-01-18,0.0756
2011-01-19,0.0745
2011-01-20,0.0738
2011-01-21,0.0727
2011-01-24,0.0723
2011-01-25,0.0719
2011-01-26,0.0716
2011-01-27,0.0718
2011-01-28,0.0741
2011-01-31,0.0757
2011-02-01,0.0769
2011-02-02,0.0846
2011-02-07,0.0843
2011-02-08,0.0838
2011-02-09,0.0832
2011-02-10,0.0824
2011-02-11,0.0811
2011-02-14,0.0806
2011-02-15,0.0802
2011-02-16,0.08
2011-02-17,0.0797
2011-02-18,0.0794
2011-02-21,0.0794
2011-02-22,0.0793
2011-02-23,0.0787
2011-02-24,0.0784
2011-02-25,0.0764
2011-02-28,0.0732
2011-03-01,0.0732
2011-03-02,0.0727
2011-03-03,0.0723
2011-03-04,0.0709
2011-03-07,0.0705
2011-03-08,0.07
2011-03-09,0.0694
2011-03-10,0.0685
2011-03-11,0.0661
2011-03-14,0.0655
2011-03-15,0.0651
2011-03-16,0.0645
2011-03-17,0.0642
2011-03-18,0.0634
2011-03-21,0.063
2011-03-22,0.0627
2011-03-23,0.0624
2011-03-24,0.0619
2011-03-25,0.0605
2011-03-28,0.0601
2011-03-29,0.0602
2011-03-30,0.0604
2011-03-31,0.0609
2011-04-01,0.0613
2011-04-04,0.0614
2011-04-05,0.061
2011-04-06,0.0604
2011-04-07,0.0599
2011-04-08,0.0582
2011-04-11,0.0579
2011-04-12,0.0578
2011-04-13,0.0576
2011-04-14,0.0573
2011-04-15,0.0569
2011-04-18,0.0568
2011-04-19,0.0574
2011-04-20,0.0582
2011-04-21,0.0599
2011-04-25,0.0604
2011-04-26,0.0613
2011-04-27,0.0623
2011-04-28,0.0622
2011-04-29,0.0583
2011-05-03,0.0568
2011-05-04,0.0549
2011-05-05,0.0527
2011-05-06,0.05
2011-05-09,0.0503
2011-05-10,0.0512
2011-05-11,0.0521
2011-05-12,0.0523
2011-05-13,0.054
2011-05-16,0.054
2011-05-18,0.0539
2011-05-19,0.0537
2011-05-20,0.053
2011-05-23,0.053
2011-05-24,0.053
2011-05-25,0.0534
2011-05-26,0.0539
2011-05-27,0.0549
2011-05-30,0.0552
2011-05-31,0.0554
2011-06-01,0.0555
2011-06-02,0.0559
2011-06-03,0.0572
2011-06-06,0.0576
2011-06-07,0.0576
2011-06-08,0.0578
2011-06-09,0.0579
2011-06-10,0.058
2011-06-13,0.058
2011-06-14,0.0583
2011-06-15,0.0585
2011-06-16,0.059
2011-06-17,0.0607
2011-06-20,0.0613
2011-06-21,0.0617
2011-06-22,0.0619
2011-06-23,0.0621
2011-06-24,0.0627
2011-06-27,0.0629
2011-06-28,0.0633
2011-06-29,0.0632
2011-06-30,0.0619
2011-07-01,0.0587
2011-07-04,0.058
2011-07-05,0.0579
2011-07-06,0.0583
2011-07-07,0.0586
2011-07-08,0.0591
2011-07-11,0.0593
2011-07-12,0.0594
2011-07-13,0.0596
2011-07-14,0.06
2011-07-15,0.0611
2011-07-18,0.0614
2011-07-19,0.0611
2011-07-20,0.0602
2011-07-21,0.0598
2011-07-22,0.0584
2011-07-25,0.0579
2011-07-26,0.0567
2011-07-27,0.0549
2011-07-28,0.0537
2011-07-29,0.0511
2011-08-01,0.0501
2011-08-02,0.0491
2011-08-03,0.049
2011-08-04,0.0489
2011-08-05,0.0492
2011-08-08,0.0496
2011-08-10,0.0488
2011-08-11,0.0477
2011-08-12,0.0459
2011-08-15,0.0453
2011-08-16,0.0452
2011-08-17,0.0457
2011-08-18,0.0463
2011-08-19,0.0475
2011-08-22,0.0484
2011-08-23,0.0491
2011-08-24,0.0495
2011-08-25,0.0486
2011-08-26,0.0466
2011-08-29,0.0453
2011-08-31,0.0449
2011-09-01,0.0445
2011-09-02,0.0438
2011-09-05,0.0435
2011-09-06,0.0432
2011-09-07,0.0434
2011-09-08,0.0435
2011-09-09,0.0446
2011-09-12,0.0451
2011-09-13,0.0454
2011-09-14,0.0457
2011-09-15,0.0461
2011-09-16,0.0461
2011-09-19,0.0458
2011-09-20,0.0457
2011-09-21,0.0458
2011-09-22,0.046
2011-09-23,0.0475
2011-09-26,0.0479
2011-09-27,0.0482
2011-09-28,0.0476
2011-09-29,0.0474
2011-09-30,0.0472
2011-10-03,0.0476
2011-10-04,0.0478
2011-10-05,0.048
2011-10-06,0.0476
2011-10-07,0.0471
2011-10-10,0.0469
2011-10-11,0.0468
2011-10-12,0.0469
2011-10-13,0.0468
2011-10-14,0.0465
2011-10-17,0.0469
2011-10-18,0.047
2011-10-19,0.0473
2011-10-20,0.0477
2011-10-21,0.0482
2011-10-24,0.0483
2011-10-25,0.0491
2011-10-27,0.0494
2011-10-28,0.0504
2011-10-31,0.0511
2011-11-01,0.0517
2011-11-02,0.0525
2011-11-03,0.0522
2011-11-04,0.0514
2011-11-08,0.0511
2011-11-09,0.0507
2011-11-10,0.0509
2011-11-11,0.0517
2011-11-14,0.0517
2011-11-15,0.0518
2011-11-16,0.0517
2011-11-17,0.0515
2011-11-18,0.0523
2011-11-21,0.0536
2011-11-22,0.0548
2011-11-23,0.0546
2011-11-24,0.0542
2011-11-25,0.0548
2011-11-28,0.0548
2011-11-29,0.0553
2011-11-30,0.0555
2011-12-01,0.0554
2011-12-02,0.0548
2011-12-05,0.0547
2011-12-06,0.0547
2011-12-07,0.0548
2011-12-08,0.0547
2011-12-09,0.0555
2011-12-12,0.0554
2011-12-13,0.0555
2011-12-14,0.0562
2011-12-15,0.0562
2011-12-16,0.0554
2011-12-19,0.0553
2011-12-20,0.0549
2011-12-21,0.0547
2011-12-22,0.0545
2011-12-23,0.0524
2011-12-27,0.0522
2011-12-28,0.0522
2011-12-29,0.0525
2011-12-30,0.0548
2012-01-03,0.0543
2012-01-04,0.0542
2012-01-05,0.0544
2012-01-06,0.0567
2012-01-09,0.0569
2012-01-10,0.0571
2012-01-11,0.0571
2012-01-12,0.057
2012-01-13,0.0568
2012-01-16,0.0566
2012-01-17,0.056
2012-01-18,0.0558
2012-01-19,0.0556
2012-01-20,0.0587
2012-01-25,0.0594
2012-01-26,0.06
2012-01-27,0.0605
2012-01-30,0.061
2012-01-31,0.0611
2012-02-01,0.0611
2012-02-02,0.0609
2012-02-03,0.0608
2012-02-06,0.0609
2012-02-07,0.061
2012-02-08,0.0611
2012-02-09,0.0611
2012-02-10,0.061
2012-02-13,0.0609
2012-02-14,0.0611
2012-02-15,0.0613
2012-02-16,0.0614
2012-02-17,0.0592
2012-02-20,0.0583
2012-02-21,0.0566
2012-02-22,0.0544
2012-02-23,0.0537
2012-02-24,0.0528
2012-02-27,0.0524
2012-02-28,0.0523
2012-02-29,0.0522
2012-03-01,0.0525
2012-03-02,0.0537
2012-03-05,0.054
2012-03-06,0.054
2012-03-07,0.0539
2012-03-08,0.0538
2012-03-09,0.0522
2012-03-12,0.0519
2012-03-13,0.0516
2012-03-14,0.0506
2012-03-15,0.0503
2012-03-16,0.0512
2012-03-19,0.0519
2012-03-20,0.0521
2012-03-21,0.0522
2012-03-22,0.0521
2012-03-23,0.0517
2012-03-26,0.0516
2012-03-27,0.0513
2012-03-28,0.0516
2012-03-29,0.0516
2012-03-30,0.0494
2012-04-02,0.0488
2012-04-03,0.0487
2012-04-04,0.0486
2012-04-05,0.0457
2012-04-09,0.0455
2012-04-10,0.0453
2012-04-11,0.0452
2012-04-12,0.0452
2012-04-13,0.0452
2012-04-16,0.0451
2012-04-17,0.0449
2012-04-18,0.0449
2012-04-19,0.0445
2012-04-20,0.0412
2012-04-23,0.0402
2012-04-24,0.0392
2012-04-25,0.0384
2012-04-26,0.0376
2012-04-27,0.0371
2012-04-30,0.0362
2012-05-02,0.0362
2012-05-03,0.0369
2012-05-04,0.0415
2012-05-07,0.0424
2012-05-08,0.0426
2012-05-09,0.0426
2012-05-10,0.0425
2012-05-11,0.0429
2012-05-14,0.0431
2012-05-15,0.0433
2012-05-16,0.0433
2012-05-17,0.0434
2012-05-18,0.0442
2012-05-21,0.0442
2012-05-22,0.0443
2012-05-23,0.0444
2012-05-24,0.0446
2012-05-25,0.0454
2012-05-28,0.0454
2012-05-29,0.0454
2012-05-30,0.0454
2012-05-31,0.0454
2012-06-01,0.0446
2012-06-04,0.0442
2012-06-05,0.0442
2012-06-06,0.0446
2012-06-07,0.0448
2012-06-08,0.0459
2012-06-11,0.046
2012-06-12,0.0462
2012-06-13,0.0465
2012-06-14,0.0467
2012-06-15,0.0467
2012-06-18,0.0464
2012-06-19,0.0462
2012-06-20,0.0467
2012-06-21,0.0468
2012-06-22,0.0479
2012-06-25,0.0481
2012-06-26,0.0481
2012-06-27,0.0482
2012-06-28,0.0479
2012-06-29,0.0484
2012-07-02,0.0483
2012-07-03,0.0483
2012-07-04,0.0483
2012-07-05,0.0482
2012-07-06,0.0492
2012-07-09,0.0491
2012-07-10,0.0492
2012-07-11,0.0494
2012-07-12,0.0494
2012-07-13,0.0496
2012-07-16,0.0497
2012-07-17,0.0499
2012-07-18,0.0499
2012-07-19,0.0503
2012-07-20,0.0516
2012-07-23,0.0518
2012-07-24,0.0527
2012-07-25,0.0531
2012-07-26,0.0535
2012-07-27,0.056
2012-07-30,0.057
2012-07-31,0.0577
2012-08-01,0.0578
2012-08-02,0.0573
2012-08-03,0.0541
2012-08-06,0.0529
2012-08-07,0.0523
2012-08-08,0.0533
2012-08-10,0.0542
2012-08-13,0.0546
2012-08-14,0.0548
2012-08-15,0.0558
2012-08-16,0.0565
2012-08-17,0.0574
2012-08-21,0.058
2012-08-22,0.0583
2012-08-23,0.059
2012-08-24,0.0606
2012-08-27,0.0608
2012-08-28,0.0608
2012-08-29,0.0608
2012-08-30,0.0609
2012-08-31,0.0625
2012-09-03,0.0628
2012-09-04,0.0632
2012-09-05,0.0632
2012-09-06,0.0629
2012-09-07,0.0627
2012-09-10,0.0628
2012-09-11,0.063
2012-09-12,0.0633
2012-09-13,0.063
2012-09-14,0.063
2012-09-17,0.063
2012-09-18,0.0631
2012-09-19,0.0628
2012-09-20,0.0624
2012-09-21,0.0625
2012-09-24,0.0631
2012-09-25,0.0646
2012-09-26,0.0662
2012-09-27,0.0687
2012-09-28,0.0769
2012-10-01,0.0787
2012-10-02,0.0793
2012-10-03,0.0793
2012-10-04,0.0793
2012-10-05,0.0785
2012-10-08,0.0783
2012-10-09,0.0784
2012-10-10,0.0784
2012-10-11,0.0783
2012-10-12,0.0782
2012-10-15,0.0781
2012-10-16,0.0783
2012-10-17,0.0786
2012-10-18,0.0788
2012-10-19,0.0779
2012-10-22,0.0779
2012-10-23,0.0783
2012-10-24,0.0787
2012-10-25,0.0817
2012-10-29,0.0813
2012-10-30,0.0803
2012-10-31,0.0794
2012-11-01,0.0787
2012-11-02,0.0794
2012-11-05,0.0794
2012-11-06,0.0791
2012-11-07,0.0788
2012-11-08,0.0781
2012-11-09,0.0771
2012-11-12,0.0762
2012-11-14,0.0763
2012-11-15,0.0766
2012-11-16,0.0784
2012-11-19,0.0782
2012-11-20,0.0779
2012-11-21,0.0773
2012-11-22,0.077
2012-11-23,0.0749
2012-11-26,0.0744
2012-11-27,0.0743
2012-11-28,0.0744
2012-11-29,0.0746
2012-11-30,0.0751
2012-12-03,0.0756
2012-12-04,0.0762
2012-12-05,0.0761
2012-12-06,0.076
2012-12-07,0.075
2012-12-10,0.0745
2012-12-11,0.074
2012-12-12,0.0735
2012-12-13,0.0734
2012-12-14,0.073
2012-12-17,0.0736
2012-12-18,0.0739
2012-12-19,0.0739
2012-12-20,0.0735
2012-12-21,0.0727
2012-12-24,0.0708
2012-12-26,0.07
2012-12-27,0.0682
2012-12-28,0.0631
2012-12-31,0.0583
2013-01-02,0.0576
2013-01-03,0.0576
2013-01-04,0.0577
2013-01-07,0.0579
2013-01-08,0.0579
2013-01-09,0.0578
2013-01-10,0.0577
2013-01-11,0.0575
2013-01-14,0.0575
2013-01-15,0.0575
2013-01-16,0.0572
2013-01-17,0.0568
2013-01-18,0.0572
2013-01-21,0.0575
2013-01-22,0.0574
2013-01-23,0.0576
2013-01-24,0.0568
2013-01-25,0.0523
2013-01-28,0.0509
2013-01-29,0.0505
2013-01-30,0.0505
2013-01-31,0.0505
2013-02-01,0.0508
2013-02-04,0.0509
2013-02-05,0.0507
2013-02-06,0.0507
2013-02-07,0.0507
2013-02-08,0.0529
2013-02-13,0.0534
2013-02-14,0.0534
2013-02-15,0.0518
2013-02-18,0.0509
2013-02-19,0.0508
2013-02-20,0.0506
2013-02-21,0.0507
2013-02-22,0.0511
2013-02-25,0.0511
2013-02-26,0.0509
2013-02-27,0.051
2013-02-28,0.0505
2013-03-01,0.0494
2013-03-04,0.0487
2013-03-05,0.0486
2013-03-06,0.0488
2013-03-07,0.0488
2013-03-08,0.0489
2013-03-11,0.0491
2013-03-12,0.0491
2013-03-13,0.049
2013-03-14,0.0488
2013-03-15,0.0479
2013-03-18,0.0475
2013-03-19,0.0478
2013-03-20,0.0487
2013-03-21,0.049
2013-03-22,0.0513
2013-03-25,0.0511
2013-03-26,0.0503
2013-03-27,0.0494
2013-03-28,0.0483
2013-04-01,0.0481
2013-04-02,0.0483
2013-04-03,0.0483
2013-04-04,0.0483
2013-04-05,0.0484
2013-04-08,0.0483
2013-04-09,0.0485
2013-04-10,0.0489
2013-04-11,0.0492
2013-04-12,0.0497
2013-04-15,0.0497
2013-04-16,0.0498
2013-04-17,0.0502
2013-04-18,0.0501
2013-04-19,0.0496
2013-04-22,0.0492
2013-04-23,0.0484
2013-04-24,0.0481
2013-04-25,0.0481
2013-04-26,0.0484
2013-04-29,0.0487
2013-04-30,0.0494
2013-05-02,0.0497
2013-05-03,0.0509
2013-05-06,0.0515
2013-05-07,0.0515
2013-05-08,0.0511
2013-05-09,0.0506
2013-05-10,0.0489
2013-05-13,0.0483
2013-05-14,0.0475
2013-05-15,0.0467
2013-05-16,0.046
2013-05-17,0.0459
2013-05-20,0.0465
2013-05-21,0.0471
2013-05-22,0.0478
2013-05-23,0.0521
2013-05-27,0.0523
2013-05-28,0.0523
2013-05-29,0.0524
2013-05-30,0.0527
2013-05-31,0.0523
2013-06-03,0.0519
2013-06-04,0.0518
2013-06-05,0.0518
2013-06-06,0.0515
2013-06-07,0.0512
2013-06-10,0.0511
2013-06-11,0.051
2013-06-12,0.051
2013-06-13,0.0511
2013-06-14,0.051
2013-06-17,0.0509
2013-06-18,0.0508
2013-06-19,0.0504
2013-06-20,0.0499
2013-06-21,0.0489
2013-06-24,0.0483
2013-06-25,0.0484
2013-06-26,0.0486
2013-06-27,0.0489
2013-06-28,0.0496
2013-07-01,0.05
2013-07-02,0.0504
2013-07-03,0.0509
2013-07-04,0.0514
2013-07-05,0.0516
2013-07-08,0.0516
2013-07-09,0.0517
2013-07-10,0.0512
2013-07-11,0.0511
2013-07-12,0.0512
2013-07-15,0.0513
2013-07-16,0.0514
2013-07-17,0.051
2013-07-18,0.0509
2013-07-19,0.0511
2013-07-22,0.0512
2013-07-23,0.0514
2013-07-24,0.0518
2013-07-25,0.0519
2013-07-26,0.0517
2013-07-29,0.0517
2013-07-30,0.0517
2013-07-31,0.0512
2013-08-01,0.0504
2013-08-02,0.0486
2013-08-05,0.0479
2013-08-06,0.0477
2013-08-07,0.0487
2013-08-12,0.049
2013-08-13,0.0489
2013-08-14,0.049
2013-08-15,0.0493
2013-08-16,0.049
2013-08-19,0.0487
2013-08-20,0.0483
2013-08-21,0.048
2013-08-22,0.0477
2013-08-23,0.0454
2013-08-26,0.0443
2013-08-27,0.044
2013-08-28,0.044
2013-08-29,0.0438
2013-08-30,0.0428
2013-09-02,0.0427
2013-09-03,0.0427
2013-09-04,0.0427
2013-09-05,0.0425
2013-09-06,0.0424
2013-09-09,0.0426
2013-09-10,0.0427
2013-09-11,0.0428
2013-09-12,0.0428
2013-09-13,0.0431
2013-09-16,0.043
2013-09-17,0.0431
2013-09-18,0.043
2013-09-19,0.0429
2013-09-20,0.0417
2013-09-23,0.0413
2013-09-24,0.0408
2013-09-25,0.0406
2013-09-26,0.0403
2013-09-27,0.0395
2013-09-30,0.0395
2013-10-01,0.0391
2013-10-02,0.039
2013-10-03,0.0391
2013-10-04,0.0416
2013-10-07,0.0429
2013-10-08,0.0435
2013-10-09,0.044
2013-10-10,0.0451
2013-10-11,0.0479
2013-10-14,0.0512
2013-10-16,0.0515
2013-10-17,0.052
2013-10-18,0.0529
2013-10-21,0.0527
2013-10-22,0.0527
2013-10-23,0.0525
2013-10-24,0.052
2013-10-25,0.0516
2013-10-28,0.0517
2013-10-29,0.0514
2013-10-30,0.0512
2013-10-31,0.051
2013-11-01,0.051
2013-11-04,0.0511
2013-11-05,0.051
2013-11-06,0.0506
2013-11-07,0.0503
2013-11-08,0.0502
2013-11-11,0.0504
2013-11-12,0.0519
2013-11-13,0.0559
2013-11-14,0.0566
2013-11-15,0.0564
2013-11-18,0.0569
2013-11-19,0.0578
2013-11-20,0.0584
2013-11-21,0.0579
2013-11-22,0.0571
2013-11-25,0.0568
2013-11-26,0.0568
2013-11-27,0.0566
2013-11-28,0.0564
2013-11-29,0.057
2013-12-02,0.057
2013-12-03,0.0574
2013-12-04,0.058
2013-12-05,0.0585
2013-12-06,0.0592
2013-12-09,0.0592
2013-12-10,0.0592
2013-12-11,0.0592
2013-12-12,0.0592
2013-12-13,0.0589
2013-12-16,0.059
2013-12-17,0.059
2013-12-18,0.0593
2013-12-19,0.0595
2013-12-20,0.0613
2013-12-23,0.062
2013-12-24,0.0636
2013-12-26,0.0637
2013-12-27,0.0639
2013-12-30,0.0635
2013-12-31,0.0642
2014-01-02,0.064
2014-01-03,0.0613
2014-01-06,0.0604
2014-01-07,0.0592
2014-01-08,0.0587
2014-01-09,0.0581
2014-01-10,0.0553
2014-01-13,0.0545
2014-01-14,0.0528
2014-01-15,0.0512
2014-01-16,0.0509
2014-01-17,0.0501
2014-01-20,0.0498
2014-01-21,0.05
2014-01-22,0.0503
2014-01-23,0.0505
2014-01-24,0.0513
2014-01-27,0.0516
2014-01-28,0.0517
2014-01-29,0.0518
2014-01-30,0.0524
2014-02-03,0.0528
2014-02-04,0.0526
2014-02-05,0.0525
2014-02-06,0.0525
2014-02-07,0.0525
2014-02-10,0.0524
2014-02-11,0.0519
2014-02-12,0.0502
2014-02-13,0.0463
2014-02-14,0.0458
2014-02-17,0.0458
2014-02-18,0.0455
2014-02-19,0.0449
2014-02-20,0.0443
2014-02-21,0.0441
2014-02-24,0.0439
2014-02-25,0.0437
2014-02-26,0.0436
2014-02-27,0.0444
2014-02-28,0.048
2014-03-03,0.0481
2014-03-04,0.0479
2014-03-05,0.0478
2014-03-06,0.0479
2014-03-07,0.0481
2014-03-10,0.0484
2014-03-11,0.0488
2014-03-12,0.0495
2014-03-13,0.05
2014-03-14,0.0505
2014-03-17,0.0507
2014-03-18,0.0509
2014-03-19,0.0511
2014-03-20,0.0508
2014-03-21,0.0497
2014-03-24,0.0494
2014-03-25,0.0492
2014-03-26,0.0498
2014-03-27,0.0505
2014-03-28,0.056
2014-03-31,0.0575
2014-04-01,0.0576
2014-04-02,0.0579
2014-04-03,0.058
2014-04-04,0.0585
2014-04-07,0.0584
2014-04-08,0.0584
2014-04-09,0.0583
2014-04-10,0.0583
2014-04-11,0.0586
2014-04-14,0.0585
2014-04-15,0.0587
2014-04-16,0.0591
2014-04-17,0.0601
2014-04-21,0.0604
2014-04-22,0.0606
2014-04-23,0.0611
2014-04-24,0.0615
2014-04-25,0.0617
2014-04-28,0.062
2014-04-29,0.0623
2014-04-30,0.0652
2014-05-02,0.0675
2014-05-05,0.068
2014-05-06,0.0688
2014-05-07,0.0692
2014-05-08,0.0698
2014-05-09,0.0711
2014-05-12,0.0729
2014-05-14,0.0737
2014-05-15,0.0739
2014-05-16,0.0742
2014-05-19,0.0742
2014-05-20,0.0744
2014-05-21,0.0748
2014-05-22,0.0756
2014-05-23,0.0768
2014-05-26,0.0768
2014-05-27,0.0766
2014-05-28,0.0771
2014-05-29,0.0775
2014-05-30,0.0785
2014-06-02,0.0777
2014-06-03,0.0774
2014-06-04,0.0769
2014-06-05,0.0764
2014-06-06,0.076
2014-06-09,0.0759
2014-06-10,0.0757
2014-06-11,0.0751
2014-06-12,0.0747
2014-06-13,0.0738
2014-06-16,0.0737
2014-06-17,0.0736
2014-06-18,0.0733
2014-06-19,0.0733
2014-06-20,0.0753
2014-06-23,0.0758
2014-06-24,0.0763
2014-06-25,0.0772
2014-06-26,0.0774
2014-06-27,0.0746
2014-06-30,0.0718
2014-07-01,0.0715
2014-07-02,0.0713
2014-07-03,0.0712
2014-07-04,0.0709
2014-07-07,0.071
2014-07-08,0.0711
2014-07-09,0.0711
2014-07-10,0.0711
2014-07-11,0.0707
2014-07-14,0.0707
2014-07-15,0.0708
2014-07-16,0.071
2014-07-17,0.0714
2014-07-18,0.0739
2014-07-21,0.0744
2014-07-22,0.074
2014-07-23,0.0733
2014-07-24,0.0728
2014-07-25,0.0726
2014-07-29,0.0721
2014-07-30,0.0719
2014-07-31,0.071
2014-08-01,0.0692
2014-08-04,0.0685
2014-08-05,0.0682
2014-08-06,0.0678
2014-08-07,0.0674
2014-08-08,0.0669
2014-08-11,0.0666
2014-08-12,0.066
2014-08-13,0.0654
2014-08-14,0.0648
2014-08-15,0.0654
2014-08-18,0.0656
2014-08-19,0.0658
2014-08-20,0.0662
2014-08-21,0.0666
2014-08-22,0.0695
2014-08-25,0.0697
2014-08-26,0.0706
2014-08-27,0.0711
2014-08-28,0.0719
2014-08-29,0.073
2014-09-01,0.0734
2014-09-02,0.0742
2014-09-03,0.0747
2014-09-04,0.0759
2014-09-05,0.0773
2014-09-08,0.0777
2014-09-09,0.078
2014-09-10,0.0783
2014-09-11,0.0785
2014-09-12,0.0803
2014-09-15,0.081
2014-09-16,0.0818
2014-09-17,0.0821
2014-09-18,0.0821
2014-09-19,0.0814
2014-09-22,0.0809
2014-09-23,0.0804
2014-09-24,0.0801
2014-09-25,0.0793
2014-09-26,0.0812
2014-09-29,0.081
2014-09-30,0.0811
2014-10-01,0.0813
2014-10-02,0.0816
2014-10-03,0.0836
2014-10-07,0.0837
2014-10-08,0.0839
2014-10-09,0.0842
2014-10-10,0.0847
2014-10-13,0.085
2014-10-14,0.0854
2014-10-15,0.086
2014-10-16,0.0857
2014-10-17,0.0839
2014-10-20,0.083
2014-10-21,0.083
2014-10-23,0.0833
2014-10-24,0.0844
2014-10-27,0.0845
2014-10-28,0.0847
2014-10-29,0.0853
2014-10-30,0.0855
2014-10-31,0.0868
2014-11-03,0.0884
2014-11-04,0.0896
2014-11-05,0.091
2014-11-06,0.093
2014-11-07,0.0957
2014-11-10,0.0961
2014-11-11,0.0968
2014-11-12,0.0969
2014-11-13,0.097
2014-11-14,0.0973
2014-11-17,0.0975
2014-11-18,0.0976
2014-11-19,0.0981
2014-11-20,0.0983
2014-11-21,0.0978
2014-11-24,0.0974
2014-11-25,0.0982
2014-11-26,0.098
2014-11-27,0.0981
2014-11-28,0.0979
2014-12-01,0.0969
2014-12-02,0.0962
2014-12-03,0.0963
2014-12-04,0.0959
2014-12-05,0.0975
2014-12-08,0.0987
2014-12-09,0.0998
2014-12-10,0.1005
2014-12-11,0.1006
2014-12-12,0.0998
2014-12-15,0.0996
2014-12-16,0.0994
2014-12-17,0.0996
2014-12-18,0.1013
2014-12-19,0.1093
2014-12-22,0.1112
2014-12-23,0.1124
2014-12-24,0.1116
2014-12-26,0.1112
2014-12-29,0.1131
2014-12-30,0.1146
2014-12-31,0.1183
2015-01-02,0.1215
2015-01-05,0.1239
2015-01-06,0.125
2015-01-07,0.1256
2015-01-08,0.1259
2015-01-09,0.1285
2015-01-12,0.1295
2015-01-13,0.1299
2015-01-14,0.13
2015-01-15,0.1299
2015-01-16,0.1291
2015-01-19,0.1289
2015-01-20,0.129
2015-01-21,0.1287
2015-01-22,0.1286
2015-01-23,0.1283
2015-01-26,0.1284
2015-01-27,0.1292
2015-01-28,0.1321
2015-01-29,0.1341
2015-01-30,0.1433
2015-02-02,0.1449
2015-02-03,0.1441
2015-02-04,0.1437
2015-02-05,0.1445
2015-02-06,0.1453
2015-02-09,0.1471
2015-02-10,0.1492
2015-02-11,0.1507
2015-02-12,0.1527
2015-02-13,0.1574
2015-02-16,0.1585
2015-02-17,0.1606
2015-02-18,0.1812
2015-02-23,0.1849
2015-02-24,0.1882
2015-02-25,0.1895
2015-02-26,0.1915
2015-02-27,0.1981
2015-03-02,0.2019
2015-03-03,0.2046
2015-03-04,0.2064
2015-03-05,0.2064
2015-03-06,0.2071
2015-03-09,0.2075
2015-03-10,0.208
2015-03-11,0.2094
2015-03-12,0.2099
2015-03-13,0.211
2015-03-16,0.2113
2015-03-17,0.2124
2015-03-18,0.2141
2015-03-19,0.2152
2015-03-20,0.2257
2015-03-23,0.23
2015-03-24,0.2315
2015-03-25,0.2323
2015-03-26,0.2331
2015-03-27,0.2337
2015-03-30,0.2325
2015-03-31,0.2331
2015-04-01,0.2328
2015-04-02,0.2349
2015-04-06,0.2378
2015-04-07,0.242
2015-04-08,0.2455
2015-04-09,0.2476
2015-04-10,0.2508
2015-04-13,0.2519
2015-04-14,0.2524
2015-04-15,0.2526
2015-04-16,0.2527
2015-04-17,0.2533
2015-04-20,0.2536
2015-04-21,0.2552
2015-04-22,0.2568
2015-04-23,0.2584
2015-04-24,0.265
2015-04-27,0.2661
2015-04-28,0.2663
2015-04-29,0.2664
2015-04-30,0.2619
2015-05-04,0.266
2015-05-05,0.269
2015-05-06,0.2736
2015-05-07,0.2772
2015-05-08,0.2764
2015-05-11,0.2748
2015-05-12,0.2727
2015-05-13,0.2707
2015-05-14,0.2687
2015-05-15,0.2634
2015-05-18,0.2586
2015-05-19,0.2539
2015-05-20,0.2494
2015-05-21,0.2451
2015-05-22,0.2342
2015-05-25,0.233
2015-05-26,0.2323
2015-05-27,0.2319
2015-05-28,0.2318
2015-05-29,0.2362
2015-06-02,0.2352
2015-06-03,0.2351
2015-06-04,0.2346
2015-06-05,0.2339
2015-06-08,0.2331
2015-06-09,0.2317
2015-06-10,0.2305
2015-06-11,0.2293
2015-06-12,0.2278
2015-06-15,0.2275
2015-06-16,0.2269
2015-06-17,0.2257
2015-06-18,0.2228
2015-06-19,0.2107
2015-06-22,0.2079
2015-06-23,0.2046
2015-06-24,0.2052
2015-06-25,0.2058
2015-06-26,0.2116
2015-06-29,0.2204
2015-06-30,0.229
2015-07-01,0.2329
2015-07-02,0.2359
2015-07-03,0.2364
2015-07-06,0.2342
2015-07-07,0.2305
2015-07-08,0.2268
2015-07-09,0.2236
2015-07-10,0.2174
2015-07-13,0.2159
2015-07-14,0.2158
2015-07-15,0.2169
2015-07-16,0.2278
2015-07-20,0.2298
2015-07-21,0.23
2015-07-22,0.2291
2015-07-23,0.2285
2015-07-24,0.226
2015-07-27,0.2265
2015-07-28,0.225
2015-07-29,0.2244
2015-07-30,0.2247
2015-07-31,0.2248
2015-08-03,0.224
2015-08-04,0.2207
2015-08-05,0.2172
2015-08-06,0.2033
2015-08-11,0.2036
2015-08-12,0.204
2015-08-13,0.2049
2015-08-14,0.206
2015-08-17,0.2062
2015-08-18,0.2074
2015-08-19,0.2082
2015-08-20,0.2085
2015-08-21,0.2135
2015-08-24,0.2191
2015-08-25,0.2306
2015-08-26,0.2367
2015-08-27,0.2365
2015-08-28,0.232
2015-08-31,0.2331
2015-09-01,0.2311
2015-09-02,0.2292
2015-09-03,0.2263
2015-09-04,0.2232
2015-09-07,0.2228
2015-09-08,0.2241
2015-09-09,0.2246
2015-09-10,0.2351
2015-09-14,0.2367
2015-09-15,0.238
2015-09-16,0.2395
2015-09-17,0.2412
2015-09-18,0.2426
2015-09-21,0.2422
2015-09-22,0.2405
2015-09-23,0.2377
2015-09-25,0.234
2015-09-28,0.2322
2015-09-29,0.2226
2015-09-30,0.214
2015-10-01,0.2094
2015-10-02,0.2084
2015-10-05,0.2085
2015-10-06,0.2088
2015-10-07,0.2086
2015-10-08,0.2088
2015-10-09,0.2084
2015-10-12,0.2083
2015-10-13,0.2079
2015-10-14,0.2068
2015-10-15,0.2051
2015-10-16,0.2018
2015-10-19,0.201
2015-10-20,0.1991
2015-10-21,0.1985
2015-10-22,0.2004
2015-10-23,0.2126
2015-10-26,0.2146
2015-10-27,0.2159
2015-10-28,0.2208
2015-10-29,0.2271
2015-10-30,0.2521
2015-11-02,0.2573
2015-11-03,0.2586
2015-11-04,0.2579
2015-11-05,0.2586
2015-11-06,0.2602
2015-11-09,0.2624
2015-11-11,0.2617
2015-11-12,0.2628
2015-11-13,0.2799
2015-11-16,0.2857
2015-11-17,0.2909
2015-11-18,0.294
2015-11-19,0.2946
2015-11-20,0.297
2015-11-23,0.299
2015-11-24,0.2998
2015-11-25,0.2907
2015-11-26,0.2867
2015-11-27,0.302
2015-11-30,0.3049
2015-12-01,0.3071
2015-12-02,0.3101
2015-12-03,0.3123
2015-12-04,0.3202
2015-12-07,0.3218
2015-12-08,0.3223
2015-12-09,0.3234
2015-12-10,0.3215
2015-12-11,0.3195
2015-12-14,0.32
2015-12-15,0.3211
2015-12-16,0.3228
2015-12-17,0.324
2015-12-18,0.324
2015-12-21,0.3241
2015-12-22,0.3241
2015-12-23,0.3256
2015-12-24,0.3267
2015-12-28,0.3278
2015-12-29,0.3288
2015-12-30,0.3282
2015-12-31,0.3483
2016-01-04,0.3493
2016-01-05,0.3486
2016-01-06,0.3508
2016-01-07,0.356
2016-01-08,0.3761
2016-01-11,0.3858
2016-01-12,0.3923
2016-01-13,0.3979
2016-01-14,0.3995
2016-01-15,0.3994
2016-01-18,0.4007
2016-01-19,0.4013
2016-01-20,0.4029
2016-01-21,0.4025
2016-01-22,0.392
2016-01-25,0.3875
2016-01-26,0.3851
2016-01-27,0.3822
2016-01-28,0.3769
2016-01-29,0.3526
2016-02-01,0.3434
2016-02-02,0.3387
2016-02-03,0.3383
2016-02-04,0.3398
2016-02-05,0.3464
2016-02-10,0.3457
2016-02-11,0.3458
2016-02-12,0.3354
2016-02-15,0.33
2016-02-16,0.3257
2016-02-17,0.3233
2016-02-18,0.3221
2016-02-19,0.3223
2016-02-22,0.323
2016-02-23,0.3213
2016-02-24,0.3174
2016-02-25,0.3169
2016-02-26,0.3086
2016-02-29,0.3027
2016-03-01,0.3036
2016-03-02,0.3037
2016-03-03,0.3052
2016-03-04,0.3045
2016-03-07,0.3052
2016-03-08,0.3063
2016-03-09,0.3073
2016-03-10,0.3095
2016-03-11,0.3112
2016-03-14,0.3118
2016-03-15,0.3117
2016-03-16,0.3107
2016-03-17,0.309
2016-03-18,0.3105
2016-03-21,0.312
2016-03-22,0.3128
2016-03-23,0.3125
2016-03-24,0.3161
2016-03-28,0.3161
2016-03-29,0.3157
2016-03-30,0.3139
2016-03-31,0.3075
2016-04-01,0.2921
2016-04-04,0.2907
2016-04-05,0.2917
2016-04-06,0.2887
2016-04-07,0.2842
2016-04-08,0.2688
2016-04-11,0.261
2016-04-12,0.2554
2016-04-13,0.251
2016-04-14,0.2526
2016-04-15,0.2595
2016-04-18,0.2587
2016-04-19,0.259
2016-04-20,0.26
2016-04-21,0.264
2016-04-22,0.2812
2016-04-25,0.2861
2016-04-26,0.2917
2016-04-27,0.2972
2016-04-28,0.2987
2016-04-29,0.309
2016-05-03,0.312
2016-05-04,0.3113
2016-05-05,0.3095
2016-05-06,0.3093
2016-05-09,0.3091
2016-05-10,0.309
2016-05-11,0.3087
2016-05-12,0.308
2016-05-13,0.3059
2016-05-16,0.3043
2016-05-17,0.3013
2016-05-18,0.2988
2016-05-19,0.2978
2016-05-20,0.2924
2016-05-23,0.2919
2016-05-24,0.2903
2016-05-25,0.2902
2016-05-26,0.2891
2016-05-27,0.2859
2016-05-30,0.2867
2016-05-31,0.2836
2016-06-01,0.2809
2016-06-02,0.2773
2016-06-03,0.2706
2016-06-06,0.2694
2016-06-07,0.2668
2016-06-08,0.2634
2016-06-09,0.2608
2016-06-10,0.2544
2016-06-13,0.2522
2016-06-14,0.2495
2016-06-15,0.2469
2016-06-16,0.2447
2016-06-17,0.2401
2016-06-20,0.2384
2016-06-21,0.236
2016-06-22,0.2336
2016-06-23,0.2316
2016-06-24,0.2253
2016-06-27,0.2232
2016-06-28,0.2208
2016-06-29,0.221
2016-06-30,0.2257
2016-07-01,0.2223
2016-07-04,0.2207
2016-07-05,0.2175
2016-07-07,0.2162
2016-07-08,0.2121
2016-07-11,0.2105
2016-07-12,0.2098
2016-07-13,0.2088
2016-07-14,0.2061
2016-07-15,0.1979
2016-07-18,0.1958
2016-07-19,0.1931
2016-07-20,0.1909
2016-07-21,0.191
2016-07-22,0.1802
2016-07-25,0.1806
2016-07-26,0.1819
2016-07-27,0.1846
2016-07-28,0.1892
2016-07-29,0.1903
2016-08-01,0.1879
2016-08-02,0.1842
2016-08-03,0.179
2016-08-04,0.177
2016-08-05,0.1694
2016-08-08,0.1633
2016-08-10,0.162
2016-08-11,0.1616
2016-08-12,0.159
2016-08-15,0.1585
2016-08-16,0.1585
2016-08-17,0.1589
2016-08-18,0.1588
2016-08-19,0.1559
2016-08-22,0.155
2016-08-23,0.1529
2016-08-24,0.1509
2016-08-25,0.1482
2016-08-26,0.1465
2016-08-29,0.148
2016-08-30,0.1457
2016-08-31,0.1473
2016-09-01,0.1457
2016-09-02,0.1447
2016-09-05,0.1443
2016-09-06,0.1431
2016-09-07,0.1428
2016-09-08,0.1424
2016-09-09,0.1393
2016-09-13,0.1387
2016-09-14,0.139
2016-09-15,0.1389
2016-09-16,0.1381
2016-09-19,0.1378
2016-09-20,0.1375
2016-09-21,0.1373
2016-09-22,0.1373
2016-09-23,0.1368
2016-09-26,0.1367
2016-09-27,0.1366
2016-09-28,0.1371
2016-09-29,0.1371
2016-09-30,0.1331
2016-10-03,0.1321
2016-10-04,0.131
2016-10-05,0.1303
2016-10-06,0.1298
2016-10-07,0.1312
2016-10-10,0.1314
2016-10-11,0.132
2016-10-12,0.1325
2016-10-13,0.1324
2016-10-14,0.1317
2016-10-17,0.1307
2016-10-18,0.1303
2016-10-19,0.1302
2016-10-20,0.1291
2016-10-21,0.1214
2016-10-24,0.1196
2016-10-25,0.1136
2016-10-26,0.1059
2016-10-27,0.097
2016-10-28,0.0839
2016-10-31,0.0807
2016-11-01,0.0794
2016-11-02,0.0794
2016-11-03,0.0796
2016-11-04,0.0816
2016-11-07,0.082
2016-11-08,0.0828
2016-11-09,0.0835
2016-11-10,0.0842
2016-11-11,0.0848
2016-11-14,0.0857
2016-11-15,0.086
2016-11-16,0.0861
2016-11-17,0.0853
2016-11-18,0.0841
2016-11-21,0.0845
2016-11-22,0.0847
2016-11-23,0.0847
2016-11-24,0.0851
2016-11-25,0.0906
2016-11-28,0.0907
2016-11-29,0.0894
2016-11-30,0.0854
2016-12-01,0.0849
2016-12-02,0.0838
2016-12-05,0.084
2016-12-06,0.0847
2016-12-07,0.0851
2016-12-08,0.0861
2016-12-09,0.089
2016-12-12,0.0904
2016-12-13,0.0942
2016-12-14,0.0975
2016-12-15,0.1014
2016-12-16,0.108
2016-12-19,0.1115
2016-12-20,0.1143
2016-12-21,0.1163
2016-12-22,0.1169
2016-12-23,0.1235
2016-12-27,0.1258
2016-12-28,0.1288
2016-12-29,0.1313
2016-12-30,0.1458
2017-01-03,0.1478
2017-01-04,0.1488
2017-01-05,0.1494
2017-01-06,0.1498
2017-01-09,0.149
2017-01-10,0.1485
2017-01-11,0.1476
2017-01-12,0.147
2017-01-13,0.149
2017-01-16,0.1493
2017-01-17,0.1507
2017-01-18,0.1518
2017-01-19,0.1523
2017-01-20,0.1502
2017-01-23,0.1493
2017-01-24,0.1482
2017-01-25,0.148
2017-01-26,0.1493
2017-01-27,0.1681
2017-01-31,0.1688
2017-02-01,0.1693
2017-02-02,0.1706
2017-02-03,0.182
2017-02-06,0.1848
2017-02-07,0.1855
2017-02-08,0.1863
2017-02-09,0.189
2017-02-10,0.2051
2017-02-13,0.2123
2017-02-14,0.2154
2017-02-15,0.2162
2017-02-16,0.2165
2017-02-17,0.2203
2017-02-20,0.2215
2017-02-21,0.2259
2017-02-22,0.2316
2017-02-23,0.2371
2017-02-24,0.2365
2017-02-27,0.2364
2017-02-28,0.2413
2017-03-01,0.2442
2017-03-02,0.2455
2017-03-03,0.2494
2017-03-06,0.2507
2017-03-07,0.2515
2017-03-08,0.2509
2017-03-09,0.251
2017-03-10,0.2517
2017-03-13,0.2486
2017-03-14,0.246
2017-03-15,0.243
2017-03-16,0.2442
2017-03-17,0.2509
2017-03-20,0.2545
2017-03-21,0.2558
2017-03-22,0.2582
2017-03-23,0.2572
2017-03-24,0.2592
2017-03-27,0.2585
2017-03-28,0.2562
2017-03-29,0.257
2017-03-30,0.2567
2017-03-31,0.2604
2017-04-03,0.2655
2017-04-04,0.2683
2017-04-05,0.2705
2017-04-06,0.2717
2017-04-07,0.2748
2017-04-10,0.2774
2017-04-11,0.2811
2017-04-12,0.2859
2017-04-13,0.3118
2017-04-17,0.3148
2017-04-18,0.3174
2017-04-19,0.319
2017-04-20,0.3224
2017-04-21,0.3362
2017-04-24,0.3402
2017-04-25,0.3448
2017-04-26,0.3494
2017-04-27,0.348
2017-04-28,0.3518
2017-05-02,0.3545
2017-05-03,0.3557
2017-05-04,0.3555
2017-05-05,0.3615
2017-05-08,0.3654
2017-05-09,0.3666
2017-05-11,0.3662
2017-05-12,0.3673
2017-05-15,0.3713
2017-05-16,0.3784
2017-05-17,0.383
2017-05-18,0.387
2017-05-19,0.3964
2017-05-22,0.3959
2017-05-23,0.3941
2017-05-24,0.3962
2017-05-25,0.3975
2017-05-26,0.4021
2017-05-29,0.4017
2017-05-30,0.4021
2017-05-31,0.4018
2017-06-01,0.4025
2017-06-02,0.4153
2017-06-05,0.4201
2017-06-06,0.4253
2017-06-07,0.4328
2017-06-08,0.4372
2017-06-09,0.4411
2017-06-12,0.442
2017-06-13,0.4419
2017-06-14,0.4416
2017-06-15,0.442
2017-06-16,0.4321
2017-06-19,0.4285
2017-06-20,0.4234
2017-06-21,0.4226
2017-06-22,0.4241
2017-06-23,0.4635
2017-06-27,0.4689
2017-06-28,0.4768
2017-06-29,0.4846
2017-06-30,0.4935
2017-07-03,0.495
2017-07-04,0.5042
2017-07-05,0.5143
2017-07-06,0.5222
2017-07-07,0.5551
2017-07-10,0.5652
2017-07-11,0.5728
2017-07-12,0.5785
2017-07-13,0.5768
2017-07-14,0.5663
2017-07-17,0.565
2017-07-18,0.5639
2017-07-19,0.5658
2017-07-20,0.5682
2017-07-21,0.5753
2017-07-24,0.579
2017-07-25,0.5822
2017-07-26,0.5837
2017-07-27,0.5858
2017-07-28,0.5935
2017-07-31,0.5993
2017-08-01,0.6041
2017-08-02,0.6094
2017-08-03,0.6104
2017-08-04,0.6184
2017-08-07,0.6187
2017-08-08,0.6173
2017-08-10,0.6162
2017-08-11,0.6132
2017-08-14,0.6142
2017-08-15,0.6162
2017-08-16,0.6167
2017-08-17,0.6177
2017-08-18,0.6267
2017-08-21,0.6299
2017-08-22,0.6336
2017-08-23,0.6397
2017-08-24,0.6463
2017-08-25,0.6736
2017-08-28,0.6811
2017-08-29,0.6835
2017-08-30,0.6819
2017-08-31,0.6832
2017-09-04,0.6865
2017-09-05,0.6895
2017-09-06,0.6898
2017-09-07,0.6873
2017-09-08,0.6997
2017-09-11,0.7057
2017-09-12,0.711
2017-09-13,0.7149
2017-09-14,0.7172
2017-09-15,0.7215
2017-09-18,0.7256
2017-09-19,0.7294
2017-09-20,0.7352
2017-09-21,0.7393
2017-09-22,0.7328
2017-09-25,0.7269
2017-09-26,0.7207
2017-09-27,0.7199
2017-09-28,0.716
2017-09-29,0.7045
2017-10-02,0.702
2017-10-03,0.6992
2017-10-04,0.6899
2017-10-05,0.6816
2017-10-06,0.6657
2017-10-09,0.6597
2017-10-10,0.6531
2017-10-11,0.6488
2017-10-12,0.6455
2017-10-13,0.6535
2017-10-16,0.6568
2017-10-17,0.6657
2017-10-19,0.6721
2017-10-20,0.6954
2017-10-23,0.7031
2017-10-24,0.708
2017-10-25,0.714
2017-10-26,0.7182
2017-10-27,0.7326
2017-10-30,0.7374
2017-10-31,0.7386
2017-11-01,0.7403
2017-11-02,0.7384
2017-11-03,0.7436
2017-11-06,0.7438
2017-11-07,0.7463
2017-11-08,0.7503
2017-11-09,0.7545
2017-11-10,0.773
2017-11-13,0.7756
2017-11-14,0.7757
2017-11-15,0.7741
2017-11-16,0.7716
2017-11-17,0.7645
2017-11-20,0.7609
2017-11-21,0.7543
2017-11-22,0.7464
2017-11-23,0.7397
2017-11-24,0.719
2017-11-27,0.7127
2017-11-28,0.7089
2017-11-29,0.7155
2017-11-30,0.7284
2017-12-01,0.7512
2017-12-04,0.7525
2017-12-05,0.7518
2017-12-06,0.7518
2017-12-07,0.7533
2017-12-08,0.7557
2017-12-11,0.7558
2017-12-12,0.7581
2017-12-13,0.7624
2017-12-14,0.7672
2017-12-15,0.7825
2017-12-18,0.7859
2017-12-19,0.7906
2017-12-20,0.7933
2017-12-21,0.7972
2017-12-22,0.8233
2017-12-26,0.8303
2017-12-27,0.8335
2017-12-28,0.8358
2017-12-29,0.8446
2018-01-02,0.8468
2018-01-03,0.8519
2018-01-04,0.8545
2018-01-05,0.8474
2018-01-08,0.8413
2018-01-09,0.835
2018-01-10,0.8301
2018-01-11,0.8234
2018-01-12,0.8157
2018-01-15,0.81
2018-01-16,0.8034
2018-01-17,0.7974
2018-01-18,0.7908
2018-01-19,0.7719
2018-01-22,0.7639
2018-01-23,0.7505
2018-01-24,0.7386
2018-01-25,0.7247
2018-01-26,0.6944
2018-01-29,0.6853
2018-01-30,0.6798
2018-01-31,0.6769
2018-02-01,0.674
2018-02-02,0.6802
2018-02-05,0.6772
2018-02-06,0.6762
2018-02-07,0.6753
2018-02-08,0.6755
2018-02-09,0.6882
2018-02-12,0.6924
2018-02-13,0.6969
2018-02-14,0.6962
2018-02-15,0.6976
2018-02-19,0.6998
2018-02-20,0.7045
2018-02-21,0.7139
2018-02-22,0.7254
2018-02-23,0.7618
2018-02-26,0.7739
2018-02-27,0.7832
2018-02-28,0.7711
2018-03-01,0.7618
2018-03-02,0.7432
2018-03-05,0.7434
2018-03-06,0.7434
2018-03-07,0.7459
2018-03-08,0.7463
2018-03-09,0.7474
2018-03-12,0.7458
2018-03-13,0.743
2018-03-14,0.7412
2018-03-15,0.7393
2018-03-16,0.7232
2018-03-19,0.7191
2018-03-20,0.7163
2018-03-21,0.7153
2018-03-22,0.7096
2018-03-23,0.6925
2018-03-26,0.6867
2018-03-27,0.684
2018-03-28,0.682
2018-03-29,0.6786
2018-04-02,0.6773
2018-04-03,0.6724
2018-04-04,0.6704
2018-04-05,0.6683
2018-04-06,0.666
2018-04-09,0.6674
2018-04-10,0.6689
2018-04-11,0.6713
2018-04-12,0.6695
2018-04-13,0.6699
2018-04-16,0.6727
2018-04-17,0.6756
2018-04-18,0.6795
2018-04-19,0.6839
2018-04-20,0.7063
2018-04-23,0.7169
2018-04-24,0.7253
2018-04-25,0.7343
2018-04-26,0.7432
2018-04-27,0.7942
2018-04-30,0.8108
2018-05-02,0.8121
2018-05-03,0.8133
2018-05-04,0.8288
2018-05-07,0.8372
2018-05-08,0.8456
2018-05-09,0.8479
2018-05-10,0.8442
2018-05-11,0.8306
2018-05-14,0.835
2018-05-15,0.8363
2018-05-16,0.8368
2018-05-17,0.8349
2018-05-18,0.8249
2018-05-21,0.8199
2018-05-22,0.8138
2018-05-23,0.8103
2018-05-24,0.804
2018-05-25,0.7981
2018-05-28,0.8139
2018-05-30,0.822
2018-05-31,0.8277
2018-06-01,0.8435
2018-06-04,0.8528
2018-06-05,0.8601
2018-06-06,0.8679
2018-06-07,0.8695
2018-06-08,0.8793
2018-06-11,0.8822
2018-06-12,0.8823
2018-06-13,0.8822
2018-06-14,0.896
2018-06-18,0.8986
2018-06-19,0.8967
2018-06-20,0.8948
2018-06-21,0.891
2018-06-22,0.8814
2018-06-25,0.8806
2018-06-26,0.8834
2018-06-27,0.8846
2018-06-28,0.8872
2018-06-29,0.9068
2018-07-02,0.9103
2018-07-03,0.9138
2018-07-04,0.9183
2018-07-05,0.9263
2018-07-06,0.9683
2018-07-09,0.982
2018-07-10,0.9945
2018-07-11,1.0066
2018-07-12,1.017
2018-07-13,1.0443
2018-07-16,1.0532
2018-07-17,1.0574
2018-07-18,1.0621
2018-07-19,1.061
2018-07-20,1.0516
2018-07-23,1.0547
2018-07-24,1.0605
2018-07-25,1.0619
2018-07-26,1.0641
2018-07-27,1.0555
2018-07-30,1.0611
2018-07-31,1.0639
2018-08-01,1.0675
2018-08-02,1.0737
2018-08-03,1.0955
2018-08-06,1.1027
2018-08-07,1.1032
2018-08-08,1.0982
2018-08-10,1.1146
2018-08-13,1.1244
2018-08-14,1.1292
2018-08-15,1.1399
2018-08-16,1.1442
2018-08-17,1.1559
2018-08-20,1.1591
2018-08-21,1.1709
2018-08-23,1.1699
2018-08-24,1.1784
2018-08-27,1.1794
2018-08-28,1.1781
2018-08-29,1.1764
2018-08-30,1.1715
2018-08-31,1.1723
2018-09-03,1.1719
2018-09-04,1.1678
2018-09-05,1.1578
2018-09-06,1.1493
2018-09-07,1.1386
2018-09-10,1.1334
2018-09-11,1.1282
2018-09-12,1.129
2018-09-13,1.1318
2018-09-14,1.1403
2018-09-17,1.1457
2018-09-18,1.1537
2018-09-19,1.1635
2018-09-20,1.1733
2018-09-21,1.2033
2018-09-24,1.2104
2018-09-25,1.2162
2018-09-26,1.2179
2018-09-27,1.2199
2018-09-28,1.2178
2018-10-01,1.2161
2018-10-02,1.2172
2018-10-03,1.2193
2018-10-04,1.2241
2018-10-05,1.2248
2018-10-08,1.2208
2018-10-09,1.2178
2018-10-10,1.2134
2018-10-11,1.2104
2018-10-12,1.2091
2018-10-15,1.2081
2018-10-16,1.2057
2018-10-17,1.2084
2018-10-18,1.2112
2018-10-19,1.2203
2018-10-22,1.2221
2018-10-23,1.2199
2018-10-24,1.2192
2018-10-25,1.2231
2018-10-26,1.2196
2018-10-29,1.2175
2018-10-30,1.215
2018-10-31,1.2119
2018-11-01,1.2089
2018-11-02,1.2022
2018-11-05,1.1918
2018-11-07,1.1897
2018-11-08,1.1893
2018-11-09,1.1853
2018-11-12,1.1833
2018-11-13,1.1777
2018-11-14,1.1749
2018-11-15,1.1726
2018-11-16,1.2054
2018-11-19,1.2177
2018-11-20,1.2261
2018-11-21,1.2314
2018-11-22,1.2347
2018-11-23,1.2392
2018-11-26,1.2383
2018-11-27,1.2368
2018-11-28,1.2363
2018-11-29,1.2412
2018-11-30,1.2724
2018-12-03,1.2829
2018-12-04,1.2889
2018-12-05,1.296
2018-12-06,1.2936
2018-12-07,1.3049
2018-12-10,1.31
2018-12-11,1.3176
2018-12-12,1.3259
2018-12-13,1.3342
2018-12-14,1.3521
2018-12-17,1.3544
2018-12-18,1.3579
2018-12-19,1.3645
2018-12-20,1.3715
2018-12-21,1.3928
2018-12-24,1.4099
2018-12-26,1.422
2018-12-27,1.4297
2018-12-28,1.4504
2018-12-31,1.4639
2019-01-02,1.466
2019-01-03,1.4643
2019-01-04,1.464
2019-01-07,1.4626
2019-01-08,1.4631
2019-01-09,1.4635
2019-01-10,1.4643
2019-01-11,1.4638
2019-01-14,1.4633
2019-01-15,1.4632
2019-01-16,1.4678
2019-01-17,1.4736
2019-01-18,1.4866
2019-01-21,1.4882
2019-01-22,1.4939
2019-01-23,1.5009
2019-01-24,1.5072
2019-01-25,1.5219
2019-01-28,1.5278
2019-01-29,1.5342
2019-01-30,1.5406
2019-01-31,1.5455
2019-02-01,1.5486
2019-02-04,1.5595
2019-02-07,1.5637
2019-02-08,1.5816
2019-02-11,1.5871
2019-02-12,1.5932
2019-02-13,1.5982
2019-02-14,1.6034
2019-02-15,1.5972
2019-02-18,1.5937
2019-02-19,1.5913
2019-02-20,1.5916
2019-02-21,1.5896
2019-02-22,1.5947
2019-02-25,1.5956
2019-02-26,1.5969
2019-02-27,1.5975
2019-02-28,1.5944
2019-03-01,1.5897
2019-03-04,1.5877
2019-03-05,1.5884
2019-03-06,1.5967
2019-03-07,1.598
2019-03-08,1.5972
2019-03-11,1.5953
2019-03-12,1.5886
2019-03-13,1.5828
2019-03-14,1.5773
2019-03-15,1.5679
2019-03-18,1.564
2019-03-19,1.5586
2019-03-20,1.5538
2019-03-21,1.5491
2019-03-22,1.5363
2019-03-25,1.5322
2019-03-26,1.5267
2019-03-27,1.5283
2019-03-28,1.5284
2019-03-29,1.5423
2019-04-01,1.5399
2019-04-02,1.5428
2019-04-03,1.5488
2019-04-04,1.5507
2019-04-05,1.5677
2019-04-08,1.5751
2019-04-09,1.5817
2019-04-10,1.5887
2019-04-11,1.5944
2019-04-12,1.6123
2019-04-15,1.618
2019-04-16,1.6212
2019-04-17,1.6218
2019-04-18,1.6291
2019-04-22,1.6295
2019-04-23,1.6279
2019-04-24,1.6255
2019-04-25,1.6255
2019-04-26,1.6217
2019-04-29,1.6214
2019-04-30,1.6249
2019-05-02,1.6282
2019-05-03,1.6365
2019-05-06,1.6393
2019-05-07,1.6451
2019-05-08,1.6471
2019-05-09,1.6458
2019-05-10,1.6459
2019-05-13,1.6456
2019-05-14,1.6479
2019-05-15,1.6499
2019-05-16,1.6529
2019-05-17,1.6731
2019-05-21,1.6749
2019-05-22,1.6753
2019-05-23,1.6724
2019-05-24,1.6744
2019-05-27,1.6772
2019-05-28,1.679
2019-05-29,1.6816
2019-05-30,1.6807
2019-05-31,1.6846
2019-06-03,1.6844
2019-06-04,1.6897
2019-06-06,1.6914
2019-06-07,1.7179
2019-06-10,1.7273
2019-06-11,1.7378
2019-06-12,1.7467
2019-06-13,1.7478
2019-06-14,1.7514
2019-06-17,1.7515
2019-06-18,1.7534
2019-06-19,1.7515
2019-06-20,1.748
2019-06-21,1.7461
2019-06-24,1.7452
2019-06-25,1.7434
2019-06-26,1.7398
2019-06-27,1.735
2019-06-28,1.715
2019-07-01,1.715
2019-07-02,1.7156
2019-07-03,1.7162
2019-07-04,1.7151
2019-07-05,1.7082
2019-07-08,1.7043
2019-07-09,1.7005
2019-07-10,1.6973
2019-07-11,1.6933
2019-07-12,1.683
2019-07-15,1.6805
2019-07-16,1.6773
2019-07-17,1.6759
2019-07-18,1.674
2019-07-19,1.6742
2019-07-22,1.674
2019-07-23,1.6738
2019-07-24,1.6732
2019-07-25,1.671
2019-07-26,1.6702
2019-07-29,1.6687
2019-07-30,1.6718
2019-07-31,1.6703
2019-08-01,1.6661
2019-08-02,1.6578
2019-08-05,1.6556
2019-08-06,1.6545
2019-08-07,1.6487
2019-08-08,1.6483
2019-08-13,1.648
2019-08-14,1.6462
2019-08-15,1.6438
2019-08-16,1.6328
2019-08-19,1.6258
2019-08-20,1.6175
2019-08-21,1.6135
2019-08-22,1.6081
2019-08-23,1.5972
2019-08-26,1.5933
2019-08-27,1.5907
2019-08-28,1.5886
2019-08-29,1.5886
2019-08-30,1.5875
2019-09-02,1.5827
2019-09-03,1.5796
2019-09-04,1.5786
2019-09-05,1.5782
2019-09-06,1.5733
2019-09-09,1.5708
2019-09-10,1.5673
2019-09-11,1.5621
2019-09-12,1.558
2019-09-13,1.5657
2019-09-16,1.5686
2019-09-17,1.5704
2019-09-18,1.5682
2019-09-19,1.5628
2019-09-20,1.5368
2019-09-23,1.5276
2019-09-24,1.5237
2019-09-25,1.5248
2019-09-26,1.5274
2019-09-27,1.5273
2019-09-30,1.5278
2019-10-01,1.5263
2019-10-02,1.525
2019-10-03,1.5223
2019-10-04,1.5108
2019-10-07,1.5063
2019-10-08,1.5013
2019-10-09,1.4972
2019-10-10,1.4943
2019-10-11,1.493
2019-10-14,1.4898
2019-10-15,1.4868
2019-10-16,1.4854
2019-10-17,1.483
2019-10-18,1.4686
2019-10-21,1.464
2019-10-22,1.4602
2019-10-23,1.4591
2019-10-24,1.4576
2019-10-25,1.4627
2019-10-29,1.4627
2019-10-30,1.4599
2019-10-31,1.4567
2019-11-01,1.4448
2019-11-04,1.4379
2019-11-05,1.4282
2019-11-06,1.4162
2019-11-07,1.4045
2019-11-08,1.3701
2019-11-11,1.3579
2019-11-12,1.3486
2019-11-13,1.3404
2019-11-14,1.3319
2019-11-15,1.316
2019-11-18,1.3096
2019-11-19,1.3062
2019-11-20,1.3072
2019-11-21,1.3095
2019-11-22,1.3184
2019-11-25,1.3212
2019-11-26,1.3233
2019-11-27,1.323
2019-11-28,1.3206
2019-11-29,1.3102
2019-12-02,1.311
2019-12-03,1.3082
2019-12-04,1.3042
2019-12-05,1.301
2019-12-06,1.2914
2019-12-09,1.2874
2019-12-10,1.2843
2019-12-11,1.2805
2019-12-12,1.2754
2019-12-13,1.2644
2019-12-16,1.2547
2019-12-17,1.2444
2019-12-18,1.2342
2019-12-19,1.2364
2019-12-20,1.261
2019-12-23,1.2739
2019-12-24,1.2862
2019-12-26,1.2836
2019-12-27,1.2708
2019-12-30,1.2682
2019-12-31,1.2636
2020-01-02,1.266
2020-01-03,1.2677
2020-01-06,1.2661
2020-01-07,1.2652
2020-01-08,1.2654
2020-01-09,1.2651
2020-01-10,1.263
2020-01-13,1.2606
2020-01-14,1.2579
2020-01-15,1.2552
2020-01-16,1.2519
2020-01-17,1.2493
2020-01-20,1.2441
2020-01-21,1.2409
2020-01-22,1.237
2020-01-23,1.2306
2020-01-24,1.2122
2020-01-28,1.2061
2020-01-29,1.199
2020-01-30,1.1954
2020-01-31,1.2023
2020-02-03,1.2037
2020-02-04,1.2044
2020-02-05,1.207
2020-02-06,1.2089
2020-02-07,1.2123
2020-02-10,1.2144
2020-02-11,1.2161
2020-02-12,1.2142
2020-02-13,1.2141
2020-02-14,1.2149
2020-02-17,1.2135
2020-02-18,1.2145
2020-02-19,1.2144
2020-02-20,1.2064
2020-02-21,1.1803
2020-02-24,1.1735
2020-02-25,1.1671
2020-02-26,1.1605
2020-02-27,1.1556
2020-02-28,1.1404
2020-03-02,1.133
2020-03-03,1.1261
2020-03-04,1.1191
2020-03-05,1.1106
2020-03-06,1.0896
2020-03-09,1.0823
2020-03-10,1.0743
2020-03-11,1.0646
2020-03-12,1.0592
2020-03-13,1.0382
2020-03-16,1.035
2020-03-17,1.036
2020-03-18,1.0386
2020-03-19,1.0331
2020-03-20,1.0028
2020-03-23,0.9855
2020-03-24,0.9667
2020-03-25,0.9481
2020-03-26,0.9361
2020-03-27,0.9018
2020-03-30,0.8929
2020-03-31,0.8809
2020-04-01,0.8687
2020-04-02,0.8529
2020-04-03,0.8205
2020-04-06,0.8126
2020-04-07,0.8058
2020-04-08,0.8014
2020-04-09,0.7782
2020-04-13,0.7701
2020-04-14,0.7654
2020-04-15,0.7609
2020-04-16,0.7548
2020-04-17,0.7222
2020-04-20,0.7149
2020-04-21,0.704
2020-04-22,0.6933
2020-04-23,0.6829
2020-04-24,0.6441
2020-04-27,0.6318
2020-04-28,0.62
2020-04-29,0.6098
2020-04-30,0.534
2020-05-04,0.5223
2020-05-05,0.5107
2020-05-06,0.492
2020-05-08,0.465
2020-05-11,0.4562
2020-05-12,0.4481
2020-05-13,0.4383
2020-05-14,0.4267
2020-05-15,0.393
2020-05-18,0.3806
2020-05-19,0.3687
2020-05-20,0.3619
2020-05-21,0.3542
2020-05-22,0.3185
2020-05-26,0.3092
2020-05-27,0.2996
2020-05-28,0.2866
2020-05-29,0.2707
2020-06-01,0.2576
2020-06-02,0.2488
2020-06-03,0.2424
2020-06-04,0.2371
2020-06-05,0.2179
2020-06-08,0.211
2020-06-09,0.2037
2020-06-10,0.1977
2020-06-11,0.1945
2020-06-12,0.1816
2020-06-15,0.1773
2020-06-16,0.1743
2020-06-17,0.1687
2020-06-18,0.1642
2020-06-19,0.1516
2020-06-22,0.1475
2020-06-23,0.1455
2020-06-24,0.1442
2020-06-25,0.1439
2020-06-26,0.1431
2020-06-29,0.143
2020-06-30,0.1411
2020-07-01,0.1394
2020-07-02,0.1375
2020-07-03,0.1325
2020-07-06,0.1304
2020-07-07,0.126
2020-07-08,0.1195
2020-07-09,0.0929
2020-07-13,0.0895
2020-07-14,0.0854
2020-07-15,0.0808
2020-07-16,0.077
2020-07-17,0.0712
2020-07-20,0.0702
2020-07-21,0.07
2020-07-22,0.0696
2020-07-23,0.0715
2020-07-24,0.0778
2020-07-27,0.0792
2020-07-28,0.0809
2020-07-29,0.0804
2020-07-30,0.0811
2020-08-03,0.0816
2020-08-04,0.0817
2020-08-05,0.0813
2020-08-06,0.0814
2020-08-07,0.0865
2020-08-11,0.0869
2020-08-12,0.0873
2020-08-13,0.0879
2020-08-14,0.0907
2020-08-17,0.0916
2020-08-18,0.0929
2020-08-19,0.0942
2020-08-20,0.0947
2020-08-21,0.095
2020-08-24,0.0952
2020-08-25,0.0953
2020-08-26,0.0948
2020-08-27,0.0949
2020-08-28,0.0975
2020-08-31,0.0985
2020-09-01,0.0992
2020-09-02,0.0998
2020-09-03,0.1002
2020-09-04,0.1014
2020-09-07,0.1016
2020-09-08,0.1015
2020-09-09,0.1019
2020-09-10,0.1021
2020-09-11,0.1035
2020-09-14,0.1031
2020-09-15,0.1024
2020-09-16,0.1018
2020-09-17,0.1015
2020-09-18,0.1027
2020-09-21,0.1033
2020-09-22,0.1024
2020-09-23,0.1023
2020-09-24,0.1027
2020-09-25,0.1008
2020-09-28,0.1006
2020-09-29,0.0997
2020-09-30,0.0988
2020-10-01,0.0982
2020-10-02,0.0979
2020-10-05,0.0984
2020-10-06,0.0996
2020-10-07,0.1017
2020-10-08,0.1021
2020-10-09,0.1088
2020-10-12,0.1103
2020-10-13,0.1112
2020-10-14,0.1122
2020-10-15,0.1139
2020-10-16,0.1168
2020-10-19,0.1175
2020-10-20,0.1184
2020-10-21,0.1187
2020-10-22,0.1194
2020-10-23,0.1149
2020-10-26,0.113
2020-10-27,0.1114
2020-10-28,0.1099
2020-10-29,0.1101
2020-10-30,0.1167
2020-11-02,0.1172
2020-11-03,0.1168
2020-11-04,0.1166
2020-11-05,0.1167
2020-11-06,0.1152
2020-11-09,0.1146
2020-11-10,0.1136
2020-11-11,0.1137
2020-11-12,0.1136
2020-11-13,0.1134
2020-11-16,0.1138
2020-11-17,0.1137
2020-11-18,0.113
2020-11-19,0.1128
2020-11-20,0.1139
2020-11-23,0.114
2020-11-24,0.1147
2020-11-25,0.1153
2020-11-26,0.1162
2020-11-27,0.1171
2020-11-30,0.116
2020-12-01,0.1165
2020-12-02,0.1176
2020-12-03,0.1184
2020-12-04,0.1181
2020-12-07,0.1187
2020-12-08,0.1195
2020-12-09,0.1195
2020-12-10,0.1197
2020-12-11,0.1171
2020-12-14,0.1173
2020-12-15,0.1176
2020-12-16,0.1183
2020-12-17,0.1194
2020-12-18,0.1193
2020-12-21,0.119
2020-12-22,0.1201
2020-12-23,0.1203
2020-12-24,0.1252
2020-12-28,0.1248
2020-12-29,0.1263
2020-12-30,0.1283
2020-12-31,0.1661
2021-01-04,0.1662
2021-01-05,0.1659
2021-01-06,0.1656
2021-01-07,0.1653
2021-01-08,0.1664
2021-01-11,0.1664
2021-01-12,0.1663
2021-01-13,0.1665
2021-01-14,0.1663
2021-01-15,0.1653
2021-01-18,0.1659
2021-01-19,0.1666
2021-01-20,0.1665
2021-01-21,0.1671
2021-01-22,0.1679
2021-01-25,0.1678
2021-01-26,0.1682
2021-01-27,0.1681
2021-01-28,0.1697
2021-01-29,0.1694
2021-02-01,0.1684
2021-02-02,0.1684
2021-02-03,0.1682
2021-02-04,0.1683
2021-02-05,0.1692
2021-02-08,0.1696
2021-02-09,0.1704
2021-02-10,0.1718
2021-02-11,0.1833
2021-02-15,0.1845
2021-02-16,0.1845
2021-02-17,0.1846
2021-02-18,0.1849
2021-02-19,0.1912
2021-02-22,0.1929
2021-02-23,0.194
2021-02-24,0.1946
2021-02-25,0.1961
2021-02-26,0.1996
2021-03-01,0.1989
2021-03-02,0.1977
2021-03-03,0.1966
2021-03-04,0.1968
2021-03-05,0.1995
2021-03-08,0.2003
2021-03-09,0.2015
2021-03-10,0.202
2021-03-11,0.2046
2021-03-12,0.2147
2021-03-15,0.2176
2021-03-16,0.2189
2021-03-17,0.2199
2021-03-18,0.2213
2021-03-19,0.2231
2021-03-22,0.223
2021-03-23,0.2238
2021-03-24,0.2236
2021-03-25,0.224
2021-03-26,0.2308
2021-03-29,0.2309
2021-03-30,0.2295
2021-03-31,0.2216
2021-04-01,0.1935
2021-04-05,0.1937
2021-04-06,0.1932
2021-04-07,0.1918
2021-04-08,0.1902
2021-04-09,0.1855
2021-04-12,0.1845
2021-04-13,0.1839
2021-04-14,0.1839
2021-04-15,0.1834
2021-04-16,0.1844
2021-04-19,0.1835
2021-04-20,0.1841
2021-04-21,0.184
2021-04-22,0.1844
2021-04-23,0.1864
2021-04-26,0.1858
2021-04-27,0.1867
2021-04-28,0.1856
2021-04-29,0.185
2021-04-30,0.1862
2021-05-03,0.1875
2021-05-04,0.1884
2021-05-05,0.1895
2021-05-06,0.1893
2021-05-07,0.1922
2021-05-10,0.192
2021-05-11,0.1892
2021-05-12,0.1847
2021-05-14,0.1829
2021-05-17,0.1836
2021-05-18,0.1837
2021-05-19,0.1812
2021-05-20,0.1787
2021-05-21,0.1729
2021-05-24,0.1721
2021-05-25,0.1683
2021-05-27,0.1666
2021-05-28,0.1691
2021-05-31,0.1679
2021-06-01,0.1685
2021-06-02,0.1695
2021-06-03,0.1702
2021-06-04,0.1683
2021-06-07,0.1674
2021-06-08,0.1667
2021-06-09,0.1653
2021-06-10,0.1644
2021-06-11,0.1561
2021-06-14,0.153
2021-06-15,0.1503
2021-06-16,0.1489
2021-06-17,0.1486
2021-06-18,0.1494
2021-06-21,0.1492
2021-06-22,0.1493
2021-06-23,0.1484
2021-06-24,0.1482
2021-06-25,0.1399
2021-06-28,0.1367
2021-06-29,0.1349
2021-06-30,0.1326
2021-07-01,0.1323
2021-07-02,0.1328
2021-07-05,0.1326
2021-07-06,0.1327
2021-07-07,0.1332
2021-07-08,0.1339
2021-07-09,0.1365
2021-07-12,0.1368
2021-07-13,0.1368
2021-07-14,0.1368
2021-07-15,0.1371
2021-07-16,0.1347
2021-07-19,0.1344
2021-07-21,0.135
2021-07-22,0.1351
2021-07-23,0.1319
2021-07-26,0.1319
2021-07-27,0.1312
2021-07-28,0.1306
2021-07-29,0.13
2021-07-30,0.1321
2021-08-02,0.1319
2021-08-03,0.1309
2021-08-04,0.1302
2021-08-05,0.129
2021-08-06,0.1313
2021-08-10,0.1301
2021-08-11,0.1301
2021-08-12,0.1295
2021-08-13,0.1272
2021-08-16,0.1262
2021-08-17,0.1256
2021-08-18,0.1255
2021-08-19,0.1259
2021-08-20,0.1275
2021-08-23,0.1279
2021-08-24,0.1281
2021-08-25,0.1284
2021-08-26,0.1287
2021-08-27,0.1296
2021-08-30,0.1292
2021-08-31,0.13
2021-09-01,0.1301
2021-09-02,0.1302
2021-09-03,0.1324
2021-09-06,0.1327
2021-09-07,0.1339
2021-09-08,0.1342
2021-09-09,0.1346
2021-09-10,0.1346
2021-09-13,0.1346
2021-09-14,0.1342
2021-09-15,0.1344
2021-09-16,0.1346
2021-09-17,0.1319
2021-09-20,0.1311
2021-09-21,0.1308
2021-09-22,0.1312
2021-09-23,0.1309
2021-09-24,0.1304
2021-09-27,0.1305
2021-09-28,0.1304
2021-09-29,0.1306
2021-09-30,0.1306
2021-10-01,0.1302
2021-10-04,0.1295
2021-10-05,0.1291
2021-10-06,0.1287
2021-10-07,0.1291
2021-10-08,0.1315
2021-10-11,0.1321
2021-10-12,0.1332
2021-10-13,0.1344
2021-10-14,0.1359
2021-10-15,0.1437
2021-10-18,0.1452
2021-10-19,0.1476
2021-10-20,0.1495
2021-10-21,0.1498
2021-10-22,0.153
2021-10-25,0.1547
2021-10-26,0.1557
2021-10-27,0.1555
2021-10-28,0.1557
2021-10-29,0.1555
2021-11-01,0.1546
2021-11-02,0.1537
2021-11-03,0.1539
2021-11-05,0.1504
2021-11-08,0.1489
2021-11-09,0.1476
2021-11-10,0.1486
2021-11-11,0.1492
2021-11-12,0.1523
2021-11-15,0.153
2021-11-16,0.1545
2021-11-17,0.1558
2021-11-18,0.1569
2021-11-19,0.1615
2021-11-22,0.1613
2021-11-23,0.1617
2021-11-24,0.1622
2021-11-25,0.1625
2021-11-26,0.1608
2021-11-29,0.1596
2021-11-30,0.1579
2021-12-01,0.1572
2021-12-02,0.1565
2021-12-03,0.1579
2021-12-06,0.1601
2021-12-07,0.1617
2021-12-08,0.1625
2021-12-09,0.1628
2021-12-10,0.165
2021-12-13,0.167
2021-12-14,0.1699
2021-12-15,0.1708
2021-12-16,0.1715
2021-12-17,0.175
2021-12-20,0.1753
2021-12-21,0.1753
2021-12-22,0.1744
2021-12-23,0.1749
2021-12-24,0.1809
2021-12-27,0.182
2021-12-28,0.1834
2021-12-29,0.1856
2021-12-30,0.1867
2021-12-31,0.1943
2022-01-03,0.1949
2022-01-04,0.196
2022-01-05,0.1971
2022-01-06,0.1977
2022-01-07,0.1966
2022-01-10,0.1955
2022-01-11,0.1953
2022-01-12,0.1955
2022-01-13,0.196
2022-01-14,0.1933
2022-01-17,0.1912
2022-01-18,0.1903
2022-01-19,0.1882
2022-01-20,0.1888
2022-01-21,0.19
2022-01-24,0.1893
2022-01-25,0.1887
2022-01-26,0.1917
2022-01-27,0.194
2022-01-28,0.1991
2022-01-31,0.2065
2022-02-03,0.2086
2022-02-04,0.2141
2022-02-07,0.2162
2022-02-08,0.2177
2022-02-09,0.2182
2022-02-10,0.2176
2022-02-11,0.2182
2022-02-14,0.2175
2022-02-15,0.2176
2022-02-16,0.2185
2022-02-17,0.2189
2022-02-18,0.2281
2022-02-21,0.2279
2022-02-22,0.2304
2022-02-23,0.2319
2022-02-24,0.2341
2022-02-25,0.2454
2022-02-28,0.2504
2022-03-01,0.2511
2022-03-02,0.251
2022-03-03,0.2497
2022-03-04,0.2436
2022-03-07,0.2403
2022-03-08,0.2386
2022-03-09,0.2377
2022-03-10,0.2374
2022-03-11,0.2351
2022-03-14,0.2333
2022-03-15,0.2336
2022-03-16,0.2349
2022-03-17,0.2353
2022-03-18,0.2367
2022-03-21,0.2399
2022-03-22,0.2444
2022-03-23,0.2504
2022-03-24,0.2533
2022-03-25,0.2674
2022-03-28,0.2706
2022-03-29,0.2707
2022-03-30,0.2726
2022-03-31,0.276
2022-04-01,0.2815
2022-04-04,0.2847
2022-04-05,0.2871
2022-04-06,0.2881
2022-04-07,0.2896
2022-04-08,0.2957
2022-04-11,0.296
2022-04-12,0.2961
2022-04-13,0.2978
2022-04-14,0.3038
2022-04-18,0.3036
2022-04-19,0.303
2022-04-20,0.3015
2022-04-21,0.3006
2022-04-22,0.3053
2022-04-25,0.3064
2022-04-26,0.3059
2022-04-27,0.3064
2022-04-28,0.3065
2022-04-29,0.3227
2022-05-04,0.3252
2022-05-05,0.3318
2022-05-06,0.3588
2022-05-09,0.3667
2022-05-10,0.3739
2022-05-11,0.3814
2022-05-12,0.3892
2022-05-13,0.4418
2022-05-17,0.4488
2022-05-18,0.4546
2022-05-19,0.4588
2022-05-20,0.4861
2022-05-23,0.4943
2022-05-24,0.5009
2022-05-25,0.5048
2022-05-26,0.508
2022-05-27,0.5208
2022-05-30,0.5221
2022-05-31,0.5263
2022-06-01,0.5278
2022-06-02,0.5326
2022-06-03,0.5488
2022-06-06,0.5531
2022-06-07,0.5581
2022-06-08,0.563
2022-06-09,0.5688
2022-06-10,0.5904
2022-06-13,0.5952
2022-06-14,0.5982
2022-06-15,0.6
2022-06-16,0.6053
2022-06-17,0.6357
2022-06-20,0.6436
2022-06-21,0.6544
2022-06-22,0.6658
2022-06-23,0.6767
2022-06-24,0.7163
2022-06-27,0.7287
2022-06-28,0.7434
2022-06-29,0.7572
2022-06-30,0.772
2022-07-01,0.8089
2022-07-04,0.8239
2022-07-05,0.8394
2022-07-06,0.8552
2022-07-07,0.8713
2022-07-08,0.9431
2022-07-12,0.9609
2022-07-13,0.9782
2022-07-14,0.9951
2022-07-15,1.0485
2022-07-18,1.068
2022-07-19,1.0877
2022-07-20,1.1055
2022-07-21,1.1231
2022-07-22,1.1683
2022-07-25,1.1839
2022-07-26,1.198
2022-07-27,1.211
2022-07-28,1.2295
2022-07-29,1.2712
2022-08-01,1.283
2022-08-02,1.294
2022-08-03,1.3016
2022-08-04,1.3112
2022-08-05,1.3388
2022-08-08,1.3571
2022-08-10,1.3652
2022-08-11,1.3745
2022-08-12,1.3925
2022-08-15,1.3985
2022-08-16,1.4044
2022-08-17,1.4155
2022-08-18,1.4255
2022-08-19,1.4636
2022-08-22,1.4752
2022-08-23,1.4871
2022-08-24,1.4993
2022-08-25,1.5106
2022-08-26,1.5486
2022-08-29,1.5607
2022-08-30,1.5793
2022-08-31,1.5967
2022-09-01,1.6164
2022-09-02,1.6654
2022-09-05,1.6828
2022-09-06,1.7012
2022-09-07,1.7188
2022-09-08,1.7369
2022-09-09,1.7901
2022-09-12,1.8069
2022-09-13,1.8246
2022-09-14,1.8404
2022-09-15,1.8549
2022-09-16,1.8811
2022-09-19,1.8871
2022-09-20,1.8945
2022-09-21,1.8968
2022-09-22,1.9009
2022-09-23,1.9207
2022-09-26,1.928
2022-09-27,1.9381
2022-09-28,1.9477
2022-09-29,1.9732
2022-09-30,2.0655
2022-10-03,2.0851
2022-10-04,2.1035
2022-10-05,2.1167
2022-10-06,2.1321
2022-10-07,2.182
2022-10-10,2.1929
2022-10-11,2.2088
2022-10-12,2.2199
2022-10-13,2.2353
2022-10-14,2.2773
2022-10-17,2.2893
2022-10-18,2.3028
2022-10-19,2.3112
2022-10-20,2.3263
2022-10-21,2.3891
2022-10-25,2.4016
2022-10-26,2.4148
2022-10-27,2.4292
2022-10-28,2.4534
2022-10-31,2.4613
2022-11-01,2.4705
2022-11-02,2.481
2022-11-03,2.4945
2022-11-04,2.5382
2022-11-07,2.5499
2022-11-08,2.563
2022-11-09,2.5753
2022-11-10,2.5947
2022-11-11,2.6487
2022-11-14,2.6633
2022-11-15,2.6745
2022-11-16,2.6854
2022-11-17,2.6994
2022-11-18,2.745
2022-11-21,2.7621
2022-11-22,2.7778
2022-11-23,2.7933
2022-11-24,2.8095
2022-11-25,2.8651
2022-11-28,2.882
2022-11-29,2.9007
2022-11-30,2.9243
2022-12-01,2.9442
2022-12-02,3.0095
2022-12-05,3.0247
2022-12-06,3.0393
2022-12-07,3.0548
2022-12-08,3.0664
2022-12-09,3.0925
2022-12-12,3.0953
2022-12-13,3.0937
2022-12-14,3.091
2022-12-15,3.098
2022-12-16,3.1138
2022-12-19,3.1139
2022-12-20,3.1149
2022-12-21,3.1141
2022-12-22,3.1109
2022-12-23,3.1415
2022-12-27,3.1317
2022-12-28,3.1214
2022-12-29,3.0966
2022-12-30,3.0294
2023-01-03,3.0166
2023-01-04,3.0049
2023-01-05,3.0008
2023-01-06,2.998
2023-01-09,3.0019
2023-01-10,3.0074
2023-01-11,3.0057
2023-01-12,3.0115
2023-01-13,3.0298
2023-01-16,3.0328
2023-01-17,3.0385
2023-01-18,3.0442
2023-01-19,3.0549
2023-01-20,3.0772
2023-01-25,3.0853
2023-01-26,3.0925
2023-01-27,3.1199
2023-01-30,3.1307
2023-01-31,3.1419
2023-02-01,3.1525
2023-02-02,3.1625
2023-02-03,3.1869
2023-02-06,3.1916
2023-02-07,3.194
2023-02-08,3.1953
2023-02-09,3.1989
2023-02-10,3.209
2023-02-13,3.2084
2023-02-14,3.2103
2023-02-15,3.2148
2023-02-16,3.2214
2023-02-17,3.2321
2023-02-20,3.2314
2023-02-21,3.2277
2023-02-22,3.2251
2023-02-23,3.2266
2023-02-24,3.2347
2023-02-27,3.2352
2023-02-28,3.2206
2023-03-01,3.2164
2023-03-02,3.2116
2023-03-03,3.2035
2023-03-06,3.2055
2023-03-07,3.2053
2023-03-08,3.209
2023-03-09,3.2143
2023-03-10,3.2415
2023-03-13,3.2602
2023-03-14,3.281
2023-03-15,3.2921
2023-03-16,3.3084
2023-03-17,3.3668
2023-03-20,3.3901
2023-03-21,3.4162
2023-03-22,3.4394
2023-03-23,3.45
2023-03-24,3.4664
2023-03-27,3.4852
2023-03-28,3.5044
2023-03-29,3.5296
2023-03-30,3.542
2023-03-31,3.5775
2023-04-03,3.5907
2023-04-04,3.6042
2023-04-05,3.6135
2023-04-06,3.6156
2023-04-10,3.6127
2023-04-11,3.6123
2023-04-12,3.6106
2023-04-13,3.6047
2023-04-14,3.5928
2023-04-17,3.5898
2023-04-18,3.5851
2023-04-19,3.5816
2023-04-20,3.5802
2023-04-21,3.5969
2023-04-24,3.6013
2023-04-25,3.603
2023-04-26,3.6035
2023-04-27,3.6047
2023-04-28,3.6057
2023-05-02,3.6075
2023-05-03,3.6076
2023-05-04,3.6037
2023-05-05,3.6046
2023-05-08,3.6086
2023-05-09,3.6134
2023-05-10,3.6114
2023-05-11,3.611
2023-05-12,3.6084
2023-05-15,3.6093
2023-05-16,3.6094
2023-05-17,3.6088
2023-05-18,3.6077
2023-05-19,3.6094
2023-05-22,3.6143
2023-05-23,3.6152
2023-05-24,3.6133
2023-05-25,3.6118
2023-05-26,3.6125
2023-05-29,3.6171
2023-05-30,3.6211
2023-05-31,3.6241
2023-06-01,3.6313
2023-06-05,3.6337
2023-06-06,3.6355
2023-06-07,3.6394
2023-06-08,3.6431
2023-06-09,3.6535
2023-06-12,3.652
2023-06-13,3.65
2023-06-14,3.6501
2023-06-15,3.6531
2023-06-16,3.6445
2023-06-19,3.6416
2023-06-20,3.6397
2023-06-21,3.6361
2023-06-22,3.6346
2023-06-23,3.6352
2023-06-26,3.6371
2023-06-27,3.6396
2023-06-28,3.6414
2023-06-30,3.6549
2023-07-03,3.66
2023-07-04,3.6621
2023-07-05,3.6653
2023-07-06,3.6685
2023-07-07,3.6794
2023-07-10,3.6844
2023-07-11,3.689
2023-07-12,3.6926
2023-07-13,3.6955
2023-07-14,3.7016
2023-07-17,3.7044
2023-07-18,3.7069
2023-07-19,3.7093
2023-07-20,3.7111
2023-07-21,3.6996
2023-07-24,3.6947
2023-07-25,3.6914
2023-07-26,3.6883
2023-07-27,3.6844
2023-07-28,3.6774
2023-07-31,3.6748
2023-08-01,3.6706
2023-08-02,3.6676
2023-08-03,3.6663
2023-08-04,3.6796
2023-08-07,3.6844
2023-08-08,3.6872
2023-08-10,3.6878
2023-08-11,3.6938
2023-08-14,3.6954
2023-08-15,3.6965
2023-08-16,3.6976
2023-08-17,3.6985
2023-08-18,3.7078
2023-08-21,3.7076
2023-08-22,3.7051
2023-08-23,3.7046
2023-08-24,3.7034
2023-08-25,3.7
2023-08-28,3.6996
2023-08-29,3.6976
2023-08-30,3.6949
2023-08-31,3.6964
2023-09-04,3.6974
2023-09-05,3.6972
2023-09-06,3.6962
2023-09-07,3.6944
2023-09-08,3.6947
2023-09-11,3.6925
2023-09-12,3.6939
2023-09-13,3.6957
2023-09-14,3.6978
2023-09-15,3.7045
2023-09-18,3.7057
2023-09-19,3.7054
2023-09-20,3.7059
2023-09-21,3.706
2023-09-22,3.7072
2023-09-25,3.707
2023-09-26,3.7077
2023-09-27,3.7071
2023-09-28,3.7052
2023-09-29,3.7017
2023-10-02,3.698
2023-10-03,3.6956
2023-10-04,3.6934
2023-10-05,3.6919
2023-10-06,3.6988
2023-10-09,3.6994
2023-10-10,3.7001
2023-10-11,3.7004
2023-10-12,3.7018
2023-10-13,3.7099
2023-10-16,3.7123
2023-10-17,3.7152
2023-10-18,3.7185
2023-10-19,3.7211
2023-10-20,3.7287
2023-10-23,3.73
2023-10-24,3.732
2023-10-25,3.7352
2023-10-26,3.7401
2023-10-27,3.7479
2023-10-30,3.7512
2023-10-31,3.7527
2023-11-01,3.7556
2023-11-02,3.7581
2023-11-03,3.7611
2023-11-06,3.7594
2023-11-07,3.7562
2023-11-08,3.7531
2023-11-09,3.7509
2023-11-10,3.7524
2023-11-14,3.7536
2023-11-15,3.7546
2023-11-16,3.7549
2023-11-17,3.7543
2023-11-20,3.7517
2023-11-21,3.7534
2023-11-22,3.7532
2023-11-23,3.7532
2023-11-24,3.7531
2023-11-27,3.7533
2023-11-28,3.751
2023-11-29,3.7477
2023-11-30,3.7464
2023-12-01,3.7432
2023-12-04,3.7416
2023-12-05,3.7408
2023-12-06,3.7411
2023-12-07,3.7436
2023-12-08,3.7405
2023-12-11,3.7408
2023-12-12,3.7429
2023-12-13,3.7462
2023-12-14,3.7472
2023-12-15,3.7445
2023-12-18,3.7442
2023-12-19,3.744
2023-12-20,3.741
2023-12-21,3.7388
2023-12-22,3.7228
2023-12-26,3.7182
2023-12-27,3.713
2023-12-28,3.709
2023-12-29,3.7018
2024-01-02,3.7012
2024-01-03,3.7038
2024-01-04,3.7063
2024-01-05,3.7039
2024-01-08,3.703
2024-01-09,3.7032
2024-01-10,3.704
2024-01-11,3.7057
2024-01-12,3.706
2024-01-15,3.7039
2024-01-16,3.7029
2024-01-17,3.7008
2024-01-18,3.6984
2024-01-19,3.6841
2024-01-22,3.68
2024-01-23,3.6763
2024-01-24,3.6728
2024-01-25,3.6707
2024-01-26,3.6632
2024-01-29,3.6609
2024-01-30,3.6571
2024-01-31,3.6548
2024-02-01,3.6524
2024-02-02,3.6443
2024-02-05,3.6424
2024-02-06,3.6427
2024-02-07,3.6429
2024-02-08,3.6427
2024-02-09,3.6379
2024-02-13,3.6349
2024-02-14,3.634
2024-02-15,3.6346
2024-02-16,3.6346
2024-02-19,3.6343
2024-02-20,3.6353
2024-02-21,3.6335
2024-02-22,3.6347
2024-02-23,3.6412
2024-02-26,3.6427
2024-02-27,3.6433
2024-02-28,3.6466
2024-02-29,3.6488
2024-03-01,3.6519
2024-03-04,3.6509
2024-03-05,3.6496
2024-03-06,3.648
2024-03-07,3.6449
2024-03-08,3.6367
2024-03-11,3.6328
2024-03-12,3.6273
2024-03-13,3.6204
2024-03-14,3.6171
2024-03-15,3.6118
2024-03-18,3.6131
2024-03-19,3.6165
2024-03-20,3.6211
2024-03-21,3.6277
2024-03-22,3.6564
2024-03-25,3.6634
2024-03-26,3.669
2024-03-27,3.6762
2024-03-28,3.6829
2024-04-01,3.6838
2024-04-02,3.6838
2024-04-03,3.6804
2024-04-04,3.6771
2024-04-05,3.6666
2024-04-08,3.6615
2024-04-09,3.654
2024-04-11,3.6497
2024-04-12,3.6406
2024-04-15,3.6387
2024-04-16,3.6363
2024-04-17,3.6329
2024-04-18,3.6319
2024-04-19,3.639
2024-04-22,3.6397
2024-04-23,3.6403
2024-04-24,3.6416
2024-04-25,3.6421
2024-04-26,3.6466
2024-04-29,3.6465
2024-04-30,3.6491
2024-05-02,3.6508
2024-05-03,3.6583
2024-05-06,3.6598
2024-05-07,3.6626
2024-05-08,3.6691
2024-05-09,3.6742
2024-05-10,3.6917
2024-05-13,3.6957
2024-05-14,3.6972
2024-05-15,3.6962
2024-05-16,3.6939
2024-05-17,3.6872
2024-05-20,3.6852
2024-05-21,3.6807
2024-05-23,3.6776
2024-05-24,3.6732
2024-05-27,3.6727
2024-05-28,3.67
2024-05-29,3.6689
2024-05-30,3.6678
2024-05-31,3.6597
2024-06-03,3.6602
2024-06-04,3.6624
2024-06-05,3.6651
2024-06-06,3.6656
2024-06-07,3.6723
2024-06-10,3.6717
2024-06-11,3.6721
2024-06-12,3.6742
2024-06-13,3.6769
2024-06-14,3.6867
2024-06-18,3.6856
2024-06-19,3.6836
2024-06-20,3.6806
2024-06-21,3.6633
2024-06-24,3.6568
2024-06-25,3.6516
2024-06-26,3.6478
2024-06-27,3.6428
2024-06-28,3.6336
2024-07-01,3.6305
2024-07-02,3.6283
2024-07-03,3.6279
2024-07-04,3.6275
2024-07-05,3.6311
2024-07-08,3.6321
2024-07-09,3.632
2024-07-10,3.6329
2024-07-11,3.6337
2024-07-12,3.6365
2024-07-15,3.6376
2024-07-16,3.6386
2024-07-17,3.6412
2024-07-18,3.6423
2024-07-19,3.6402
2024-07-22,3.6397
2024-07-23,3.6393
2024-07-24,3.6395
2024-07-25,3.64
2024-07-26,3.6399
2024-07-29,3.6403
2024-07-30,3.6389
2024-07-31,3.6381
2024-08-01,3.6384
2024-08-02,3.634
2024-08-05,3.6325
2024-08-06,3.6303
2024-08-07,3.6279
2024-08-08,3.611
2024-08-12,3.607
2024-08-13,3.6066
2024-08-14,3.6062
2024-08-15,3.6051
2024-08-16,3.6032
2024-08-19,3.6027
2024-08-20,3.6001
2024-08-21,3.5973
2024-08-22,3.5944
2024-08-23,3.5811
2024-08-26,3.5761
2024-08-27,3.5723
2024-08-28,3.5702
2024-08-29,3.569
2024-08-30,3.5694
2024-09-02,3.5686
2024-09-03,3.5657
2024-09-04,3.5619
2024-09-05,3.5578
2024-09-06,3.5515
2024-09-09,3.5479
2024-09-10,3.5468
2024-09-11,3.5468
2024-09-12,3.5456
2024-09-13,3.5395
2024-09-16,3.537
2024-09-17,3.5334
2024-09-18,3.5305
2024-09-19,3.524
2024-09-20,3.5103
2024-09-23,3.5046
2024-09-24,3.4988
2024-09-25,3.4944
2024-09-26,3.4924
2024-09-27,3.4882
2024-09-30,3.4932
2024-10-01,3.4966
2024-10-02,3.4987
2024-10-03,3.5
2024-10-04,3.5013
2024-10-07,3.501
2024-10-08,3.5002
2024-10-09,3.4991
2024-10-10,3.4949
2024-10-11,3.4808
2024-10-14,3.4757
2024-10-15,3.4704
2024-10-16,3.4637
2024-10-17,3.4566
2024-10-18,3.4371
2024-10-21,3.4314
2024-10-22,3.4266
2024-10-23,3.4215
2024-10-24,3.415
2024-10-25,3.3948
2024-10-28,3.3884
2024-10-29,3.3834
2024-10-30,3.3769
2024-11-01,3.3658
2024-11-04,3.3593
2024-11-05,3.3516
2024-11-06,3.3438
2024-11-07,3.3364
2024-11-08,3.3202
2024-11-11,3.3151
2024-11-12,3.3088
2024-11-13,3.301
2024-11-14,3.2932
2024-11-15,3.2728
2024-11-18,3.2685
2024-11-19,3.2632
2024-11-20,3.2588
2024-11-21,3.254
2024-11-22,3.25
2024-11-25,3.2482
2024-11-26,3.2447
2024-11-27,3.2389
2024-11-28,3.2322
2024-11-29,3.2147
2024-12-02,3.2093
2024-12-03,3.2039
2024-12-04,3.1988
2024-12-05,3.1909
2024-12-06,3.1676
2024-12-09,3.164
2024-12-10,3.1598
2024-12-11,3.1546
2024-12-12,3.1509
2024-12-13,3.1413
2024-12-16,3.137
2024-12-17,3.1327
2024-12-18,3.1276
2024-12-19,3.1263
2024-12-20,3.1272
2024-12-23,3.1232
2024-12-24,3.1143
2024-12-26,3.1047
2024-12-27,3.0799
2024-12-30,3.0717
2024-12-31,3.0346
2025-01-02,3.0227
2025-01-03,2.9962
2025-01-06,2.9883
2025-01-07,2.9805
2025-01-08,2.9744
2025-01-09,2.97
2025-01-10,2.9701
2025-01-13,2.9683
2025-01-14,2.9666
2025-01-15,2.9642
2025-01-16,2.9594
2025-01-17,2.9364
2025-01-20,2.9284
2025-01-21,2.9221
2025-01-22,2.9162
2025-01-23,2.9157
2025-01-24,2.918
2025-01-27,2.9175
2025-01-28,2.9182
2025-01-31,2.8993
2025-02-03,2.893
2025-02-04,2.8889
2025-02-05,2.883
2025-02-06,2.879
2025-02-07,2.8615
2025-02-10,2.8554
2025-02-11,2.848
2025-02-12,2.8418
2025-02-13,2.8367
2025-02-14,2.8207
2025-02-17,2.8143
2025-02-18,2.8077
2025-02-19,2.8011
2025-02-20,2.7959
2025-02-21,2.7752
2025-02-24,2.7661
2025-02-25,2.759
2025-02-26,2.7534
2025-02-27,2.7518
2025-02-28,2.7291
2025-03-03,2.7208
2025-03-04,2.7129
2025-03-05,2.7078
2025-03-06,2.7018
2025-03-07,2.6736
2025-03-10,2.6624
2025-03-11,2.6518
2025-03-12,2.6395
2025-03-13,2.6282
2025-03-14,2.5997
2025-03-17,2.5917
2025-03-18,2.5857
2025-03-19,2.5796
2025-03-20,2.5712
2025-03-21,2.5569
2025-03-24,2.5571
2025-03-25,2.5592
2025-03-26,2.5641
2025-03-27,2.5618
2025-03-28,2.5507
2025-04-01,2.5496
2025-04-02,2.546
2025-04-03,2.54
2025-04-04,2.5243
2025-04-07,2.5221
2025-04-08,2.5171
2025-04-09,2.5108
2025-04-10,2.5018
2025-04-11,2.4768
2025-04-14,2.4695
2025-04-15,2.4635
2025-04-16,2.4612
2025-04-17,2.4588
2025-04-21,2.4551
2025-04-22,2.4501
2025-04-23,2.4407
2025-04-24,2.4305
2025-04-25,2.3991
2025-04-28,2.3885
2025-04-29,2.3778
2025-04-30,2.3587
2025-05-02,2.3472
2025-05-05,2.346
2025-05-06,2.3431
2025-05-07,2.3385
2025-05-08,2.3349
2025-05-09,2.3241
2025-05-13,2.3229
2025-05-14,2.3204
2025-05-15,2.3175
2025-05-16,2.3075
2025-05-19,2.3042
2025-05-20,2.3004
2025-05-21,2.2976
2025-05-22,2.2951
2025-05-23,2.2919
2025-05-26,2.2884
2025-05-27,2.2829
2025-05-28,2.2812
2025-05-29,2.2795
2025-05-30,2.2692
2025-06-02,2.2653
2025-06-03,2.2597
2025-06-04,2.2517
2025-06-05,2.2423
2025-06-06,2.2181
2025-06-09,2.2112
2025-06-10,2.2075
2025-06-11,2.205
2025-06-12,2.2013
2025-06-13,2.1825
2025-06-16,2.1759
2025-06-17,2.1685
2025-06-18,2.1616
2025-06-19,2.1542
2025-06-20,2.128
2025-06-23,2.1174
2025-06-24,2.1055
2025-06-25,2.0925
2025-06-26,2.0797
2025-06-27,2.0607
2025-06-30,2.0533
2025-07-01,2.047
2025-07-02,2.0392
2025-07-03,2.032
2025-07-04,2.0046
2025-07-07,1.9937
2025-07-08,1.9856
2025-07-09,1.9778
2025-07-10,1.9701
2025-07-11,1.9504
2025-07-14,1.9436
2025-07-15,1.9353
2025-07-16,1.9274
2025-07-17,1.9176
2025-07-18,1.8885
2025-07-21,1.8791
2025-07-22,1.8715
2025-07-23,1.8675
2025-07-24,1.8648
2025-07-25,1.8574
2025-07-28,1.8531
2025-07-29,1.8497
2025-07-30,1.8495
2025-07-31,1.845
2025-08-01,1.823
2025-08-04,1.8161
2025-08-05,1.8098
2025-08-06,1.803
2025-08-07,1.7978
2025-08-08,1.7769
2025-08-11,1.7698
2025-08-12,1.7602
2025-08-13,1.7491
2025-08-14,1.7395
2025-08-15,1.7088
2025-08-18,1.6993
2025-08-19,1.6919
2025-08-20,1.6873
2025-08-21,1.6808
2025-08-22,1.6497
2025-08-25,1.6375
2025-08-26,1.6252
2025-08-27,1.6111
2025-08-28,1.5986
2025-08-29,1.5638
2025-09-01,1.5488
2025-09-02,1.5358
2025-09-03,1.532
2025-09-04,1.531
2025-09-05,1.5387
2025-09-08,1.5405
2025-09-09,1.5427
2025-09-10,1.5389
2025-09-11,1.5329
2025-09-12,1.5206
2025-09-15,1.5165
2025-09-16,1.5095
2025-09-17,1.5036
2025-09-18,1.4959
2025-09-19,1.4879
2025-09-22,1.4839
2025-09-23,1.48
2025-09-24,1.4749
2025-09-25,1.4703
2025-09-26,1.4599
2025-09-29,1.4571
2025-09-30,1.4532
2025-10-01,1.4489
2025-10-02,1.4444
2025-10-03,1.4356
2025-10-06,1.4302
2025-10-07,1.4254
2025-10-08,1.4209
2025-10-09,1.4196
2025-10-10,1.4121
2025-10-13,1.4075
2025-10-14,1.4034
2025-10-15,1.4001
2025-10-16,1.3956
2025-10-17,1.3966
2025-10-21,1.3958
2025-10-22,1.3927
2025-10-23,1.3854
2025-10-24,1.3641
2025-10-27,1.3561
2025-10-28,1.3469
2025-10-29,1.3371
2025-10-30,1.3297
2025-10-31,1.3203
2025-11-03,1.3143
2025-11-04,1.3068
2025-11-05,1.2978
2025-11-06,1.2897
2025-11-07,1.2675
2025-11-10,1.2619
2025-11-11,1.2551
2025-11-12,1.2499
2025-11-13,1.2459
2025-11-14,1.239
2025-11-17,1.24
2025-11-18,1.2389
2025-11-19,1.2362
2025-11-20,1.2328
2025-11-21,1.2434
2025-11-24,1.2434
2025-11-25,1.2428
2025-11-26,1.2452
2025-11-27,1.2496
2025-11-28,1.253
2025-12-01,1.2564
2025-12-02,1.2565
2025-12-03,1.2508
2025-12-04,1.2456
2025-12-05,1.2269
2025-12-08,1.2216
2025-12-09,1.2144
2025-12-10,1.2101
2025-12-11,1.2069
2025-12-12,1.2004
2025-12-15,1.198
2025-12-16,1.1995
2025-12-17,1.2011
2025-12-18,1.2029
2025-12-19,1.1968
2025-12-22,1.1958
2025-12-23,1.1954
2025-12-24,1.1946
2025-12-26,1.1895
2025-12-29,1.1891
2025-12-30,1.1906
2025-12-31,1.1857
2026-01-02,1.1797
2026-01-05,1.1781
2026-01-06,1.1793
2026-01-07,1.1778
2026-01-08,1.1754
2026-01-09,1.162
2026-01-12,1.1569
2026-01-13,1.153
2026-01-14,1.1505
2026-01-15,1.1517
2026-01-16,1.1499
2026-01-19,1.146
2026-01-20,1.1415
2026-01-21,1.1383
2026-01-22,1.1384
2026-01-23,1.1436
2026-01-26,1.1458
2026-01-27,1.1465
2026-01-28,1.1505
2026-01-29,1.1559
2026-01-30,1.1502
2026-02-02,1.1478
2026-02-03,1.1472
2026-02-04,1.1463
2026-02-05,1.1469
2026-02-06,1.1454
2026-02-09,1.1451
2026-02-10,1.1427
2026-02-11,1.1413
2026-02-12,1.1422
2026-02-13,1.1434
2026-02-16,1.1413
2026-02-19,1.1422
2026-02-20,1.133
2026-02-23,1.1269
2026-02-24,1.1244
2026-02-25,1.1244
2026-02-26,1.1226
2026-02-27,1.1219
2026-03-02,1.1232
2026-03-03,1.1218
2026-03-04,1.1197
2026-03-05,1.116
2026-03-06,1.1073
2026-03-09,1.1067
2026-03-10,1.1062
2026-03-11,1.1055
2026-03-12,1.1023
2026-03-13,1.0926
2026-03-16,1.0887
2026-03-17,1.0851
2026-03-18,1.0816
2026-03-19,1.0794
2026-03-20,1.0766
2026-03-23,1.0758
2026-03-24,1.0749
2026-03-25,1.0743
2026-03-26,1.0733
2026-03-27,1.0715
2026-03-30,1.0697
2026-03-31,1.0708
2026-04-01,1.0705
2026-04-02,1.0683
2026-04-06,1.0669
2026-04-07,1.0671
2026-04-08,1.0675
2026-04-09,1.0675
2026-04-10,1.06
2026-04-13,1.06
2026-04-14,1.0576
2026-04-15,1.0516
2026-04-16,1.0479
2026-04-17,1.0399
2026-04-20,1.04
2026-04-21,1.0408
2026-04-22,1.038
2026-04-23,1.0335
