value_date,sora_level
2007-01-03,3.0602
2007-01-04,3.176
2007-01-05,3.1309
2007-01-08,3.0796
2007-01-09,3.0818
2007-01-10,3.2241
2007-01-11,3.2025
2007-01-12,3.1777
2007-01-15,3.123
2007-01-16,2.8919
2007-01-17,2.8838
2007-01-18,3.0431
2007-01-19,2.9863
2007-01-22,3.0306
2007-01-23,3.084
2007-01-24,3.1118
2007-01-25,3.126
2007-01-26,3.152
2007-01-29,3.2093
2007-01-30,3.2779
2007-01-31,3.2563
2007-02-01,3.2613
2007-02-02,3.1032
2007-02-05,3.0926
2007-02-06,3.0627
2007-02-07,3.113
2007-02-08,3.0988
2007-02-09,3.1381
2007-02-12,3.1577
2007-02-13,3.1204
2007-02-14,3.0267
2007-02-15,3.1373
2007-02-16,3.049
2007-02-21,3.0608
2007-02-22,3.0435
2007-02-23,3.0338
2007-02-26,2.9069
2007-02-27,2.6812
2007-02-28,2.5499
2007-03-01,3.0194
2007-03-02,2.939
2007-03-05,2.5913
2007-03-06,2.2221
2007-03-07,2.1052
2007-03-08,2.166
2007-03-09,2.1599
2007-03-12,1.9337
2007-03-13,1.8311
2007-03-14,1.7856
2007-03-15,2.1592
2007-03-16,2.9822
2007-03-19,2.9073
2007-03-20,2.8607
2007-03-21,2.8037
2007-03-22,2.7645
2007-03-23,2.8836
2007-03-26,2.762
2007-03-27,2.5527
2007-03-28,2.1647
2007-03-29,2.6342
2007-03-30,2.8716
2007-04-02,2.6613
2007-04-03,2.4997
2007-04-04,2.5277
2007-04-05,2.6139
2007-04-09,2.5086
2007-04-10,2.4436
2007-04-11,2.3665
2007-04-12,2.3591
2007-04-13,2.357
2007-04-16,2.2662
2007-04-17,1.9588
2007-04-18,1.8341
2007-04-19,1.9273
2007-04-20,2.1414
2007-04-23,2.3186
2007-04-24,2.3961
2007-04-25,2.4809
2007-04-26,2.4171
2007-04-27,2.4655
2007-04-30,2.4424
2007-05-02,2.3597
2007-05-03,2.449
2007-05-04,2.4855
2007-05-07,2.4653
2007-05-08,2.3795
2007-05-09,2.3196
2007-05-10,2.2705
2007-05-11,2.2867
2007-05-14,2.2681
2007-05-15,2.0605
2007-05-16,1.8918
2007-05-17,1.7838
2007-05-18,1.678
2007-05-21,1.7226
2007-05-22,1.7402
2007-05-23,2.1162
2007-05-24,2.0583
2007-05-25,2.0834
2007-05-28,2.0469
2007-05-29,2.0274
2007-05-30,2.2641
2007-06-01,2.255
2007-06-04,2.1302
2007-06-05,1.9952
2007-06-06,1.9957
2007-06-07,2.084
2007-06-08,2.165
2007-06-11,2.2162
2007-06-12,2.2861
2007-06-13,2.3197
2007-06-14,2.3064
2007-06-15,2.2924
2007-06-18,2.186
2007-06-19,1.9854
2007-06-20,2.1375
2007-06-21,2.1806
2007-06-22,2.2298
2007-06-25,2.0947
2007-06-26,2.1118
2007-06-27,2.1446
2007-06-28,2.1816
2007-06-29,2.2101
2007-07-02,1.9793
2007-07-03,2.0388
2007-07-04,2.2126
2007-07-05,2.3106
2007-07-06,2.2938
2007-07-09,2.1919
2007-07-10,2.2572
2007-07-11,2.2887
2007-07-12,2.3078
2007-07-13,2.3202
2007-07-16,2.2559
2007-07-17,2.2333
2007-07-18,2.2501
2007-07-19,2.2984
2007-07-20,2.3288
2007-07-23,2.2772
2007-07-24,2.3005
2007-07-25,2.282
2007-07-26,2.2846
2007-07-27,2.2366
2007-07-30,2.29
2007-07-31,2.3892
2007-08-01,2.343
2007-08-02,2.4408
2007-08-03,2.3161
2007-08-06,2.2727
2007-08-07,2.2587
2007-08-08,2.2758
2007-08-10,2.5239
2007-08-13,2.5215
2007-08-14,2.354
2007-08-15,2.4013
2007-08-16,2.6478
2007-08-17,2.4979
2007-08-20,2.399
2007-08-21,2.2458
2007-08-22,2.0558
2007-08-23,2.0633
2007-08-24,2.1913
2007-08-27,2.2027
2007-08-28,2.2132
2007-08-29,2.009
2007-08-30,2.1954
2007-08-31,2.3876
2007-09-03,2.5674
2007-09-04,2.2955
2007-09-05,2.2346
2007-09-06,2.3628
2007-09-07,2.4212
2007-09-10,2.2836
2007-09-11,2.3023
2007-09-12,1.9528
2007-09-13,2.0626
2007-09-14,2.0725
2007-09-17,2.0897
2007-09-18,2.1555
2007-09-19,2.0894
2007-09-20,2.0809
2007-09-21,2.2276
2007-09-24,2.1731
2007-09-25,2.2302
2007-09-26,2.1993
2007-09-27,2.2586
2007-09-28,2.2967
2007-10-01,2.0784
2007-10-02,1.9983
2007-10-03,1.9935
2007-10-04,2.0695
2007-10-05,2.0905
2007-10-08,2.1358
2007-10-09,2.1398
2007-10-10,2.225
2007-10-11,2.1689
2007-10-12,2.1844
2007-10-15,2.24
2007-10-16,2.2879
2007-10-17,2.4436
2007-10-18,2.4975
2007-10-19,2.506
2007-10-22,2.3792
2007-10-23,2.2021
2007-10-24,1.7575
2007-10-25,1.9088
2007-10-26,2.0793
2007-10-29,2.1436
2007-10-30,2.2479
2007-10-31,2.2982
2007-11-01,2.286
2007-11-02,2.3473
2007-11-05,2.0731
2007-11-06,1.4509
2007-11-07,0.7905
2007-11-09,1.8077
2007-11-12,2.0814
2007-11-13,1.9575
2007-11-14,1.7356
2007-11-15,1.7334
2007-11-16,1.5771
2007-11-19,1.5731
2007-11-20,1.5819
2007-11-21,1.5935
2007-11-22,1.7552
2007-11-23,1.8728
2007-11-26,1.6965
2007-11-27,1.552
2007-11-28,1.2603
2007-11-29,0.9954
2007-11-30,1.0865
2007-12-03,0.8602
2007-12-04,0.7354
2007-12-05,0.4897
2007-12-06,0.828
2007-12-07,0.9615
2007-12-10,0.8909
2007-12-11,0.952
2007-12-12,1.0255
2007-12-13,1.2687
2007-12-14,1.6055
2007-12-17,1.5724
2007-12-18,1.0468
2007-12-19,0.4921
2007-12-21,0.6928
2007-12-24,0.6496
2007-12-26,0.7008
2007-12-27,0.6254
2007-12-28,0.5745
2007-12-31,0.9645
2008-01-02,0.8657
2008-01-03,0.814
2008-01-04,0.7057
2008-01-07,0.7294
2008-01-08,0.7957
2008-01-09,0.9204
2008-01-10,0.9312
2008-01-11,1.1116
2008-01-14,1.1637
2008-01-15,1.2375
2008-01-16,1.2927
2008-01-17,1.288
2008-01-18,1.4327
2008-01-21,1.4664
2008-01-22,1.4885
2008-01-23,1.2972
2008-01-24,1.2768
2008-01-25,1.3483
2008-01-28,1.4672
2008-01-29,1.7564
2008-01-30,1.7635
2008-01-31,1.7323
2008-02-01,1.7171
2008-02-04,1.6172
2008-02-05,1.5707
2008-02-06,1.6027
2008-02-11,1.3626
2008-02-12,1.392
2008-02-13,1.1551
2008-02-14,1.0279
2008-02-15,1.0587
2008-02-18,1.1498
2008-02-19,1.184
2008-02-20,1.2501
2008-02-21,1.2559
2008-02-22,1.1869
2008-02-25,1.1237
2008-02-26,1.1086
2008-02-27,0.942
2008-02-28,1.0481
2008-02-29,1.0336
2008-03-03,1.0744
2008-03-04,1.0544
2008-03-05,1.0552
2008-03-06,0.8746
2008-03-07,0.5373
2008-03-10,0.4024
2008-03-11,0.3472
2008-03-12,0.352
2008-03-13,0.3835
2008-03-14,0.511
2008-03-17,0.7803
2008-03-18,0.8703
2008-03-19,0.859
2008-03-20,0.9725
2008-03-24,1.0945
2008-03-25,1.0277
2008-03-26,0.7392
2008-03-27,0.6225
2008-03-28,0.6627
2008-03-31,0.7061
2008-04-01,0.6056
2008-04-02,0.6047
2008-04-03,0.6181
2008-04-04,0.7112
2008-04-07,0.6728
2008-04-08,0.6302
2008-04-09,0.4056
2008-04-10,0.5021
2008-04-11,0.4952
2008-04-14,0.4122
2008-04-15,0.4143
2008-04-16,0.446
2008-04-17,0.2264
2008-04-18,0.154
2008-04-21,0.1904
2008-04-22,0.1276
2008-04-23,0.1307
2008-04-24,0.4417
2008-04-25,0.728
2008-04-28,1.086
2008-04-29,1.0206
2008-04-30,1.0798
2008-05-02,0.8626
2008-05-05,0.6572
2008-05-06,0.5932
2008-05-07,0.4912
2008-05-08,0.6846
2008-05-09,0.8261
2008-05-12,0.8753
2008-05-13,0.8211
2008-05-14,0.7767
2008-05-15,0.5135
2008-05-16,0.4722
2008-05-20,0.4439
2008-05-21,0.3801
2008-05-22,0.601
2008-05-23,0.7878
2008-05-26,0.6851
2008-05-27,0.6058
2008-05-28,0.5243
2008-05-29,0.529
2008-05-30,0.5313
2008-06-02,0.3371
2008-06-03,0.268
2008-06-04,0.1972
2008-06-05,0.3381
2008-06-06,0.3196
2008-06-09,0.3315
2008-06-10,0.3521
2008-06-11,0.3066
2008-06-12,0.2918
2008-06-13,0.2752
2008-06-16,0.2204
2008-06-17,0.0742
2008-06-18,0.1418
2008-06-19,0.2746
2008-06-20,0.3261
2008-06-23,0.3164
2008-06-24,0.2386
2008-06-25,0.267
2008-06-26,0.2858
2008-06-27,0.5786
2008-06-30,0.8171
2008-07-01,0.2725
2008-07-02,0.2478
2008-07-03,0.3679
2008-07-04,0.4004
2008-07-07,0.3468
2008-07-08,0.3761
2008-07-09,0.3649
2008-07-10,0.4002
2008-07-11,0.383
2008-07-14,0.358
2008-07-15,0.3472
2008-07-16,0.2318
2008-07-17,0.3071
2008-07-18,0.3249
2008-07-21,0.3319
2008-07-22,0.4409
2008-07-23,0.4862
2008-07-24,0.453
2008-07-25,0.3632
2008-07-28,0.2684
2008-07-29,0.194
2008-07-30,0.1685
2008-07-31,0.2504
2008-08-01,0.3207
2008-08-04,0.3087
2008-08-05,0.291
2008-08-06,0.3636
2008-08-07,0.3943
2008-08-08,0.5506
2008-08-11,0.6606
2008-08-12,0.7382
2008-08-13,0.7432
2008-08-14,0.7963
2008-08-15,0.988
2008-08-18,0.7375
2008-08-19,0.6466
2008-08-20,0.5646
2008-08-21,0.7244
2008-08-22,0.6514
2008-08-25,0.5736
2008-08-26,0.5375
2008-08-27,0.5917
2008-08-28,0.6742
2008-08-29,0.6691
2008-09-01,0.4899
2008-09-02,0.5539
2008-09-03,0.643
2008-09-04,0.727
2008-09-05,0.8072
2008-09-08,0.8352
2008-09-09,0.8359
2008-09-10,0.8189
2008-09-11,0.9448
2008-09-12,0.9692
2008-09-15,0.9845
2008-09-16,1.2347
2008-09-17,1.3194
2008-09-18,1.5579
2008-09-19,1.3843
2008-09-22,1.4728
2008-09-23,1.619
2008-09-24,1.5489
2008-09-25,1.6931
2008-09-26,1.6667
2008-09-29,1.5851
2008-09-30,1.5083
2008-10-02,1.1989
2008-10-03,0.8084
2008-10-06,0.808
2008-10-07,0.6113
2008-10-08,0.7164
2008-10-09,0.536
2008-10-10,0.438
2008-10-13,0.6004
2008-10-14,0.7071
2008-10-15,0.5932
2008-10-16,0.48
2008-10-17,0.3759
2008-10-20,0.3282
2008-10-21,0.2123
2008-10-22,0.138
2008-10-23,0.1492
2008-10-24,0.3259
2008-10-28,0.4502
2008-10-29,0.8213
2008-10-30,0.6458
2008-10-31,0.4022
2008-11-03,0.2399
2008-11-04,0.1109
2008-11-05,0.068
2008-11-06,0.0777
2008-11-07,0.1277
2008-11-10,0.2361
2008-11-11,0.5804
2008-11-12,0.7267
2008-11-13,0.8294
2008-11-14,0.6968
2008-11-17,0.4971
2008-11-18,0.2854
2008-11-19,0.3577
2008-11-20,0.3964
2008-11-21,0.4679
2008-11-24,0.56
2008-11-25,0.5093
2008-11-26,0.4815
2008-11-27,0.4651
2008-11-28,0.5566
2008-12-01,0.4617
2008-12-02,0.4037
2008-12-03,0.3532
2008-12-04,0.4229
2008-12-05,0.4872
2008-12-09,0.4585
2008-12-10,0.4026
2008-12-11,0.2653
2008-12-12,0.2662
2008-12-15,0.2035
2008-12-16,0.2368
2008-12-17,0.2526
2008-12-18,0.3071
2008-12-19,0.4527
2008-12-22,0.4959
2008-12-23,0.4738
2008-12-24,0.4497
2008-12-26,0.368
2008-12-29,0.3878
2008-12-30,0.2936
2008-12-31,0.2586
2009-01-02,0.2423
2009-01-05,0.203
2009-01-06,0.1203
2009-01-07,0.0901
2009-01-08,0.0686
2009-01-09,0.0758
2009-01-12,0.089
2009-01-13,0.0767
2009-01-14,0.1084
2009-01-15,0.1243
2009-01-16,0.1187
2009-01-19,0.0651
2009-01-20,0.0395
2009-01-21,0.0549
2009-01-22,0.0597
2009-01-23,0.1283
2009-01-28,0.1288
2009-01-29,0.1498
2009-01-30,0.2209
2009-02-02,0.1263
2009-02-03,0.1501
2009-02-04,0.1152
2009-02-05,0.1392
2009-02-06,0.0867
2009-02-09,0.1139
2009-02-10,0.1053
2009-02-11,0.0907
2009-02-12,0.1196
2009-02-13,0.1708
2009-02-16,0.1969
2009-02-17,0.2462
2009-02-18,0.2306
2009-02-19,0.2403
2009-02-20,0.2607
2009-02-23,0.2991
2009-02-24,0.254
2009-02-25,0.1554
2009-02-26,0.2122
2009-02-27,0.2489
2009-03-02,0.2183
2009-03-03,0.1953
2009-03-04,0.1535
2009-03-05,0.1488
2009-03-06,0.1551
2009-03-09,0.1044
2009-03-10,0.0736
2009-03-11,0.0896
2009-03-12,0.1445
2009-03-13,0.2789
2009-03-16,0.4539
2009-03-17,0.587
2009-03-18,0.6316
2009-03-19,0.5986
2009-03-20,0.3018
2009-03-23,0.2437
2009-03-24,0.2244
2009-03-25,0.2901
2009-03-26,0.4609
2009-03-27,0.4927
2009-03-30,0.3195
2009-03-31,0.4516
2009-04-01,0.3179
2009-04-02,0.1973
2009-04-03,0.082
2009-04-06,0.0662
2009-04-07,0.0436
2009-04-08,0.0315
2009-04-09,0.1158
2009-04-13,0.1291
2009-04-14,0.1862
2009-04-15,0.3316
2009-04-16,0.4716
2009-04-17,0.1151
2009-04-20,0.106
2009-04-21,0.056
2009-04-22,0.0401
2009-04-23,0.0748
2009-04-24,0.072
2009-04-27,0.0567
2009-04-28,0.042
2009-04-29,0.0457
2009-04-30,0.0507
2009-05-04,0.0693
2009-05-05,0.0502
2009-05-06,0.0514
2009-05-07,0.0744
2009-05-08,0.0813
2009-05-11,0.0527
2009-05-12,0.0622
2009-05-13,0.0709
2009-05-14,0.0708
2009-05-15,0.0686
2009-05-18,0.1142
2009-05-19,0.1871
2009-05-20,0.1207
2009-05-21,0.2476
2009-05-22,0.149
2009-05-25,0.0764
2009-05-26,0.057
2009-05-27,0.062
2009-05-28,0.05
2009-05-29,0.059
2009-06-01,0.0374
2009-06-02,0.0364
2009-06-03,0.1162
2009-06-04,0.3605
2009-06-05,0.4203
2009-06-08,0.1642
2009-06-09,0.1407
2009-06-10,0.1445
2009-06-11,0.0792
2009-06-12,0.0522
2009-06-15,0.0475
2009-06-16,0.0694
2009-06-17,0.0713
2009-06-18,0.0858
2009-06-19,0.0738
2009-06-22,0.1346
2009-06-23,0.1354
2009-06-24,0.1665
2009-06-25,0.1586
2009-06-26,0.242
2009-06-29,0.4309
2009-06-30,0.3021
2009-07-01,0.1215
2009-07-02,0.0978
2009-07-03,0.0904
2009-07-06,0.1017
2009-07-07,0.092
2009-07-08,0.0848
2009-07-09,0.0869
2009-07-10,0.0882
2009-07-13,0.102
2009-07-14,0.0878
2009-07-15,0.0883
2009-07-16,0.096
2009-07-17,0.0949
2009-07-20,0.1029
2009-07-21,0.1059
2009-07-22,0.0925
2009-07-23,0.1067
2009-07-24,0.1541
2009-07-27,0.1747
2009-07-28,0.2163
2009-07-29,0.2266
2009-07-30,0.2539
2009-07-31,0.4356
2009-08-03,0.4897
2009-08-04,0.4676
2009-08-05,0.3679
2009-08-06,0.3773
2009-08-07,0.3467
2009-08-11,0.3751
2009-08-12,0.1673
2009-08-13,0.1632
2009-08-14,0.1749
2009-08-17,0.1554
2009-08-18,0.1609
2009-08-19,0.1723
2009-08-20,0.1571
2009-08-21,0.1715
2009-08-24,0.1912
2009-08-25,0.1901
2009-08-26,0.206
2009-08-27,0.2848
2009-08-28,0.3371
2009-08-31,0.413
2009-09-01,0.2299
2009-09-02,0.3005
2009-09-03,0.3195
2009-09-04,0.2571
2009-09-07,0.1486
2009-09-08,0.171
2009-09-09,0.0941
2009-09-10,0.1364
2009-09-11,0.127
2009-09-14,0.0782
2009-09-15,0.1106
2009-09-16,0.1293
2009-09-17,0.1222
2009-09-18,0.1616
2009-09-22,0.2334
2009-09-23,0.3493
2009-09-24,0.3427
2009-09-25,0.2956
2009-09-28,0.2916
2009-09-29,0.3232
2009-09-30,0.316
2009-10-01,0.3216
2009-10-02,0.2514
2009-10-05,0.1468
2009-10-06,0.2197
2009-10-07,0.4629
2009-10-08,0.2612
2009-10-09,0.3212
2009-10-12,0.2949
2009-10-13,0.2554
2009-10-14,0.2593
2009-10-15,0.2637
2009-10-16,0.2796
2009-10-19,0.257
2009-10-20,0.2651
2009-10-21,0.2478
2009-10-22,0.2534
2009-10-23,0.2612
2009-10-26,0.2537
2009-10-27,0.2541
2009-10-28,0.2522
2009-10-29,0.2626
2009-10-30,0.4036
2009-11-02,0.4681
2009-11-03,0.3582
2009-11-04,0.2528
2009-11-05,0.3004
2009-11-06,0.317
2009-11-09,0.2533
2009-11-10,0.2564
2009-11-11,0.2537
2009-11-12,0.2706
2009-11-13,0.1986
2009-11-16,0.1674
2009-11-17,0.0907
2009-11-18,0.0685
2009-11-19,0.1969
2009-11-20,0.2676
2009-11-23,0.2584
2009-11-24,0.2513
2009-11-25,0.4825
2009-11-26,0.2954
2009-11-30,0.1952
2009-12-01,0.1543
2009-12-02,0.1034
2009-12-03,0.1972
2009-12-04,0.2233
2009-12-07,0.1769
2009-12-08,0.1618
2009-12-09,0.1516
2009-12-10,0.1074
2009-12-11,0.0398
2009-12-14,0.0491
2009-12-15,0.0345
2009-12-16,0.0413
2009-12-17,0.0806
2009-12-18,0.0859
2009-12-21,0.0998
2009-12-22,0.1018
2009-12-23,0.1045
2009-12-24,0.1139
2009-12-28,0.0805
2009-12-29,0.0371
2009-12-30,0.0348
2009-12-31,0.1583
2010-01-04,0.1474
2010-01-05,0.142
2010-01-06,0.1399
2010-01-07,0.1346
2010-01-08,0.1523
2010-01-11,0.1659
2010-01-12,0.1317
2010-01-13,0.144
2010-01-14,0.0775
2010-01-15,0.1327
2010-01-18,0.0825
2010-01-19,0.1647
2010-01-20,0.1591
2010-01-21,0.1496
2010-01-22,0.1346
2010-01-25,0.1359
2010-01-26,0.1276
2010-01-27,0.0985
2010-01-28,0.1041
2010-01-29,0.1309
2010-02-01,0.121
2010-02-02,0.1026
2010-02-03,0.1101
2010-02-04,0.1395
2010-02-05,0.204
2010-02-08,0.1483
2010-02-09,0.1519
2010-02-10,0.1082
2010-02-11,0.1328
2010-02-12,0.1643
2010-02-17,0.127
2010-02-18,0.1253
2010-02-19,0.1399
2010-02-22,0.1353
2010-02-23,0.122
2010-02-24,0.0951
2010-02-25,0.2107
2010-02-26,0.2924
2010-03-01,0.1627
2010-03-02,0.1365
2010-03-03,0.1041
2010-03-04,0.0892
2010-03-05,0.1051
2010-03-08,0.0672
2010-03-09,0.0634
2010-03-10,0.043
2010-03-11,0.0681
2010-03-12,0.0867
2010-03-15,0.0812
2010-03-16,0.0664
2010-03-17,0.0758
2010-03-18,0.0796
2010-03-19,0.0885
2010-03-22,0.0916
2010-03-23,0.098
2010-03-24,0.085
2010-03-25,0.1712
2010-03-26,0.1396
2010-03-29,0.1047
2010-03-30,0.106
2010-03-31,0.1856
2010-04-01,0.262
2010-04-05,0.1455
2010-04-06,0.1415
2010-04-07,0.0541
2010-04-08,0.1294
2010-04-09,0.0777
2010-04-12,0.1059
2010-04-13,0.0715
2010-04-14,0.0705
2010-04-15,0.0609
2010-04-16,0.0646
2010-04-19,0.0895
2010-04-20,0.0905
2010-04-21,0.0529
2010-04-22,0.047
2010-04-23,0.056
2010-04-26,0.0813
2010-04-27,0.1521
2010-04-28,0.2129
2010-04-29,0.1208
2010-04-30,0.0673
2010-05-03,0.0736
2010-05-04,0.0669
2010-05-05,0.0689
2010-05-06,0.1295
2010-05-07,0.1732
2010-05-10,0.116
2010-05-11,0.0759
2010-05-12,0.0358
2010-05-13,0.0286
2010-05-14,0.0315
2010-05-17,0.0257
2010-05-18,0.0372
2010-05-19,0.0488
2010-05-20,0.0584
2010-05-21,0.0998
2010-05-24,0.1018
2010-05-25,0.1669
2010-05-26,0.2446
2010-05-27,0.2
2010-05-31,0.0906
2010-06-01,0.0575
2010-06-02,0.0467
2010-06-03,0.15
2010-06-04,0.2579
2010-06-07,0.2794
2010-06-08,0.2977
2010-06-09,0.2856
2010-06-10,0.1104
2010-06-11,0.0683
2010-06-14,0.0672
2010-06-15,0.0539
2010-06-16,0.0565
2010-06-17,0.075
2010-06-18,0.1437
2010-06-21,0.0518
2010-06-22,0.0515
2010-06-23,0.0414
2010-06-24,0.0792
2010-06-25,0.2177
2010-06-28,0.1382
2010-06-29,0.092
2010-06-30,0.092
2010-07-01,0.0524
2010-07-02,0.0586
2010-07-05,0.0611
2010-07-06,0.0726
2010-07-07,0.0947
2010-07-08,0.1109
2010-07-09,0.1634
2010-07-12,0.1573
2010-07-13,0.1061
2010-07-14,0.1005
2010-07-15,0.1298
2010-07-16,0.1835
2010-07-19,0.136
2010-07-20,0.1132
2010-07-21,0.1182
2010-07-22,0.1117
2010-07-23,0.1205
2010-07-26,0.0839
2010-07-27,0.0966
2010-07-28,0.127
2010-07-29,0.1666
2010-07-30,0.1828
2010-08-02,0.1122
2010-08-03,0.0758
2010-08-04,0.0408
2010-08-05,0.051
2010-08-06,0.1041
2010-08-10,0.0992
2010-08-11,0.0698
2010-08-12,0.089
2010-08-13,0.0817
2010-08-16,0.0858
2010-08-17,0.1096
2010-08-18,0.099
2010-08-19,0.1297
2010-08-20,0.1107
2010-08-23,0.1299
2010-08-24,0.1091
2010-08-25,0.1253
2010-08-26,0.1582
2010-08-27,0.1459
2010-08-30,0.1426
2010-08-31,0.1459
2010-09-01,0.0923
2010-09-02,0.1191
2010-09-03,0.0874
2010-09-06,0.0653
2010-09-07,0.0992
2010-09-08,0.0799
2010-09-09,0.0648
2010-09-13,0.1019
2010-09-14,0.0986
2010-09-15,0.1043
2010-09-16,0.1291
2010-09-17,0.183
2010-09-20,0.1559
2010-09-21,0.2194
2010-09-22,0.2374
2010-09-23,0.1282
2010-09-24,0.0876
2010-09-27,0.0872
2010-09-28,0.0695
2010-09-29,0.0771
2010-09-30,0.1147
2010-10-01,0.0777
2010-10-04,0.0466
2010-10-05,0.049
2010-10-06,0.044
2010-10-07,0.0463
2010-10-08,0.0478
2010-10-11,0.0521
2010-10-12,0.0556
2010-10-13,0.0527
2010-10-14,0.0478
2010-10-15,0.1499
2010-10-18,0.2076
2010-10-19,0.1192
2010-10-20,0.1098
2010-10-21,0.0859
2010-10-22,0.0764
2010-10-25,0.0652
2010-10-26,0.0804
2010-10-27,0.0777
2010-10-28,0.0722
2010-10-29,0.0688
2010-11-01,0.0768
2010-11-02,0.0531
2010-11-03,0.0353
2010-11-04,0.0982
2010-11-08,0.0965
2010-11-09,0.0846
2010-11-10,0.0973
2010-11-11,0.048
2010-11-12,0.0721
2010-11-15,0.0882
2010-11-16,0.0624
2010-11-18,0.0663
2010-11-19,0.0573
2010-11-22,0.0643
2010-11-23,0.0827
2010-11-24,0.0769
2010-11-25,0.1237
2010-11-26,0.1507
2010-11-29,0.2091
2010-11-30,0.153
2010-12-01,0.0588
2010-12-02,0.0676
2010-12-03,0.0649
2010-12-06,0.0608
2010-12-07,0.0612
2010-12-08,0.065
2010-12-09,0.0731
2010-12-10,0.0985
2010-12-13,0.0734
2010-12-14,0.0698
2010-12-15,0.0501
2010-12-16,0.0638
2010-12-17,0.0392
2010-12-20,0.0497
2010-12-21,0.0439
2010-12-22,0.0407
2010-12-23,0.0415
2010-12-24,0.0633
2010-12-27,0.0811
2010-12-28,0.0774
2010-12-29,0.0483
2010-12-30,0.0728
2010-12-31,0.1181
2011-01-03,0.1319
2011-01-04,0.085
2011-01-05,0.0778
2011-01-06,0.0746
2011-01-07,0.0709
2011-01-10,0.0741
2011-01-11,0.0451
2011-01-12,0.0251
2011-01-13,0.038
2011-01-14,0.0365
2011-01-17,0.0303
2011-01-18,0.0367
2011-01-19,0.0238
2011-01-20,0.0421
2011-01-21,0.0446
2011-01-24,0.0407
2011-01-25,0.0313
2011-01-26,0.0519
2011-01-27,0.0991
2011-01-28,0.1396
2011-01-31,0.2185
2011-02-01,0.1825
2011-02-02,0.2194
2011-02-07,0.0685
2011-02-08,0.0509
2011-02-09,0.0246
2011-02-10,0.0237
2011-02-11,0.0265
2011-02-14,0.027
2011-02-15,0.0468
2011-02-16,0.043
2011-02-17,0.04
2011-02-18,0.0495
2011-02-21,0.054
2011-02-22,0.0553
2011-02-23,0.0291
2011-02-24,0.0494
2011-02-25,0.0816
2011-02-28,0.0707
2011-03-01,0.0568
2011-03-02,0.0293
2011-03-03,0.0211
2011-03-04,0.023
2011-03-07,0.0225
2011-03-08,0.0219
2011-03-09,0.0171
2011-03-10,0.0164
2011-03-11,0.0197
2011-03-14,0.0158
2011-03-15,0.012
2011-03-16,0.011
2011-03-17,0.0154
2011-03-18,0.0159
2011-03-21,0.0153
2011-03-22,0.0143
2011-03-23,0.0121
2011-03-24,0.0216
2011-03-25,0.0247
2011-03-28,0.0429
2011-03-29,0.0564
2011-03-30,0.0961
2011-03-31,0.1574
2011-04-01,0.1363
2011-04-04,0.096
2011-04-05,0.0397
2011-04-06,0.0208
2011-04-07,0.0285
2011-04-08,0.019
2011-04-11,0.018
2011-04-12,0.0181
2011-04-13,0.0156
2011-04-14,0.0142
2011-04-15,0.0225
2011-04-18,0.0276
2011-04-19,0.0745
2011-04-20,0.1159
2011-04-21,0.0824
2011-04-25,0.0745
2011-04-26,0.136
2011-04-27,0.1873
2011-04-28,0.1251
2011-04-29,0.1239
2011-05-03,0.0814
2011-05-04,0.055
2011-05-05,0.0246
2011-05-06,0.0322
2011-05-09,0.0499
2011-05-10,0.1037
2011-05-11,0.1049
2011-05-12,0.0511
2011-05-13,0.0825
2011-05-16,0.0415
2011-05-18,0.0444
2011-05-19,0.0321
2011-05-20,0.0313
2011-05-23,0.0295
2011-05-24,0.049
2011-05-25,0.1147
2011-05-26,0.129
2011-05-27,0.0934
2011-05-30,0.0816
2011-05-31,0.0884
2011-06-01,0.0678
2011-06-02,0.0618
2011-06-03,0.0636
2011-06-06,0.0609
2011-06-07,0.0212
2011-06-08,0.0357
2011-06-09,0.0286
2011-06-10,0.0209
2011-06-13,0.0268
2011-06-14,0.0374
2011-06-15,0.0351
2011-06-16,0.0535
2011-06-17,0.0672
2011-06-20,0.0781
2011-06-21,0.0443
2011-06-22,0.036
2011-06-23,0.0313
2011-06-24,0.0409
2011-06-27,0.0419
2011-06-28,0.0843
2011-06-29,0.0437
2011-06-30,0.0728
2011-07-01,0.0405
2011-07-04,0.0296
2011-07-05,0.0332
2011-07-06,0.0575
2011-07-07,0.0544
2011-07-08,0.0332
2011-07-11,0.0385
2011-07-12,0.0249
2011-07-13,0.0394
2011-07-14,0.0471
2011-07-15,0.0554
2011-07-18,0.0557
2011-07-19,0.0471
2011-07-20,0.0318
2011-07-21,0.0525
2011-07-22,0.0402
2011-07-25,0.0234
2011-07-26,0.0308
2011-07-27,0.0244
2011-07-28,0.0123
2011-07-29,0.0207
2011-08-01,0.0324
2011-08-02,0.0319
2011-08-03,0.0723
2011-08-04,0.043
2011-08-05,0.0391
2011-08-08,0.0588
2011-08-10,0.031
2011-08-11,0.0054
2011-08-12,0.0186
2011-08-15,0.0215
2011-08-16,0.0375
2011-08-17,0.0811
2011-08-18,0.1
2011-08-19,0.0694
2011-08-22,0.109
2011-08-23,0.1017
2011-08-24,0.079
2011-08-25,0.0367
2011-08-26,0.0433
2011-08-29,0.0262
2011-08-31,0.0559
2011-09-01,0.0304
2011-09-02,0.0422
2011-09-05,0.0294
2011-09-06,0.0363
2011-09-07,0.0399
2011-09-08,0.0501
2011-09-09,0.0547
2011-09-12,0.0697
2011-09-13,0.0561
2011-09-14,0.0613
2011-09-15,0.0772
2011-09-16,0.0614
2011-09-19,0.0373
2011-09-20,0.069
2011-09-21,0.0527
2011-09-22,0.0596
2011-09-23,0.0848
2011-09-26,0.0731
2011-09-27,0.0692
2011-09-28,0.0308
2011-09-29,0.0204
2011-09-30,0.0476
2011-10-03,0.0736
2011-10-04,0.0483
2011-10-05,0.0477
2011-10-06,0.0288
2011-10-07,0.0221
2011-10-10,0.0227
2011-10-11,0.0287
2011-10-12,0.0285
2011-10-13,0.03
2011-10-14,0.0448
2011-10-17,0.0941
2011-10-18,0.0602
2011-10-19,0.0741
2011-10-20,0.0664
2011-10-21,0.0611
2011-10-24,0.0535
2011-10-25,0.0602
2011-10-27,0.0547
2011-10-28,0.0495
2011-10-31,0.0844
2011-11-01,0.0867
2011-11-02,0.1044
2011-11-03,0.0468
2011-11-04,0.0205
2011-11-08,0.0328
2011-11-09,0.0265
2011-11-10,0.0431
2011-11-11,0.0396
2011-11-14,0.0227
2011-11-15,0.0232
2011-11-16,0.0361
2011-11-17,0.0571
2011-11-18,0.1046
2011-11-21,0.1846
2011-11-22,0.2282
2011-11-23,0.0828
2011-11-24,0.0379
2011-11-25,0.0586
2011-11-28,0.0452
2011-11-29,0.0726
2011-11-30,0.0424
2011-12-01,0.0268
2011-12-02,0.0222
2011-12-05,0.0272
2011-12-06,0.0311
2011-12-07,0.0499
2011-12-08,0.0444
2011-12-09,0.0792
2011-12-12,0.0588
2011-12-13,0.0617
2011-12-14,0.1281
2011-12-15,0.0716
2011-12-16,0.0377
2011-12-19,0.0291
2011-12-20,0.0367
2011-12-21,0.0319
2011-12-22,0.0407
2011-12-23,0.0341
2011-12-27,0.0523
2011-12-28,0.0345
2011-12-29,0.048
2011-12-30,0.1011
2012-01-03,0.0275
2012-01-04,0.0362
2012-01-05,0.0705
2012-01-06,0.0931
2012-01-09,0.0443
2012-01-10,0.0382
2012-01-11,0.031
2012-01-12,0.0226
2012-01-13,0.0309
2012-01-16,0.0301
2012-01-17,0.0405
2012-01-18,0.0378
2012-01-19,0.061
2012-01-20,0.1179
2012-01-25,0.1191
2012-01-26,0.1212
2012-01-27,0.0653
2012-01-30,0.0945
2012-01-31,0.0937
2012-02-01,0.0864
2012-02-02,0.0913
2012-02-03,0.026
2012-02-06,0.0306
2012-02-07,0.0252
2012-02-08,0.0413
2012-02-09,0.0294
2012-02-10,0.0381
2012-02-13,0.0228
2012-02-14,0.0465
2012-02-15,0.0407
2012-02-16,0.0444
2012-02-17,0.0216
2012-02-20,0.017
2012-02-21,0.031
2012-02-22,0.0238
2012-02-23,0.0251
2012-02-24,0.0232
2012-02-27,0.0234
2012-02-28,0.0368
2012-02-29,0.0517
2012-03-01,0.052
2012-03-02,0.058
2012-03-05,0.0609
2012-03-06,0.0313
2012-03-07,0.0375
2012-03-08,0.0338
2012-03-09,0.0314
2012-03-12,0.0273
2012-03-13,0.0349
2012-03-14,0.0374
2012-03-15,0.0476
2012-03-16,0.0646
2012-03-19,0.0935
2012-03-20,0.0564
2012-03-21,0.0427
2012-03-22,0.0263
2012-03-23,0.0216
2012-03-26,0.0253
2012-03-27,0.0317
2012-03-28,0.0603
2012-03-29,0.0426
2012-03-30,0.0367
2012-04-02,0.0386
2012-04-03,0.02
2012-04-04,0.0301
2012-04-05,0.0206
2012-04-09,0.0308
2012-04-10,0.0183
2012-04-11,0.0235
2012-04-12,0.0248
2012-04-13,0.0292
2012-04-16,0.024
2012-04-17,0.0227
2012-04-18,0.033
2012-04-19,0.0258
2012-04-20,0.0196
2012-04-23,0.0266
2012-04-24,0.0271
2012-04-25,0.0428
2012-04-26,0.0482
2012-04-27,0.051
2012-04-30,0.0779
2012-05-02,0.0873
2012-05-03,0.0912
2012-05-04,0.1657
2012-05-07,0.1077
2012-05-08,0.0577
2012-05-09,0.0271
2012-05-10,0.0298
2012-05-11,0.0467
2012-05-14,0.0615
2012-05-15,0.0576
2012-05-16,0.043
2012-05-17,0.0336
2012-05-18,0.0439
2012-05-21,0.0257
2012-05-22,0.0375
2012-05-23,0.0342
2012-05-24,0.0385
2012-05-25,0.0465
2012-05-28,0.037
2012-05-29,0.0504
2012-05-30,0.0444
2012-05-31,0.0482
2012-06-01,0.0319
2012-06-04,0.0278
2012-06-05,0.0568
2012-06-06,0.0705
2012-06-07,0.0556
2012-06-08,0.0645
2012-06-11,0.047
2012-06-12,0.0386
2012-06-13,0.0686
2012-06-14,0.0549
2012-06-15,0.0595
2012-06-18,0.0353
2012-06-19,0.0767
2012-06-20,0.0969
2012-06-21,0.057
2012-06-22,0.0552
2012-06-25,0.0371
2012-06-26,0.0278
2012-06-27,0.042
2012-06-28,0.0317
2012-06-29,0.0517
2012-07-02,0.0292
2012-07-03,0.0194
2012-07-04,0.0259
2012-07-05,0.0178
2012-07-06,0.0497
2012-07-09,0.0218
2012-07-10,0.0285
2012-07-11,0.0406
2012-07-12,0.0229
2012-07-13,0.0366
2012-07-16,0.0278
2012-07-17,0.0402
2012-07-18,0.0336
2012-07-19,0.067
2012-07-20,0.0575
2012-07-23,0.049
2012-07-24,0.1025
2012-07-25,0.0878
2012-07-26,0.0837
2012-07-27,0.1271
2012-07-30,0.1419
2012-07-31,0.1474
2012-08-01,0.0852
2012-08-02,0.0384
2012-08-03,0.0448
2012-08-06,0.0526
2012-08-07,0.0524
2012-08-08,0.0892
2012-08-10,0.0667
2012-08-13,0.0817
2012-08-14,0.0854
2012-08-15,0.1453
2012-08-16,0.1062
2012-08-17,0.0628
2012-08-21,0.0839
2012-08-22,0.0597
2012-08-23,0.0993
2012-08-24,0.0934
2012-08-27,0.069
2012-08-28,0.036
2012-08-29,0.0449
2012-08-30,0.0542
2012-08-31,0.089
2012-09-03,0.053
2012-09-04,0.0674
2012-09-05,0.054
2012-09-06,0.0468
2012-09-07,0.0552
2012-09-10,0.0702
2012-09-11,0.0657
2012-09-12,0.0707
2012-09-13,0.0383
2012-09-14,0.0573
2012-09-17,0.059
2012-09-18,0.0444
2012-09-19,0.0558
2012-09-20,0.055
2012-09-21,0.059
2012-09-24,0.1103
2012-09-25,0.175
2012-09-26,0.1795
2012-09-27,0.2697
2012-09-28,0.2963
2012-10-01,0.2163
2012-10-02,0.0834
2012-10-03,0.0198
2012-10-04,0.0246
2012-10-05,0.0159
2012-10-08,0.0313
2012-10-09,0.0247
2012-10-10,0.0339
2012-10-11,0.031
2012-10-12,0.0279
2012-10-15,0.0301
2012-10-16,0.0452
2012-10-17,0.0704
2012-10-18,0.0522
2012-10-19,0.032
2012-10-22,0.0608
2012-10-23,0.088
2012-10-24,0.1364
2012-10-25,0.1739
2012-10-29,0.0943
2012-10-30,0.0489
2012-10-31,0.0666
2012-11-01,0.0235
2012-11-02,0.0642
2012-11-05,0.0415
2012-11-06,0.0269
2012-11-07,0.0238
2012-11-08,0.0282
2012-11-09,0.0421
2012-11-12,0.0312
2012-11-14,0.0963
2012-11-15,0.1786
2012-11-16,0.1301
2012-11-19,0.0455
2012-11-20,0.0406
2012-11-21,0.0283
2012-11-22,0.0256
2012-11-23,0.0329
2012-11-26,0.0492
2012-11-27,0.0528
2012-11-28,0.0502
2012-11-29,0.062
2012-11-30,0.0981
2012-12-03,0.0957
2012-12-04,0.1174
2012-12-05,0.0532
2012-12-06,0.0314
2012-12-07,0.0247
2012-12-10,0.0253
2012-12-11,0.0201
2012-12-12,0.0306
2012-12-13,0.0283
2012-12-14,0.0441
2012-12-17,0.1101
2012-12-18,0.0743
2012-12-19,0.056
2012-12-20,0.0196
2012-12-21,0.0359
2012-12-24,0.055
2012-12-26,0.1099
2012-12-27,0.0991
2012-12-28,0.0637
2012-12-31,0.038
2013-01-02,0.0189
2013-01-03,0.0194
2013-01-04,0.0228
2013-01-07,0.0285
2013-01-08,0.0327
2013-01-09,0.0202
2013-01-10,0.0247
2013-01-11,0.0224
2013-01-14,0.0235
2013-01-15,0.0274
2013-01-16,0.0266
2013-01-17,0.0255
2013-01-18,0.0517
2013-01-21,0.0567
2013-01-22,0.0605
2013-01-23,0.1034
2013-01-24,0.0629
2013-01-25,0.0365
2013-01-28,0.0442
2013-01-29,0.0511
2013-01-30,0.0503
2013-01-31,0.0715
2013-02-01,0.0589
2013-02-04,0.0712
2013-02-05,0.0266
2013-02-06,0.0226
2013-02-07,0.0317
2013-02-08,0.0767
2013-02-13,0.0793
2013-02-14,0.0921
2013-02-15,0.0991
2013-02-18,0.0423
2013-02-19,0.0396
2013-02-20,0.0197
2013-02-21,0.0406
2013-02-22,0.0414
2013-02-25,0.0306
2013-02-26,0.0391
2013-02-27,0.0546
2013-02-28,0.0657
2013-03-01,0.0659
2013-03-04,0.0501
2013-03-05,0.0409
2013-03-06,0.0504
2013-03-07,0.0244
2013-03-08,0.0281
2013-03-11,0.036
2013-03-12,0.0346
2013-03-13,0.0228
2013-03-14,0.019
2013-03-15,0.039
2013-03-18,0.0398
2013-03-19,0.086
2013-03-20,0.0986
2013-03-21,0.0628
2013-03-22,0.1109
2013-03-25,0.0439
2013-03-26,0.0315
2013-03-27,0.0187
2013-03-28,0.0334
2013-04-01,0.0224
2013-04-02,0.0321
2013-04-03,0.0194
2013-04-04,0.0213
2013-04-05,0.0297
2013-04-08,0.0222
2013-04-09,0.032
2013-04-10,0.0615
2013-04-11,0.0489
2013-04-12,0.0392
2013-04-15,0.0278
2013-04-16,0.0316
2013-04-17,0.0637
2013-04-18,0.0449
2013-04-19,0.0364
2013-04-22,0.0322
2013-04-23,0.0264
2013-04-24,0.0336
2013-04-25,0.0373
2013-04-26,0.0483
2013-04-29,0.0763
2013-04-30,0.101
2013-05-02,0.0804
2013-05-03,0.0881
2013-05-06,0.0766
2013-05-07,0.0355
2013-05-08,0.0387
2013-05-09,0.0334
2013-05-10,0.0244
2013-05-13,0.0273
2013-05-14,0.0262
2013-05-15,0.0268
2013-05-16,0.034
2013-05-17,0.0575
2013-05-20,0.0695
2013-05-21,0.1007
2013-05-22,0.0965
2013-05-23,0.1355
2013-05-27,0.0694
2013-05-28,0.0564
2013-05-29,0.0588
2013-05-30,0.0761
2013-05-31,0.0537
2013-06-03,0.0341
2013-06-04,0.0394
2013-06-05,0.0435
2013-06-06,0.0211
2013-06-07,0.018
2013-06-10,0.0177
2013-06-11,0.0291
2013-06-12,0.0273
2013-06-13,0.0355
2013-06-14,0.03
2013-06-17,0.0292
2013-06-18,0.033
2013-06-19,0.0427
2013-06-20,0.0549
2013-06-21,0.0632
2013-06-24,0.0616
2013-06-25,0.0483
2013-06-26,0.0476
2013-06-27,0.0526
2013-06-28,0.0478
2013-07-01,0.0646
2013-07-02,0.0638
2013-07-03,0.0698
2013-07-04,0.0633
2013-07-05,0.0358
2013-07-08,0.0251
2013-07-09,0.0361
2013-07-10,0.0209
2013-07-11,0.0354
2013-07-12,0.0443
2013-07-15,0.0351
2013-07-16,0.04
2013-07-17,0.0251
2013-07-18,0.0372
2013-07-19,0.0434
2013-07-22,0.0373
2013-07-23,0.0436
2013-07-24,0.0718
2013-07-25,0.0414
2013-07-26,0.0423
2013-07-29,0.0774
2013-07-30,0.0533
2013-07-31,0.0522
2013-08-01,0.0315
2013-08-02,0.0291
2013-08-05,0.0319
2013-08-06,0.0504
2013-08-07,0.0498
2013-08-12,0.0505
2013-08-13,0.0265
2013-08-14,0.0341
2013-08-15,0.0485
2013-08-16,0.0401
2013-08-19,0.0307
2013-08-20,0.0353
2013-08-21,0.073
2013-08-22,0.0657
2013-08-23,0.0649
2013-08-26,0.0418
2013-08-27,0.0358
2013-08-28,0.0558
2013-08-29,0.0455
2013-08-30,0.0308
2013-09-02,0.0376
2013-09-03,0.0348
2013-09-04,0.0435
2013-09-05,0.0218
2013-09-06,0.0175
2013-09-09,0.034
2013-09-10,0.0269
2013-09-11,0.0372
2013-09-12,0.0265
2013-09-13,0.0415
2013-09-16,0.023
2013-09-17,0.0342
2013-09-18,0.0263
2013-09-19,0.03
2013-09-20,0.025
2013-09-23,0.0292
2013-09-24,0.0174
2013-09-25,0.0229
2013-09-26,0.0245
2013-09-27,0.0236
2013-09-30,0.0522
2013-10-01,0.0228
2013-10-02,0.0558
2013-10-03,0.0825
2013-10-04,0.1221
2013-10-07,0.1475
2013-10-08,0.0831
2013-10-09,0.0823
2013-10-10,0.1224
2013-10-11,0.1284
2013-10-14,0.1924
2013-10-16,0.0599
2013-10-17,0.0711
2013-10-18,0.0703
2013-10-21,0.0275
2013-10-22,0.0293
2013-10-23,0.0299
2013-10-24,0.0294
2013-10-25,0.0295
2013-10-28,0.0479
2013-10-29,0.0516
2013-10-30,0.0357
2013-10-31,0.0318
2013-11-01,0.0292
2013-11-04,0.0367
2013-11-05,0.025
2013-11-06,0.0171
2013-11-07,0.0245
2013-11-08,0.0441
2013-11-11,0.0736
2013-11-12,0.1887
2013-11-13,0.3913
2013-11-14,0.1015
2013-11-15,0.0375
2013-11-18,0.0833
2013-11-19,0.1083
2013-11-20,0.0944
2013-11-21,0.0299
2013-11-22,0.0388
2013-11-25,0.0425
2013-11-26,0.0423
2013-11-27,0.0164
2013-11-28,0.0327
2013-11-29,0.0466
2013-12-02,0.0333
2013-12-03,0.0757
2013-12-04,0.0973
2013-12-05,0.07
2013-12-06,0.0384
2013-12-09,0.0314
2013-12-10,0.0254
2013-12-11,0.0433
2013-12-12,0.018
2013-12-13,0.0331
2013-12-16,0.0326
2013-12-17,0.0371
2013-12-18,0.0511
2013-12-19,0.0497
2013-12-20,0.0784
2013-12-23,0.0965
2013-12-24,0.0949
2013-12-26,0.0264
2013-12-27,0.0311
2013-12-30,0.0217
2013-12-31,0.0698
2014-01-02,0.0446
2014-01-03,0.0259
2014-01-06,0.037
2014-01-07,0.0358
2014-01-08,0.039
2014-01-09,0.029
2014-01-10,0.0399
2014-01-13,0.0541
2014-01-14,0.0403
2014-01-15,0.0381
2014-01-16,0.0356
2014-01-17,0.0451
2014-01-20,0.0474
2014-01-21,0.0468
2014-01-22,0.0509
2014-01-23,0.0479
2014-01-24,0.0557
2014-01-27,0.0521
2014-01-28,0.061
2014-01-29,0.0577
2014-01-30,0.0467
2014-02-03,0.0593
2014-02-04,0.0169
2014-02-05,0.0237
2014-02-06,0.0124
2014-02-07,0.0376
2014-02-10,0.0347
2014-02-11,0.0288
2014-02-12,0.0284
2014-02-13,0.0364
2014-02-14,0.0422
2014-02-17,0.0453
2014-02-18,0.0518
2014-02-19,0.0576
2014-02-20,0.0325
2014-02-21,0.03
2014-02-24,0.0242
2014-02-25,0.0214
2014-02-26,0.0343
2014-02-27,0.0874
2014-02-28,0.1482
2014-03-03,0.0869
2014-03-04,0.0709
2014-03-05,0.0667
2014-03-06,0.0437
2014-03-07,0.0434
2014-03-10,0.0483
2014-03-11,0.0841
2014-03-12,0.0785
2014-03-13,0.0826
2014-03-14,0.0475
2014-03-17,0.053
2014-03-18,0.0702
2014-03-19,0.0671
2014-03-20,0.0462
2014-03-21,0.0534
2014-03-24,0.0629
2014-03-25,0.0799
2014-03-26,0.0806
2014-03-27,0.0943
2014-03-28,0.1915
2014-03-31,0.2129
2014-04-01,0.0756
2014-04-02,0.0679
2014-04-03,0.04
2014-04-04,0.043
2014-04-07,0.0319
2014-04-08,0.0325
2014-04-09,0.0225
2014-04-10,0.037
2014-04-11,0.0541
2014-04-14,0.038
2014-04-15,0.0539
2014-04-16,0.0693
2014-04-17,0.0686
2014-04-21,0.0686
2014-04-22,0.0735
2014-04-23,0.0888
2014-04-24,0.0958
2014-04-25,0.0601
2014-04-28,0.0858
2014-04-29,0.0863
2014-04-30,0.1691
2014-05-02,0.1091
2014-05-05,0.0632
2014-05-06,0.0866
2014-05-07,0.0762
2014-05-08,0.0893
2014-05-09,0.0734
2014-05-12,0.1105
2014-05-14,0.1111
2014-05-15,0.0603
2014-05-16,0.0572
2014-05-19,0.0526
2014-05-20,0.0483
2014-05-21,0.0705
2014-05-22,0.1016
2014-05-23,0.0606
2014-05-26,0.0365
2014-05-27,0.0674
2014-05-28,0.1205
2014-05-29,0.1147
2014-05-30,0.155
2014-06-02,0.0753
2014-06-03,0.0578
2014-06-04,0.0246
2014-06-05,0.0182
2014-06-06,0.0312
2014-06-09,0.0365
2014-06-10,0.0267
2014-06-11,0.0305
2014-06-12,0.0415
2014-06-13,0.0338
2014-06-16,0.0385
2014-06-17,0.0373
2014-06-18,0.049
2014-06-19,0.0643
2014-06-20,0.1109
2014-06-23,0.1051
2014-06-24,0.1101
2014-06-25,0.1627
2014-06-26,0.0939
2014-06-27,0.0742
2014-06-30,0.0692
2014-07-01,0.0572
2014-07-02,0.0448
2014-07-03,0.035
2014-07-04,0.034
2014-07-07,0.0393
2014-07-08,0.038
2014-07-09,0.0244
2014-07-10,0.0381
2014-07-11,0.0402
2014-07-14,0.0434
2014-07-15,0.0614
2014-07-16,0.0886
2014-07-17,0.0995
2014-07-18,0.1463
2014-07-21,0.1146
2014-07-22,0.0376
2014-07-23,0.0258
2014-07-24,0.0499
2014-07-25,0.0604
2014-07-29,0.0458
2014-07-30,0.0511
2014-07-31,0.083
2014-08-01,0.0762
2014-08-04,0.0443
2014-08-05,0.0335
2014-08-06,0.0497
2014-08-07,0.0428
2014-08-08,0.0613
2014-08-11,0.0484
2014-08-12,0.06
2014-08-13,0.054
2014-08-14,0.0569
2014-08-15,0.0743
2014-08-18,0.077
2014-08-19,0.0706
2014-08-20,0.0903
2014-08-21,0.1059
2014-08-22,0.1627
2014-08-25,0.0817
2014-08-26,0.1204
2014-08-27,0.1103
2014-08-28,0.1897
2014-08-29,0.1766
2014-09-01,0.1915
2014-09-02,0.1446
2014-09-03,0.1089
2014-09-04,0.1374
2014-09-05,0.0691
2014-09-08,0.0654
2014-09-09,0.0618
2014-09-10,0.0584
2014-09-11,0.0493
2014-09-12,0.0924
2014-09-15,0.091
2014-09-16,0.1133
2014-09-17,0.0661
2014-09-18,0.0527
2014-09-19,0.074
2014-09-22,0.0599
2014-09-23,0.0625
2014-09-24,0.0842
2014-09-25,0.088
2014-09-26,0.1372
2014-09-29,0.0615
2014-09-30,0.0751
2014-10-01,0.0803
2014-10-02,0.0718
2014-10-03,0.0803
2014-10-07,0.0496
2014-10-08,0.0523
2014-10-09,0.0476
2014-10-10,0.0571
2014-10-13,0.0674
2014-10-14,0.0813
2014-10-15,0.1109
2014-10-16,0.067
2014-10-17,0.0749
2014-10-20,0.0604
2014-10-21,0.0754
2014-10-23,0.056
2014-10-24,0.0913
2014-10-27,0.0673
2014-10-28,0.0831
2014-10-29,0.0952
2014-10-30,0.0739
2014-10-31,0.117
2014-11-03,0.2229
2014-11-04,0.1612
2014-11-05,0.1619
2014-11-06,0.2298
2014-11-07,0.1369
2014-11-10,0.1011
2014-11-11,0.1126
2014-11-12,0.0723
2014-11-13,0.0605
2014-11-14,0.0777
2014-11-17,0.0907
2014-11-18,0.0888
2014-11-19,0.113
2014-11-20,0.1155
2014-11-21,0.1266
2014-11-24,0.1308
2014-11-25,0.1562
2014-11-26,0.0965
2014-11-27,0.1184
2014-11-28,0.2011
2014-12-01,0.1018
2014-12-02,0.0861
2014-12-03,0.1126
2014-12-04,0.1038
2014-12-05,0.1161
2014-12-08,0.1747
2014-12-09,0.1624
2014-12-10,0.1198
2014-12-11,0.065
2014-12-12,0.0666
2014-12-15,0.0789
2014-12-16,0.0881
2014-12-17,0.0889
2014-12-18,0.2039
2014-12-19,0.3186
2014-12-22,0.2258
2014-12-23,0.1706
2014-12-24,0.0503
2014-12-26,0.1268
2014-12-29,0.2327
2014-12-30,0.2535
2014-12-31,0.2484
2015-01-02,0.173
2015-01-05,0.302
2015-01-06,0.1871
2015-01-07,0.1043
2015-01-08,0.0778
2015-01-09,0.135
2015-01-12,0.1423
2015-01-13,0.1106
2015-01-14,0.0867
2015-01-15,0.1014
2015-01-16,0.0488
2015-01-19,0.0496
2015-01-20,0.0696
2015-01-21,0.0487
2015-01-22,0.0655
2015-01-23,0.073
2015-01-26,0.0951
2015-01-27,0.1393
2015-01-28,0.3499
2015-01-29,0.2774
2015-01-30,0.3866
2015-02-02,0.259
2015-02-03,0.1517
2015-02-04,0.1278
2015-02-05,0.2307
2015-02-06,0.193
2015-02-09,0.3004
2015-02-10,0.2927
2015-02-11,0.2541
2015-02-12,0.2587
2015-02-13,0.215
2015-02-16,0.1832
2015-02-17,0.2848
2015-02-18,0.4929
2015-02-23,0.4635
2015-02-24,0.4307
2015-02-25,0.2796
2015-02-26,0.2797
2015-02-27,0.3447
2015-03-02,0.4297
2015-03-03,0.354
2015-03-04,0.2646
2015-03-05,0.1165
2015-03-06,0.1569
2015-03-09,0.1995
2015-03-10,0.1676
2015-03-11,0.1838
2015-03-12,0.1191
2015-03-13,0.1013
2015-03-16,0.1177
2015-03-17,0.1845
2015-03-18,0.3618
2015-03-19,0.4119
2015-03-20,0.6044
2015-03-23,0.5587
2015-03-24,0.1859
2015-03-25,0.1207
2015-03-26,0.1948
2015-03-27,0.1813
2015-03-30,0.146
2015-03-31,0.3023
2015-04-01,0.2213
2015-04-02,0.2512
2015-04-06,0.4473
2015-04-07,0.4897
2015-04-08,0.3874
2015-04-09,0.3216
2015-04-10,0.2356
2015-04-13,0.2098
2015-04-14,0.133
2015-04-15,0.1189
2015-04-16,0.051
2015-04-17,0.0672
2015-04-20,0.0962
2015-04-21,0.1922
2015-04-22,0.2141
2015-04-23,0.2142
2015-04-24,0.2791
2015-04-27,0.235
2015-04-28,0.3689
2015-04-29,0.2849
2015-04-30,0.2264
2015-05-04,0.4917
2015-05-05,0.4986
2015-05-06,0.6033
2015-05-07,0.5122
2015-05-08,0.2376
2015-05-11,0.1146
2015-05-12,0.0745
2015-05-13,0.0345
2015-05-14,0.0373
2015-05-15,0.0695
2015-05-18,0.0644
2015-05-19,0.0761
2015-05-20,0.0925
2015-05-21,0.117
2015-05-22,0.1395
2015-05-25,0.1728
2015-05-26,0.2131
2015-05-27,0.3119
2015-05-28,0.2203
2015-05-29,0.3903
2015-06-02,0.3378
2015-06-03,0.3433
2015-06-04,0.2172
2015-06-05,0.1201
2015-06-08,0.0894
2015-06-09,0.0734
2015-06-10,0.0552
2015-06-11,0.0675
2015-06-12,0.0631
2015-06-15,0.0752
2015-06-16,0.0616
2015-06-17,0.0749
2015-06-18,0.0878
2015-06-19,0.1722
2015-06-22,0.339
2015-06-23,0.2616
2015-06-24,0.2419
2015-06-25,0.1759
2015-06-26,0.3613
2015-06-29,0.9921
2015-06-30,1.0098
2015-07-01,0.5795
2015-07-02,0.5193
2015-07-03,0.2663
2015-07-06,0.248
2015-07-07,0.1594
2015-07-08,0.0485
2015-07-09,0.0329
2015-07-10,0.048
2015-07-13,0.0681
2015-07-14,0.1289
2015-07-15,0.2164
2015-07-16,0.3106
2015-07-20,0.2813
2015-07-21,0.2098
2015-07-22,0.134
2015-07-23,0.1518
2015-07-24,0.2058
2015-07-27,0.2773
2015-07-28,0.233
2015-07-29,0.2324
2015-07-30,0.2464
2015-07-31,0.2294
2015-08-03,0.1589
2015-08-04,0.1852
2015-08-05,0.1724
2015-08-06,0.111
2015-08-11,0.145
2015-08-12,0.1034
2015-08-13,0.1238
2015-08-14,0.0907
2015-08-17,0.0886
2015-08-18,0.1743
2015-08-19,0.1478
2015-08-20,0.1225
2015-08-21,0.2854
2015-08-24,0.6583
2015-08-25,1.2265
2015-08-26,0.7726
2015-08-27,0.2978
2015-08-28,0.1963
2015-08-31,0.4865
2015-09-01,0.2117
2015-09-02,0.161
2015-09-03,0.0773
2015-09-04,0.0573
2015-09-07,0.0806
2015-09-08,0.2133
2015-09-09,0.1118
2015-09-10,0.3055
2015-09-14,0.2027
2015-09-15,0.1956
2015-09-16,0.2002
2015-09-17,0.2299
2015-09-18,0.187
2015-09-21,0.1394
2015-09-22,0.1841
2015-09-23,0.12
2015-09-25,0.1862
2015-09-28,0.1999
2015-09-29,0.1105
2015-09-30,0.2158
2015-10-01,0.1573
2015-10-02,0.3206
2015-10-05,0.2704
2015-10-06,0.2789
2015-10-07,0.1463
2015-10-08,0.0645
2015-10-09,0.0301
2015-10-12,0.0407
2015-10-13,0.027
2015-10-14,0.0338
2015-10-15,0.0571
2015-10-16,0.2107
2015-10-19,0.2296
2015-10-20,0.1067
2015-10-21,0.1595
2015-10-22,0.3093
2015-10-23,0.5614
2015-10-26,0.3848
2015-10-27,0.3994
2015-10-28,0.6862
2015-10-29,0.809
2015-10-30,1.0026
2015-11-02,0.7076
2015-11-03,0.2755
2015-11-04,0.1229
2015-11-05,0.2372
2015-11-06,0.16
2015-11-09,0.2111
2015-11-11,0.0758
2015-11-12,0.2109
2015-11-13,0.6254
2015-11-16,0.6204
2015-11-17,0.5701
2015-11-18,0.4563
2015-11-19,0.2024
2015-11-20,0.3069
2015-11-23,0.4644
2015-11-24,0.7355
2015-11-25,0.3878
2015-11-26,0.4032
2015-11-27,0.6995
2015-11-30,0.6487
2015-12-01,0.4087
2015-12-02,0.4295
2015-12-03,0.2785
2015-12-04,0.2963
2015-12-07,0.228
2015-12-08,0.2643
2015-12-09,0.2058
2015-12-10,0.1305
2015-12-11,0.2475
2015-12-14,0.248
2015-12-15,0.2907
2015-12-16,0.36
2015-12-17,0.3339
2015-12-18,0.1877
2015-12-21,0.1435
2015-12-22,0.1908
2015-12-23,0.2532
2015-12-24,0.1939
2015-12-28,0.3021
2015-12-29,0.2059
2015-12-30,0.2688
2015-12-31,0.7159
2016-01-04,0.415
2016-01-05,0.2071
2016-01-06,0.4788
2016-01-07,0.6187
2016-01-08,0.66
2016-01-11,0.9215
2016-01-12,0.6327
2016-01-13,0.54
2016-01-14,0.181
2016-01-15,0.1571
2016-01-18,0.3344
2016-01-19,0.2782
2016-01-20,0.2574
2016-01-21,0.1234
2016-01-22,0.1559
2016-01-25,0.1477
2016-01-26,0.1594
2016-01-27,0.1371
2016-01-28,0.1949
2016-01-29,0.1954
2016-02-01,0.1572
2016-02-02,0.2748
2016-02-03,0.2359
2016-02-04,0.264
2016-02-05,0.3061
2016-02-10,0.146
2016-02-11,0.0879
2016-02-12,0.1689
2016-02-15,0.1309
2016-02-16,0.2218
2016-02-17,0.353
2016-02-18,0.3423
2016-02-19,0.2776
2016-02-22,0.3736
2016-02-23,0.3094
2016-02-24,0.3774
2016-02-25,0.3362
2016-02-26,0.3476
2016-02-29,0.5059
2016-03-01,0.4915
2016-03-02,0.4329
2016-03-03,0.415
2016-03-04,0.2754
2016-03-07,0.2912
2016-03-08,0.3696
2016-03-09,0.2949
2016-03-10,0.3274
2016-03-11,0.3
2016-03-14,0.2973
2016-03-15,0.2826
2016-03-16,0.2754
2016-03-17,0.1751
2016-03-18,0.233
2016-03-21,0.2849
2016-03-22,0.2591
2016-03-23,0.2309
2016-03-24,0.2752
2016-03-28,0.3018
2016-03-29,0.1692
2016-03-30,0.1035
2016-03-31,0.1332
2016-04-01,0.2503
2016-04-04,0.2835
2016-04-05,0.2968
2016-04-06,0.2105
2016-04-07,0.2044
2016-04-08,0.1936
2016-04-11,0.2105
2016-04-12,0.1244
2016-04-13,0.1451
2016-04-14,0.3209
2016-04-15,0.3666
2016-04-18,0.2637
2016-04-19,0.3029
2016-04-20,0.354
2016-04-21,0.4835
2016-04-22,0.6771
2016-04-25,0.5986
2016-04-26,0.6649
2016-04-27,0.6359
2016-04-28,0.3292
2016-04-29,0.4125
2016-05-03,0.506
2016-05-04,0.2011
2016-05-05,0.1426
2016-05-06,0.2989
2016-05-09,0.2913
2016-05-10,0.1364
2016-05-11,0.0599
2016-05-12,0.1049
2016-05-13,0.095
2016-05-16,0.0765
2016-05-17,0.0805
2016-05-18,0.1209
2016-05-19,0.1827
2016-05-20,0.1496
2016-05-23,0.2659
2016-05-24,0.2268
2016-05-25,0.329
2016-05-26,0.2552
2016-05-27,0.229
2016-05-30,0.3567
2016-05-31,0.2297
2016-06-01,0.2393
2016-06-02,0.1044
2016-06-03,0.1153
2016-06-06,0.1614
2016-06-07,0.0581
2016-06-08,0.0565
2016-06-09,0.0574
2016-06-10,0.1128
2016-06-13,0.0921
2016-06-14,0.051
2016-06-15,0.0414
2016-06-16,0.0727
2016-06-17,0.0741
2016-06-20,0.0774
2016-06-21,0.0626
2016-06-22,0.0416
2016-06-23,0.043
2016-06-24,0.0825
2016-06-27,0.0846
2016-06-28,0.0831
2016-06-29,0.1845
2016-06-30,0.4412
2016-07-01,0.1478
2016-07-04,0.1342
2016-07-05,0.109
2016-07-07,0.0847
2016-07-08,0.0717
2016-07-11,0.0566
2016-07-12,0.064
2016-07-13,0.0563
2016-07-14,0.075
2016-07-15,0.1187
2016-07-18,0.0727
2016-07-19,0.0557
2016-07-20,0.1572
2016-07-21,0.4879
2016-07-22,0.3511
2016-07-25,0.6345
2016-07-26,0.7764
2016-07-27,0.8879
2016-07-28,0.7445
2016-07-29,0.3713
2016-08-01,0.1956
2016-08-02,0.0725
2016-08-03,0.0223
2016-08-04,0.0241
2016-08-05,0.0135
2016-08-08,0.0134
2016-08-10,0.0173
2016-08-11,0.0178
2016-08-12,0.021
2016-08-15,0.0486
2016-08-16,0.0696
2016-08-17,0.1219
2016-08-18,0.1091
2016-08-19,0.0737
2016-08-22,0.0612
2016-08-23,0.0743
2016-08-24,0.0402
2016-08-25,0.0876
2016-08-26,0.1857
2016-08-29,0.3628
2016-08-30,0.1422
2016-08-31,0.3781
2016-09-01,0.0919
2016-09-02,0.0808
2016-09-05,0.0855
2016-09-06,0.0467
2016-09-07,0.0294
2016-09-08,0.0184
2016-09-09,0.0282
2016-09-13,0.041
2016-09-14,0.0721
2016-09-15,0.0343
2016-09-16,0.0495
2016-09-19,0.0477
2016-09-20,0.0441
2016-09-21,0.0439
2016-09-22,0.0476
2016-09-23,0.0532
2016-09-26,0.0705
2016-09-27,0.0743
2016-09-28,0.1344
2016-09-29,0.1821
2016-09-30,0.1248
2016-10-03,0.0488
2016-10-04,0.0369
2016-10-05,0.0452
2016-10-06,0.0621
2016-10-07,0.1203
2016-10-10,0.0811
2016-10-11,0.1175
2016-10-12,0.1134
2016-10-13,0.038
2016-10-14,0.0842
2016-10-17,0.0289
2016-10-18,0.0305
2016-10-19,0.0475
2016-10-20,0.0586
2016-10-21,0.1608
2016-10-24,0.1838
2016-10-25,0.0858
2016-10-26,0.0658
2016-10-27,0.0655
2016-10-28,0.0964
2016-10-31,0.0731
2016-11-01,0.0734
2016-11-02,0.0796
2016-11-03,0.0413
2016-11-04,0.0768
2016-11-07,0.055
2016-11-08,0.0802
2016-11-09,0.0833
2016-11-10,0.0815
2016-11-11,0.0384
2016-11-14,0.0969
2016-11-15,0.0761
2016-11-16,0.0781
2016-11-17,0.0494
2016-11-18,0.0495
2016-11-21,0.1094
2016-11-22,0.0849
2016-11-23,0.0742
2016-11-24,0.07
2016-11-25,0.3243
2016-11-28,0.1918
2016-11-29,0.2422
2016-11-30,0.0649
2016-12-01,0.0459
2016-12-02,0.0498
2016-12-05,0.0963
2016-12-06,0.1152
2016-12-07,0.0639
2016-12-08,0.1106
2016-12-09,0.1152
2016-12-12,0.1602
2016-12-13,0.3858
2016-12-14,0.3725
2016-12-15,0.3876
2016-12-16,0.248
2016-12-19,0.3729
2016-12-20,0.2941
2016-12-21,0.2255
2016-12-22,0.109
2016-12-23,0.2062
2016-12-27,0.2848
2016-12-28,0.4048
2016-12-29,0.4114
2016-12-30,0.4595
2017-01-03,0.2354
2017-01-04,0.1257
2017-01-05,0.104
2017-01-06,0.1122
2017-01-09,0.0523
2017-01-10,0.0301
2017-01-11,0.0378
2017-01-12,0.0555
2017-01-13,0.1292
2017-01-16,0.1119
2017-01-17,0.1605
2017-01-18,0.1319
2017-01-19,0.0983
2017-01-20,0.0598
2017-01-23,0.0799
2017-01-24,0.0865
2017-01-25,0.0685
2017-01-26,0.1849
2017-01-27,0.5198
2017-01-31,0.1388
2017-02-01,0.1208
2017-02-02,0.2009
2017-02-03,0.4127
2017-02-06,0.3364
2017-02-07,0.1171
2017-02-08,0.1515
2017-02-09,0.338
2017-02-10,0.5471
2017-02-13,0.6944
2017-02-14,0.3852
2017-02-15,0.1524
2017-02-16,0.0975
2017-02-17,0.1687
2017-02-20,0.156
2017-02-21,0.5143
2017-02-22,0.6109
2017-02-23,0.5746
2017-02-24,0.2226
2017-02-27,0.3106
2017-02-28,0.4731
2017-03-01,0.305
2017-03-02,0.1629
2017-03-03,0.183
2017-03-06,0.2365
2017-03-07,0.1343
2017-03-08,0.0555
2017-03-09,0.1194
2017-03-10,0.1532
2017-03-13,0.1035
2017-03-14,0.1423
2017-03-15,0.1113
2017-03-16,0.3634
2017-03-17,0.4885
2017-03-20,0.6229
2017-03-21,0.343
2017-03-22,0.3168
2017-03-23,0.1248
2017-03-24,0.2633
2017-03-27,0.2306
2017-03-28,0.195
2017-03-29,0.4827
2017-03-30,0.4343
2017-03-31,0.5687
2017-04-03,0.6962
2017-04-04,0.3758
2017-04-05,0.3076
2017-04-06,0.2147
2017-04-07,0.1849
2017-04-10,0.2675
2017-04-11,0.3735
2017-04-12,0.4849
2017-04-13,0.7076
2017-04-17,0.4296
2017-04-18,0.3628
2017-04-19,0.247
2017-04-20,0.362
2017-04-21,0.4809
2017-04-24,0.4397
2017-04-25,0.4835
2017-04-26,0.5996
2017-04-27,0.3922
2017-04-28,0.4526
2017-05-02,0.446
2017-05-03,0.512
2017-05-04,0.3957
2017-05-05,0.469
2017-05-08,0.4946
2017-05-09,0.4974
2017-05-11,0.505
2017-05-12,0.5746
2017-05-15,0.5159
2017-05-16,0.7252
2017-05-17,0.582
2017-05-18,0.5199
2017-05-19,0.5588
2017-05-22,0.5613
2017-05-23,0.4187
2017-05-24,0.4127
2017-05-25,0.3323
2017-05-26,0.4495
2017-05-29,0.3589
2017-05-30,0.4404
2017-05-31,0.4503
2017-06-01,0.3647
2017-06-02,0.5698
2017-06-05,0.6237
2017-06-06,0.711
2017-06-07,0.8227
2017-06-08,0.4644
2017-06-09,0.2618
2017-06-12,0.2335
2017-06-13,0.0917
2017-06-14,0.1126
2017-06-15,0.1495
2017-06-16,0.1433
2017-06-19,0.1576
2017-06-20,0.1526
2017-06-21,0.276
2017-06-22,0.4513
2017-06-23,1.1334
2017-06-27,0.73
2017-06-28,0.9212
2017-06-29,1.1955
2017-06-30,0.8239
2017-07-03,0.8275
2017-07-04,1.214
2017-07-05,1.2275
2017-07-06,0.9298
2017-07-07,1.1808
2017-07-10,1.1877
2017-07-11,1.068
2017-07-12,0.9984
2017-07-13,0.5523
2017-07-14,0.3909
2017-07-17,0.3072
2017-07-18,0.2644
2017-07-19,0.4248
2017-07-20,0.5738
2017-07-21,0.6979
2017-07-24,0.7706
2017-07-25,0.78
2017-07-26,0.7354
2017-07-27,0.5795
2017-07-28,0.7337
2017-07-31,0.986
2017-08-01,0.8904
2017-08-02,0.9353
2017-08-03,0.6009
2017-08-04,0.6899
2017-08-07,0.4968
2017-08-08,0.4332
2017-08-10,0.3925
2017-08-11,0.4601
2017-08-14,0.6628
2017-08-15,0.7048
2017-08-16,0.7716
2017-08-17,0.6699
2017-08-18,0.8218
2017-08-21,0.8527
2017-08-22,0.9036
2017-08-23,0.9766
2017-08-24,1.0179
2017-08-25,1.2455
2017-08-28,1.137
2017-08-29,0.5851
2017-08-30,0.2874
2017-08-31,0.5189
2017-09-04,0.8749
2017-09-05,0.8973
2017-09-06,0.7411
2017-09-07,0.5901
2017-09-08,0.7084
2017-09-11,0.8189
2017-09-12,0.7175
2017-09-13,0.4524
2017-09-14,0.3192
2017-09-15,0.2772
2017-09-18,0.5204
2017-09-19,0.5091
2017-09-20,0.6871
2017-09-21,0.6471
2017-09-22,0.7077
2017-09-25,0.59
2017-09-26,0.5617
2017-09-27,0.6652
2017-09-28,0.5562
2017-09-29,0.5979
2017-10-02,0.5872
2017-10-03,0.5746
2017-10-04,0.3605
2017-10-05,0.4652
2017-10-06,0.6093
2017-10-09,0.6312
2017-10-10,0.5824
2017-10-11,0.6725
2017-10-12,0.6971
2017-10-13,0.6888
2017-10-16,0.6978
2017-10-17,0.6918
2017-10-19,1.011
2017-10-20,1.3715
2017-10-23,1.4066
2017-10-24,1.2133
2017-10-25,1.3334
2017-10-26,1.1275
2017-10-27,1.1225
2017-10-30,1.1744
2017-10-31,1.0968
2017-11-01,1.04
2017-11-02,0.7605
2017-11-03,0.8203
2017-11-06,0.7117
2017-11-07,0.7264
2017-11-08,0.8014
2017-11-09,0.8199
2017-11-10,1.0026
2017-11-13,0.6976
2017-11-14,0.6693
2017-11-15,0.5585
2017-11-16,0.543
2017-11-17,0.5547
2017-11-20,0.49
2017-11-21,0.2509
2017-11-22,0.1709
2017-11-23,0.3673
2017-11-24,0.5353
2017-11-27,0.6674
2017-11-28,0.7853
2017-11-29,1.1968
2017-11-30,1.2592
2017-12-01,1.2101
2017-12-04,0.992
2017-12-05,0.8293
2017-12-06,0.7437
2017-12-07,0.7247
2017-12-08,0.782
2017-12-11,0.8323
2017-12-12,0.9218
2017-12-13,0.8442
2017-12-14,0.755
2017-12-15,0.7399
2017-12-18,0.8309
2017-12-19,0.9375
2017-12-20,0.931
2017-12-21,1.0005
2017-12-22,1.2709
2017-12-26,1.196
2017-12-27,0.9589
2017-12-28,0.759
2017-12-29,0.8605
2018-01-02,0.7915
2018-01-03,1.0355
2018-01-04,0.6058
2018-01-05,0.3425
2018-01-08,0.0458
2018-01-09,0.056
2018-01-10,0.1294
2018-01-11,0.066
2018-01-12,0.4538
2018-01-15,0.1639
2018-01-16,0.0973
2018-01-17,0.138
2018-01-18,0.0868
2018-01-19,0.6715
2018-01-22,0.6374
2018-01-23,0.1786
2018-01-24,0.1183
2018-01-25,0.0602
2018-01-26,0.1977
2018-01-29,0.2863
2018-01-30,0.6653
2018-01-31,0.8294
2018-02-01,0.7742
2018-02-02,0.9899
2018-02-05,0.5491
2018-02-06,0.6143
2018-02-07,0.6509
2018-02-08,0.8123
2018-02-09,1.3314
2018-02-12,1.391
2018-02-13,1.1126
2018-02-14,0.6005
2018-02-15,0.5852
2018-02-19,0.7581
2018-02-20,0.916
2018-02-21,1.1141
2018-02-22,1.2325
2018-02-23,1.5934
2018-02-26,1.6497
2018-02-27,1.5178
2018-02-28,0.5943
2018-03-01,0.3726
2018-03-02,0.5802
2018-03-05,0.8453
2018-03-06,0.7439
2018-03-07,0.9541
2018-03-08,0.8161
2018-03-09,0.8321
2018-03-12,0.7758
2018-03-13,0.5956
2018-03-14,0.5853
2018-03-15,0.5777
2018-03-16,0.2856
2018-03-19,0.5764
2018-03-20,0.671
2018-03-21,0.9127
2018-03-22,0.7604
2018-03-23,0.7599
2018-03-26,0.6705
2018-03-27,0.7152
2018-03-28,0.5858
2018-03-29,0.7834
2018-04-02,0.6773
2018-04-03,0.5953
2018-04-04,0.4255
2018-04-05,0.1524
2018-04-06,0.1727
2018-04-09,0.1867
2018-04-10,0.2671
2018-04-11,0.2775
2018-04-12,0.2905
2018-04-13,0.3699
2018-04-16,0.3521
2018-04-17,0.3924
2018-04-18,0.4361
2018-04-19,1.0692
2018-04-20,1.3329
2018-04-23,1.1291
2018-04-24,0.8744
2018-04-25,0.8638
2018-04-26,0.9956
2018-04-27,1.756
2018-04-30,1.4725
2018-05-02,1.1115
2018-05-03,1.0984
2018-05-04,1.1747
2018-05-07,1.3977
2018-05-08,1.5624
2018-05-09,1.5366
2018-05-10,0.9983
2018-05-11,0.8759
2018-05-14,0.9905
2018-05-15,0.7019
2018-05-16,0.6264
2018-05-17,0.4188
2018-05-18,0.4564
2018-05-21,0.6761
2018-05-22,0.6852
2018-05-23,1.2815
2018-05-24,1.0365
2018-05-25,1.4118
2018-05-28,1.5135
2018-05-30,1.5544
2018-05-31,1.1205
2018-06-01,0.9958
2018-06-04,1.431
2018-06-05,1.5185
2018-06-06,1.4606
2018-06-07,1.0974
2018-06-08,1.1256
2018-06-11,1.0994
2018-06-12,0.789
2018-06-13,0.5849
2018-06-14,0.7504
2018-06-18,0.5232
2018-06-19,0.4036
2018-06-20,0.4929
2018-06-21,0.5651
2018-06-22,0.4658
2018-06-25,0.6866
2018-06-26,0.9323
2018-06-27,0.8223
2018-06-28,0.8296
2018-06-29,1.3426
2018-07-02,0.9918
2018-07-03,0.916
2018-07-04,0.8344
2018-07-05,0.8786
2018-07-06,1.4412
2018-07-09,1.4302
2018-07-10,1.4064
2018-07-11,1.3745
2018-07-12,1.2384
2018-07-13,1.1951
2018-07-16,1.1635
2018-07-17,0.7706
2018-07-18,0.8579
2018-07-19,0.9735
2018-07-20,1.0492
2018-07-23,1.4072
2018-07-24,1.4046
2018-07-25,0.9908
2018-07-26,1.1911
2018-07-27,1.4968
2018-07-30,1.5623
2018-07-31,1.7311
2018-08-01,1.8083
2018-08-02,1.6714
2018-08-03,1.8187
2018-08-06,1.8285
2018-08-07,1.4463
2018-08-08,1.3192
2018-08-10,1.4192
2018-08-13,1.7705
2018-08-14,1.4315
2018-08-15,1.6876
2018-08-16,1.0175
2018-08-17,0.8028
2018-08-20,0.7479
2018-08-21,1.224
2018-08-23,1.1864
2018-08-24,1.546
2018-08-27,1.5029
2018-08-28,1.3932
2018-08-29,1.358
2018-08-30,1.1073
2018-08-31,1.0628
2018-09-03,0.9531
2018-09-04,1.0603
2018-09-05,0.6039
2018-09-06,0.68
2018-09-07,0.7885
2018-09-10,0.6444
2018-09-11,0.6249
2018-09-12,0.8635
2018-09-13,0.8372
2018-09-14,1.0121
2018-09-17,1.2431
2018-09-18,1.2587
2018-09-19,1.3053
2018-09-20,1.3883
2018-09-21,1.4172
2018-09-24,1.1161
2018-09-25,1.2211
2018-09-26,1.0801
2018-09-27,1.011
2018-09-28,1.1084
2018-10-01,1.1854
2018-10-02,1.0854
2018-10-03,1.1103
2018-10-04,1.273
2018-10-05,1.2754
2018-10-08,1.0762
2018-10-09,1.1576
2018-10-10,1.0035
2018-10-11,1.1007
2018-10-12,1.1695
2018-10-15,1.1025
2018-10-16,0.941
2018-10-17,1.0147
2018-10-18,1.1154
2018-10-19,1.3026
2018-10-22,1.2159
2018-10-23,1.2068
2018-10-24,1.3389
2018-10-25,1.3532
2018-10-26,1.2862
2018-10-29,1.3056
2018-10-30,1.3336
2018-10-31,1.4498
2018-11-01,1.5274
2018-11-02,1.5642
2018-11-05,1.3473
2018-11-07,1.2537
2018-11-08,1.2862
2018-11-09,1.263
2018-11-12,1.2342
2018-11-13,1.2595
2018-11-14,1.1703
2018-11-15,1.4816
2018-11-16,1.8768
2018-11-19,1.9294
2018-11-20,1.5162
2018-11-21,1.7144
2018-11-22,1.5247
2018-11-23,1.5637
2018-11-26,1.462
2018-11-27,1.3705
2018-11-28,1.3427
2018-11-29,1.8059
2018-11-30,1.9655
2018-12-03,1.8987
2018-12-04,1.6113
2018-12-05,1.2463
2018-12-06,0.4604
2018-12-07,1.1288
2018-12-10,1.1137
2018-12-11,1.3151
2018-12-12,1.6167
2018-12-13,1.5868
2018-12-14,1.5526
2018-12-17,1.4564
2018-12-18,1.5719
2018-12-19,1.9044
2018-12-20,2.0203
2018-12-21,2.0633
2018-12-24,1.9447
2018-12-26,2.1772
2018-12-27,1.7089
2018-12-28,1.846
2018-12-31,1.7645
2019-01-02,1.2781
2019-01-03,0.9545
2019-01-04,1.264
2019-01-07,1.147
2019-01-08,1.1236
2019-01-09,1.1964
2019-01-10,1.0776
2019-01-11,1.1299
2019-01-14,1.1263
2019-01-15,1.0919
2019-01-16,1.3666
2019-01-17,1.5422
2019-01-18,1.6371
2019-01-21,1.4506
2019-01-22,1.7363
2019-01-23,1.8543
2019-01-24,1.9116
2019-01-25,1.7582
2019-01-28,1.8305
2019-01-29,1.89
2019-01-30,1.9188
2019-01-31,1.8978
2019-02-01,1.6472
2019-02-04,1.7538
2019-02-07,1.6384
2019-02-08,1.8156
2019-02-11,1.7735
2019-02-12,1.7882
2019-02-13,1.7162
2019-02-14,1.6528
2019-02-15,1.5548
2019-02-18,1.558
2019-02-19,1.7053
2019-02-20,1.5467
2019-02-21,1.5324
2019-02-22,1.707
2019-02-25,1.6459
2019-02-26,1.5746
2019-02-27,1.4256
2019-02-28,1.6556
2019-03-01,1.8033
2019-03-04,1.4282
2019-03-05,1.3116
2019-03-06,1.2044
2019-03-07,1.2488
2019-03-08,1.099
2019-03-11,1.1414
2019-03-12,1.0192
2019-03-13,1.0662
2019-03-14,1.0579
2019-03-15,1.2407
2019-03-18,1.2236
2019-03-19,1.4223
2019-03-20,1.5833
2019-03-21,1.6409
2019-03-22,1.6422
2019-03-25,1.5807
2019-03-26,1.6774
2019-03-27,1.8564
2019-03-28,1.8534
2019-03-29,2.2358
2019-04-01,1.5456
2019-04-02,1.5339
2019-04-03,1.4935
2019-04-04,1.4388
2019-04-05,1.7328
2019-04-08,1.787
2019-04-09,1.7875
2019-04-10,1.7077
2019-04-11,1.6421
2019-04-12,1.6636
2019-04-15,1.6009
2019-04-16,1.6481
2019-04-17,1.6017
2019-04-18,1.7528
2019-04-22,1.7772
2019-04-23,1.7087
2019-04-24,1.694
2019-04-25,1.766
2019-04-26,1.6678
2019-04-29,1.8593
2019-04-30,2.0791
2019-05-02,1.9441
2019-05-03,1.9643
2019-05-06,1.9961
2019-05-07,2.1542
2019-05-08,1.99
2019-05-09,1.7012
2019-05-10,1.7954
2019-05-13,1.6964
2019-05-14,1.8553
2019-05-15,1.7315
2019-05-16,1.8167
2019-05-17,2.039
2019-05-21,1.695
2019-05-22,1.7432
2019-05-23,1.4486
2019-05-24,1.7018
2019-05-27,1.673
2019-05-28,1.8282
2019-05-29,1.914
2019-05-30,1.5849
2019-05-31,1.8757
2019-06-03,1.786
2019-06-04,1.6102
2019-06-06,1.3635
2019-06-07,1.9579
2019-06-10,1.9555
2019-06-11,2.1023
2019-06-12,1.8346
2019-06-13,1.1671
2019-06-14,1.2907
2019-06-17,1.2541
2019-06-18,1.3965
2019-06-19,1.2413
2019-06-20,1.2634
2019-06-21,1.5855
2019-06-24,1.5577
2019-06-25,1.4176
2019-06-26,1.3439
2019-06-27,1.4207
2019-06-28,1.673
2019-07-01,1.5492
2019-07-02,1.5807
2019-07-03,1.5546
2019-07-04,1.3368
2019-07-05,1.5244
2019-07-08,1.4361
2019-07-09,1.4389
2019-07-10,1.4191
2019-07-11,1.2798
2019-07-12,1.3533
2019-07-15,1.373
2019-07-16,1.3579
2019-07-17,1.4758
2019-07-18,1.5818
2019-07-19,1.7574
2019-07-22,1.7604
2019-07-23,1.6938
2019-07-24,1.6323
2019-07-25,1.5729
2019-07-26,1.6436
2019-07-29,1.7231
2019-07-30,1.9407
2019-07-31,1.9413
2019-08-01,1.6926
2019-08-02,1.7049
2019-08-05,1.7662
2019-08-06,1.8936
2019-08-07,1.6249
2019-08-08,1.8084
2019-08-13,1.6639
2019-08-14,1.6949
2019-08-15,1.5082
2019-08-16,1.6281
2019-08-19,1.4024
2019-08-20,1.2771
2019-08-21,1.3259
2019-08-22,1.2491
2019-08-23,1.286
2019-08-26,1.3413
2019-08-27,1.4376
2019-08-28,1.6368
2019-08-29,1.9107
2019-08-30,1.7441
2019-09-02,1.4403
2019-09-03,1.5036
2019-09-04,1.511
2019-09-05,1.5743
2019-09-06,1.6121
2019-09-09,1.7302
2019-09-10,1.6328
2019-09-11,1.6192
2019-09-12,1.4631
2019-09-13,1.4859
2019-09-16,1.5503
2019-09-17,1.4199
2019-09-18,1.1938
2019-09-19,0.749
2019-09-20,0.6849
2019-09-23,0.7375
2019-09-24,1.2017
2019-09-25,1.5154
2019-09-26,1.5821
2019-09-27,1.5874
2019-09-30,1.7204
2019-10-01,1.4092
2019-10-02,1.4611
2019-10-03,1.3062
2019-10-04,1.1102
2019-10-07,1.117
2019-10-08,0.9774
2019-10-09,1.06
2019-10-10,1.1568
2019-10-11,1.2871
2019-10-14,1.0672
2019-10-15,1.0975
2019-10-16,1.2266
2019-10-17,1.2593
2019-10-18,1.2586
2019-10-21,1.3364
2019-10-22,1.4067
2019-10-23,1.5925
2019-10-24,1.4978
2019-10-25,1.7417
2019-10-29,1.73
2019-10-30,1.6836
2019-10-31,1.6432
2019-11-01,1.338
2019-11-04,1.0749
2019-11-05,0.8751
2019-11-06,0.7925
2019-11-07,0.5491
2019-11-08,0.7595
2019-11-11,0.6814
2019-11-12,0.9573
2019-11-13,0.9095
2019-11-14,0.9153
2019-11-15,1.1029
2019-11-18,1.044
2019-11-19,1.0882
2019-11-20,1.3661
2019-11-21,1.5404
2019-11-22,1.5447
2019-11-25,1.5496
2019-11-26,1.5313
2019-11-27,1.4054
2019-11-28,1.4213
2019-11-29,1.6264
2019-12-02,1.5192
2019-12-03,1.2475
2019-12-04,1.1507
2019-12-05,1.2829
2019-12-06,1.3218
2019-12-09,1.369
2019-12-10,1.3442
2019-12-11,1.2755
2019-12-12,1.0079
2019-12-13,1.1518
2019-12-16,0.6668
2019-12-17,0.4863
2019-12-18,0.2698
2019-12-19,0.9469
2019-12-20,1.4292
2019-12-23,1.9062
2019-12-24,1.9185
2019-12-26,1.3502
2019-12-27,1.1994
2019-12-30,1.0252
2019-12-31,1.3562
2020-01-02,1.6813
2020-01-03,1.2271
2020-01-06,0.9619
2020-01-07,1.0309
2020-01-08,1.0006
2020-01-09,1.0299
2020-01-10,1.181
2020-01-13,1.0595
2020-01-14,0.8209
2020-01-15,0.8514
2020-01-16,0.9215
2020-01-17,1.1806
2020-01-20,0.7793
2020-01-21,1.0474
2020-01-22,1.0442
2020-01-23,1.0101
2020-01-24,1.2578
2020-01-28,1.1813
2020-01-29,1.0807
2020-01-30,1.3564
2020-01-31,1.6492
2020-02-03,1.471
2020-02-04,1.1359
2020-02-05,1.1134
2020-02-06,0.9655
2020-02-07,0.7943
2020-02-10,0.9541
2020-02-11,0.833
2020-02-12,0.7835
2020-02-13,0.9036
2020-02-14,1.065
2020-02-17,0.9734
2020-02-18,1.1336
2020-02-19,1.0811
2020-02-20,0.6284
2020-02-21,0.7445
2020-02-24,0.925
2020-02-25,0.9665
2020-02-26,0.9239
2020-02-27,0.9498
2020-02-28,1.2581
2020-03-02,0.8472
2020-03-03,0.6216
2020-03-04,0.5175
2020-03-05,0.5118
2020-03-06,0.6843
2020-03-09,0.7093
2020-03-10,0.6182
2020-03-11,0.3967
2020-03-12,0.5165
2020-03-13,0.5155
2020-03-16,0.3803
2020-03-17,0.58
2020-03-18,0.5029
2020-03-19,0.4505
2020-03-20,0.5115
2020-03-23,0.3313
2020-03-24,0.2191
2020-03-25,0.2272
2020-03-26,0.2559
2020-03-27,0.1636
2020-03-30,0.2091
2020-03-31,0.267
2020-04-01,0.2545
2020-04-02,0.2404
2020-04-03,0.2481
2020-04-06,0.2391
2020-04-07,0.4194
2020-04-08,0.6002
2020-04-09,0.6151
2020-04-13,0.3271
2020-04-14,0.3969
2020-04-15,0.4392
2020-04-16,0.3678
2020-04-17,0.1952
2020-04-20,0.1123
2020-04-21,0.055
2020-04-22,0.0723
2020-04-23,0.0704
2020-04-24,0.0805
2020-04-27,0.1393
2020-04-28,0.1175
2020-04-29,0.1516
2020-04-30,0.0879
2020-05-04,0.0849
2020-05-05,0.0708
2020-05-06,0.0387
2020-05-08,0.0388
2020-05-11,0.0458
2020-05-12,0.05
2020-05-13,0.0269
2020-05-14,0.0207
2020-05-15,0.0235
2020-05-18,0.0152
2020-05-19,0.0135
2020-05-20,0.015
2020-05-21,0.0518
2020-05-22,0.0429
2020-05-26,0.0883
2020-05-27,0.0838
2020-05-28,0.0897
2020-05-29,0.1246
2020-06-01,0.0545
2020-06-02,0.0371
2020-06-03,0.0286
2020-06-04,0.0377
2020-06-05,0.0369
2020-06-08,0.0472
2020-06-09,0.0378
2020-06-10,0.0708
2020-06-11,0.1004
2020-06-12,0.1215
2020-06-15,0.1139
2020-06-16,0.1057
2020-06-17,0.065
2020-06-18,0.0884
2020-06-19,0.1049
2020-06-22,0.1386
2020-06-23,0.1507
2020-06-24,0.0979
2020-06-25,0.1942
2020-06-26,0.1701
2020-06-29,0.1538
2020-06-30,0.1647
2020-07-01,0.1006
2020-07-02,0.0668
2020-07-03,0.0962
2020-07-06,0.0461
2020-07-07,0.0158
2020-07-08,0.0178
2020-07-09,0.0093
2020-07-13,0.0165
2020-07-14,0.0244
2020-07-15,0.0178
2020-07-16,0.0243
2020-07-17,0.0205
2020-07-20,0.0214
2020-07-21,0.029
2020-07-22,0.0446
2020-07-23,0.2409
2020-07-24,0.2719
2020-07-27,0.2654
2020-07-28,0.2681
2020-07-29,0.1112
2020-07-30,0.1015
2020-08-03,0.1313
2020-08-04,0.092
2020-08-05,0.0362
2020-08-06,0.048
2020-08-07,0.1567
2020-08-11,0.0836
2020-08-12,0.0857
2020-08-13,0.0806
2020-08-14,0.1091
2020-08-17,0.1038
2020-08-18,0.1335
2020-08-19,0.1317
2020-08-20,0.0672
2020-08-21,0.0552
2020-08-24,0.0608
2020-08-25,0.0503
2020-08-26,0.041
2020-08-27,0.0959
2020-08-28,0.1919
2020-08-31,0.2128
2020-09-01,0.1274
2020-09-02,0.085
2020-09-03,0.066
2020-09-04,0.076
2020-09-07,0.0506
2020-09-08,0.0401
2020-09-09,0.0759
2020-09-10,0.0836
2020-09-11,0.1588
2020-09-14,0.0814
2020-09-15,0.0477
2020-09-16,0.0581
2020-09-17,0.0298
2020-09-18,0.1386
2020-09-21,0.1586
2020-09-22,0.0551
2020-09-23,0.1391
2020-09-24,0.1323
2020-09-25,0.1206
2020-09-28,0.1522
2020-09-29,0.0737
2020-09-30,0.0786
2020-10-01,0.0472
2020-10-02,0.0769
2020-10-05,0.1439
2020-10-06,0.1596
2020-10-07,0.2015
2020-10-08,0.0608
2020-10-09,0.2147
2020-10-12,0.1456
2020-10-13,0.0985
2020-10-14,0.1177
2020-10-15,0.1689
2020-10-16,0.1113
2020-10-19,0.0837
2020-10-20,0.1073
2020-10-21,0.0555
2020-10-22,0.1126
2020-10-23,0.1214
2020-10-26,0.1026
2020-10-27,0.1207
2020-10-28,0.1286
2020-10-29,0.1247
2020-10-30,0.3057
2020-11-02,0.145
2020-11-03,0.0948
2020-11-04,0.0723
2020-11-05,0.0484
2020-11-06,0.0749
2020-11-09,0.0993
2020-11-10,0.0653
2020-11-11,0.0902
2020-11-12,0.0802
2020-11-13,0.0915
2020-11-16,0.1487
2020-11-17,0.097
2020-11-18,0.0702
2020-11-19,0.1071
2020-11-20,0.0924
2020-11-23,0.0708
2020-11-24,0.1215
2020-11-25,0.1104
2020-11-26,0.1219
2020-11-27,0.187
2020-11-30,0.1849
2020-12-01,0.1787
2020-12-02,0.1773
2020-12-03,0.1413
2020-12-04,0.0685
2020-12-07,0.103
2020-12-08,0.1078
2020-12-09,0.0808
2020-12-10,0.1015
2020-12-11,0.0811
2020-12-14,0.0945
2020-12-15,0.0789
2020-12-16,0.1219
2020-12-17,0.1234
2020-12-18,0.1382
2020-12-21,0.1307
2020-12-22,0.1513
2020-12-23,0.1564
2020-12-24,0.2342
2020-12-28,0.117
2020-12-29,0.2152
2020-12-30,0.308
2020-12-31,0.938
2021-01-04,0.0901
2021-01-05,0.1198
2021-01-06,0.1296
2021-01-07,0.1772
2021-01-08,0.195
2021-01-11,0.218
2021-01-12,0.1366
2021-01-13,0.1166
2021-01-14,0.0954
2021-01-15,0.1011
2021-01-18,0.1652
2021-01-19,0.1444
2021-01-20,0.0991
2021-01-21,0.1174
2021-01-22,0.1422
2021-01-25,0.1151
2021-01-26,0.1375
2021-01-27,0.1084
2021-01-28,0.2762
2021-01-29,0.237
2021-02-01,0.2074
2021-02-02,0.1499
2021-02-03,0.0794
2021-02-04,0.0742
2021-02-05,0.0953
2021-02-08,0.1133
2021-02-09,0.1684
2021-02-10,0.1984
2021-02-11,0.3526
2021-02-15,0.1975
2021-02-16,0.1493
2021-02-17,0.1093
2021-02-18,0.0952
2021-02-19,0.2915
2021-02-22,0.2423
2021-02-23,0.18
2021-02-24,0.1738
2021-02-25,0.2477
2021-02-26,0.2626
2021-03-01,0.1225
2021-03-02,0.0673
2021-03-03,0.0402
2021-03-04,0.0881
2021-03-05,0.1602
2021-03-08,0.18
2021-03-09,0.1924
2021-03-10,0.1407
2021-03-11,0.3155
2021-03-12,0.3893
2021-03-15,0.3427
2021-03-16,0.2377
2021-03-17,0.2138
2021-03-18,0.2602
2021-03-19,0.1901
2021-03-22,0.1392
2021-03-23,0.2282
2021-03-24,0.2232
2021-03-25,0.2672
2021-03-26,0.3997
2021-03-29,0.2246
2021-03-30,0.1754
2021-03-31,0.2315
2021-04-01,0.0946
2021-04-05,0.1315
2021-04-06,0.0873
2021-04-07,0.0507
2021-04-08,0.0507
2021-04-09,0.0635
2021-04-12,0.0412
2021-04-13,0.0679
2021-04-14,0.091
2021-04-15,0.061
2021-04-16,0.1517
2021-04-19,0.0657
2021-04-20,0.1447
2021-04-21,0.1091
2021-04-22,0.1791
2021-04-23,0.1937
2021-04-26,0.0839
2021-04-27,0.1885
2021-04-28,0.176
2021-04-29,0.185
2021-04-30,0.2504
2021-05-03,0.1984
2021-05-04,0.1561
2021-05-05,0.1897
2021-05-06,0.0815
2021-05-07,0.2114
2021-05-10,0.1767
2021-05-11,0.1049
2021-05-12,0.1544
2021-05-14,0.1784
2021-05-17,0.1715
2021-05-18,0.1064
2021-05-19,0.0635
2021-05-20,0.072
2021-05-21,0.067
2021-05-24,0.1014
2021-05-25,0.0841
2021-05-27,0.1136
2021-05-28,0.2438
2021-05-31,0.1514
2021-06-01,0.1783
2021-06-02,0.1617
2021-06-03,0.0999
2021-06-04,0.0772
2021-06-07,0.0772
2021-06-08,0.1203
2021-06-09,0.0623
2021-06-10,0.0619
2021-06-11,0.1087
2021-06-14,0.107
2021-06-15,0.0944
2021-06-16,0.1069
2021-06-17,0.1888
2021-06-18,0.2384
2021-06-21,0.1659
2021-06-22,0.1492
2021-06-23,0.1443
2021-06-24,0.2042
2021-06-25,0.1029
2021-06-28,0.1065
2021-06-29,0.0565
2021-06-30,0.0665
2021-07-01,0.0609
2021-07-02,0.1096
2021-07-05,0.1163
2021-07-06,0.0957
2021-07-07,0.0938
2021-07-08,0.113
2021-07-09,0.1433
2021-07-12,0.0714
2021-07-13,0.0675
2021-07-14,0.0877
2021-07-15,0.0879
2021-07-16,0.0809
2021-07-19,0.0918
2021-07-21,0.1569
2021-07-22,0.1912
2021-07-23,0.0974
2021-07-26,0.0814
2021-07-27,0.1232
2021-07-28,0.1232
2021-07-29,0.1314
2021-07-30,0.2749
2021-08-02,0.226
2021-08-03,0.115
2021-08-04,0.083
2021-08-05,0.0861
2021-08-06,0.2318
2021-08-10,0.0678
2021-08-11,0.1028
2021-08-12,0.1002
2021-08-13,0.0983
2021-08-16,0.0877
2021-08-17,0.1209
2021-08-18,0.0921
2021-08-19,0.1033
2021-08-20,0.1166
2021-08-23,0.1066
2021-08-24,0.1166
2021-08-25,0.1106
2021-08-26,0.1143
2021-08-27,0.2281
2021-08-30,0.2077
2021-08-31,0.2215
2021-09-01,0.1921
2021-09-02,0.166
2021-09-03,0.152
2021-09-06,0.1091
2021-09-07,0.1838
2021-09-08,0.1491
2021-09-09,0.1052
2021-09-10,0.0927
2021-09-13,0.1059
2021-09-14,0.0691
2021-09-15,0.1184
2021-09-16,0.1217
2021-09-17,0.1375
2021-09-20,0.1694
2021-09-21,0.142
2021-09-22,0.1811
2021-09-23,0.116
2021-09-24,0.1219
2021-09-27,0.1136
2021-09-28,0.0939
2021-09-29,0.077
2021-09-30,0.0665
2021-10-01,0.0802
2021-10-04,0.0514
2021-10-05,0.0731
2021-10-06,0.0611
2021-10-07,0.1302
2021-10-08,0.2065
2021-10-11,0.2027
2021-10-12,0.1676
2021-10-13,0.1782
2021-10-14,0.2286
2021-10-15,0.3204
2021-10-18,0.2243
2021-10-19,0.3152
2021-10-20,0.26
2021-10-21,0.1892
2021-10-22,0.2247
2021-10-25,0.2614
2021-10-26,0.1743
2021-10-27,0.0989
2021-10-28,0.1414
2021-10-29,0.2229
2021-11-01,0.1859
2021-11-02,0.1453
2021-11-03,0.1097
2021-11-05,0.0764
2021-11-08,0.0895
2021-11-09,0.1139
2021-11-10,0.1607
2021-11-11,0.1597
2021-11-12,0.192
2021-11-15,0.1681
2021-11-16,0.2179
2021-11-17,0.246
2021-11-18,0.1922
2021-11-19,0.2522
2021-11-22,0.0987
2021-11-23,0.1422
2021-11-24,0.1622
2021-11-25,0.1391
2021-11-26,0.1391
2021-11-29,0.1185
2021-11-30,0.1128
2021-12-01,0.1276
2021-12-02,0.101
2021-12-03,0.1943
2021-12-06,0.3106
2021-12-07,0.3318
2021-12-08,0.2237
2021-12-09,0.1312
2021-12-10,0.1584
2021-12-13,0.2878
2021-12-14,0.332
2021-12-15,0.2033
2021-12-16,0.1865
2021-12-17,0.2447
2021-12-20,0.192
2021-12-21,0.1391
2021-12-22,0.1056
2021-12-23,0.1582
2021-12-24,0.3037
2021-12-27,0.2116
2021-12-28,0.2229
2021-12-29,0.2785
2021-12-30,0.2885
2021-12-31,0.3065
2022-01-03,0.1416
2022-01-04,0.1467
2022-01-05,0.1767
2022-01-06,0.1191
2022-01-07,0.1461
2022-01-10,0.1034
2022-01-11,0.1839
2022-01-12,0.1942
2022-01-13,0.2201
2022-01-14,0.2078
2022-01-17,0.1239
2022-01-18,0.1417
2022-01-19,0.1217
2022-01-20,0.3139
2022-01-21,0.252
2022-01-24,0.1559
2022-01-25,0.2025
2022-01-26,0.4588
2022-01-27,0.3056
2022-01-28,0.3513
2022-01-31,0.4113
2022-02-03,0.3069
2022-02-04,0.255
2022-02-07,0.2679
2022-02-08,0.232
2022-02-09,0.1587
2022-02-10,0.1079
2022-02-11,0.1998
2022-02-14,0.1255
2022-02-15,0.1753
2022-02-16,0.3018
2022-02-17,0.2827
2022-02-18,0.5133
2022-02-21,0.2383
2022-02-22,0.3306
2022-02-23,0.2791
2022-02-24,0.3585
2022-02-25,0.4876
2022-02-28,0.3278
2022-03-01,0.1873
2022-03-02,0.0958
2022-03-03,0.0746
2022-03-04,0.0503
2022-03-07,0.0353
2022-03-08,0.0671
2022-03-09,0.0552
2022-03-10,0.1287
2022-03-11,0.1339
2022-03-14,0.1697
2022-03-15,0.2256
2022-03-16,0.308
2022-03-17,0.2828
2022-03-18,0.2674
2022-03-21,0.4299
2022-03-22,0.5122
2022-03-23,0.6932
2022-03-24,0.5659
2022-03-25,0.6959
2022-03-28,0.5117
2022-03-29,0.2905
2022-03-30,0.4571
2022-03-31,0.6085
2022-04-01,0.4185
2022-04-04,0.4275
2022-04-05,0.3975
2022-04-06,0.21
2022-04-07,0.2788
2022-04-08,0.3149
2022-04-11,0.2087
2022-04-12,0.202
2022-04-13,0.371
2022-04-14,0.3222
2022-04-18,0.1256
2022-04-19,0.0697
2022-04-20,0.1775
2022-04-21,0.1685
2022-04-22,0.3626
2022-04-25,0.3009
2022-04-26,0.4155
2022-04-27,0.3473
2022-04-28,0.3586
2022-04-29,0.6764
2022-05-04,0.4734
2022-05-05,0.8411
2022-05-06,1.0536
2022-05-09,0.8536
2022-05-10,0.7515
2022-05-11,0.8674
2022-05-12,0.8913
2022-05-13,1.3711
2022-05-17,0.9053
2022-05-18,1.0299
2022-05-19,0.8836
2022-05-20,1.1684
2022-05-23,1.0128
2022-05-24,0.9456
2022-05-25,0.833
2022-05-26,0.7681
2022-05-27,0.8901
2022-05-30,0.6365
2022-05-31,0.7187
2022-06-01,0.3254
2022-06-02,0.53
2022-06-03,0.5567
2022-06-06,0.438
2022-06-07,0.4952
2022-06-08,0.5242
2022-06-09,0.5809
2022-06-10,0.795
2022-06-13,0.5746
2022-06-14,0.4416
2022-06-15,0.3983
2022-06-16,0.7937
2022-06-17,1.2041
2022-06-20,0.9917
2022-06-21,1.4164
2022-06-22,1.5641
2022-06-23,1.6942
2022-06-24,1.8636
2022-06-27,1.8345
2022-06-28,1.8628
2022-06-29,1.5571
2022-06-30,1.6562
2022-07-01,1.5362
2022-07-04,1.7837
2022-07-05,1.8123
2022-07-06,1.6429
2022-07-07,1.7389
2022-07-08,1.9193
2022-07-12,1.8141
2022-07-13,1.9374
2022-07-14,1.8585
2022-07-15,1.9391
2022-07-18,1.8921
2022-07-19,1.8618
2022-07-20,1.7924
2022-07-21,1.7682
2022-07-22,1.7276
2022-07-25,1.7221
2022-07-26,1.6908
2022-07-27,1.5258
2022-07-28,2.0407
2022-07-29,2.1354
2022-08-01,1.7515
2022-08-02,1.6888
2022-08-03,1.372
2022-08-04,1.3522
2022-08-05,1.8269
2022-08-08,1.7915
2022-08-10,1.4935
2022-08-11,1.7252
2022-08-12,1.7601
2022-08-15,1.925
2022-08-16,1.9116
2022-08-17,1.9236
2022-08-18,1.9402
2022-08-19,2.24
2022-08-22,2.2324
2022-08-23,2.0993
2022-08-24,2.0684
2022-08-25,1.8673
2022-08-26,2.0088
2022-08-29,2.0025
2022-08-30,2.3441
2022-08-31,2.3098
2022-09-01,2.1288
2022-09-02,2.0446
2022-09-05,2.1529
2022-09-06,2.1205
2022-09-07,2.1104
2022-09-08,2.1779
2022-09-09,2.3502
2022-09-12,2.3312
2022-09-13,2.1991
2022-09-14,1.8883
2022-09-15,1.7246
2022-09-16,1.8667
2022-09-19,1.7493
2022-09-20,1.6736
2022-09-21,1.6232
2022-09-22,1.9389
2022-09-23,2.4129
2022-09-26,2.5312
2022-09-27,2.7578
2022-09-28,2.7431
2022-09-29,3.8935
2022-09-30,4.3916
2022-10-03,3.3298
2022-10-04,3.4719
2022-10-05,3.0171
2022-10-06,3.051
2022-10-07,3.3825
2022-10-10,2.9205
2022-10-11,3.3732
2022-10-12,2.8295
2022-10-13,3.3484
2022-10-14,3.1934
2022-10-17,3.0285
2022-10-18,3.131
2022-10-19,2.6315
2022-10-20,3.1709
2022-10-21,3.1748
2022-10-25,2.8631
2022-10-26,2.9027
2022-10-27,2.8342
2022-10-28,2.8441
2022-10-31,2.8521
2022-11-01,2.5984
2022-11-02,2.6474
2022-11-03,2.6021
2022-11-04,3.0022
2022-11-07,2.8969
2022-11-08,2.9901
2022-11-09,2.9104
2022-11-10,3.267
2022-11-11,3.3943
2022-11-14,3.0921
2022-11-15,2.952
2022-11-16,2.9029
2022-11-17,3.2026
2022-11-18,3.5309
2022-11-21,3.7997
2022-11-22,3.6666
2022-11-23,3.5174
2022-11-24,3.5447
2022-11-25,3.6561
2022-11-28,3.5562
2022-11-29,3.7033
2022-11-30,3.9119
2022-12-01,3.9219
2022-12-02,4.0119
2022-12-05,3.5244
2022-12-06,3.4458
2022-12-07,3.5036
2022-12-08,3.2336
2022-12-09,3.1336
2022-12-12,2.5836
2022-12-13,2.0537
2022-12-14,1.6457
2022-12-15,2.36
2022-12-16,2.3425
2022-12-19,1.7577
2022-12-20,1.7632
2022-12-21,1.5529
2022-12-22,1.6509
2022-12-23,3.1332
2022-12-27,1.8706
2022-12-28,1.8126
2022-12-29,1.6525
2022-12-30,2.5293
2023-01-03,2.1567
2023-01-04,2.4019
2023-01-05,2.6482
2023-01-06,3.1851
2023-01-09,3.7433
2023-01-10,3.4177
2023-01-11,3.2209
2023-01-12,3.3641
2023-01-13,3.8002
2023-01-16,3.4653
2023-01-17,3.557
2023-01-18,3.6487
2023-01-19,3.6037
2023-01-20,3.5817
2023-01-25,3.6014
2023-01-26,3.5637
2023-01-27,3.6736
2023-01-30,3.8375
2023-01-31,3.8693
2023-02-01,3.5675
2023-02-02,3.5598
2023-02-03,3.6127
2023-02-06,3.4294
2023-02-07,3.118
2023-02-08,3.1004
2023-02-09,3.2456
2023-02-10,3.6578
2023-02-13,3.3393
2023-02-14,3.2662
2023-02-15,3.3614
2023-02-16,3.5088
2023-02-17,3.7467
2023-02-20,3.4676
2023-02-21,3.4653
2023-02-22,3.4287
2023-02-23,3.6511
2023-02-24,3.8658
2023-02-27,3.6984
2023-02-28,3.4497
2023-03-01,3.5485
2023-03-02,3.5808
2023-03-03,3.6079
2023-03-06,3.63
2023-03-07,3.4847
2023-03-08,3.5667
2023-03-09,3.5983
2023-03-10,3.761
2023-03-13,3.7279
2023-03-14,3.4985
2023-03-15,3.3535
2023-03-16,3.7938
2023-03-17,3.8871
2023-03-20,3.8396
2023-03-21,3.8887
2023-03-22,3.7178
2023-03-23,4.0825
2023-03-24,3.6203
2023-03-27,3.5509
2023-03-28,3.5253
2023-03-29,3.8972
2023-03-30,3.6343
2023-03-31,3.5843
2023-04-03,3.3422
2023-04-04,3.6018
2023-04-05,3.4762
2023-04-06,3.3721
2023-04-10,3.1595
2023-04-11,3.1852
2023-04-12,3.2138
2023-04-13,3.2688
2023-04-14,3.3365
2023-04-17,3.2875
2023-04-18,3.2315
2023-04-19,3.2868
2023-04-20,3.4576
2023-04-21,4.0783
2023-04-24,3.9785
2023-04-25,3.748
2023-04-26,3.6124
2023-04-27,3.7753
2023-04-28,3.785
2023-05-02,3.7201
2023-05-03,3.6183
2023-05-04,3.2686
2023-05-05,3.4138
2023-05-08,3.4538
2023-05-09,3.6652
2023-05-10,3.4858
2023-05-11,3.621
2023-05-12,3.3432
2023-05-15,3.4448
2023-05-16,3.5198
2023-05-17,3.6927
2023-05-18,3.6472
2023-05-19,3.61
2023-05-22,3.866
2023-05-23,3.7272
2023-05-24,3.697
2023-05-25,3.7343
2023-05-26,3.7343
2023-05-29,3.9963
2023-05-30,3.9509
2023-05-31,3.7241
2023-06-01,3.7514
2023-06-05,3.8228
2023-06-06,3.7959
2023-06-07,3.8445
2023-06-08,3.8997
2023-06-09,4.0228
2023-06-12,3.6227
2023-06-13,3.545
2023-06-14,3.5059
2023-06-15,3.6299
2023-06-16,3.5952
2023-06-19,3.6175
2023-06-20,3.6691
2023-06-21,3.5583
2023-06-22,3.5825
2023-06-23,3.7939
2023-06-26,3.7922
2023-06-27,3.7785
2023-06-28,3.7918
2023-06-30,4.0005
2023-07-03,3.8041
2023-07-04,3.7885
2023-07-05,3.7685
2023-07-06,3.654
2023-07-07,3.7005
2023-07-10,3.61
2023-07-11,3.6028
2023-07-12,3.5373
2023-07-13,3.5322
2023-07-14,3.5201
2023-07-17,3.5341
2023-07-18,3.4553
2023-07-19,3.5096
2023-07-20,3.6125
2023-07-21,3.7337
2023-07-24,3.5374
2023-07-25,3.4533
2023-07-26,3.3329
2023-07-27,3.4231
2023-07-28,3.5264
2023-07-31,3.5504
2023-08-01,3.397
2023-08-02,3.4463
2023-08-03,3.5065
2023-08-04,3.7677
2023-08-07,3.8511
2023-08-08,3.6903
2023-08-10,3.5378
2023-08-11,3.6165
2023-08-14,3.4924
2023-08-15,3.5476
2023-08-16,3.6183
2023-08-17,3.7727
2023-08-18,3.9062
2023-08-21,3.5937
2023-08-22,3.6354
2023-08-23,3.6807
2023-08-24,3.5891
2023-08-25,3.6314
2023-08-28,3.693
2023-08-29,3.815
2023-08-30,3.7085
2023-08-31,3.7781
2023-09-04,3.8411
2023-09-05,3.8061
2023-09-06,3.7056
2023-09-07,3.6811
2023-09-08,3.9914
2023-09-11,3.8216
2023-09-12,3.7478
2023-09-13,3.7128
2023-09-14,3.6978
2023-09-15,3.8093
2023-09-18,3.7053
2023-09-19,3.5931
2023-09-20,3.7076
2023-09-21,3.5683
2023-09-22,3.761
2023-09-25,3.7721
2023-09-26,3.8579
2023-09-27,3.7232
2023-09-28,3.6232
2023-09-29,3.8245
2023-10-02,3.655
2023-10-03,3.5858
2023-10-04,3.5954
2023-10-05,3.6268
2023-10-06,3.8967
2023-10-09,3.7546
2023-10-10,3.6676
2023-10-11,3.6356
2023-10-12,3.6617
2023-10-13,3.7716
2023-10-16,3.7366
2023-10-17,3.7983
2023-10-18,3.7574
2023-10-19,3.7461
2023-10-20,3.9248
2023-10-23,3.8445
2023-10-24,3.7258
2023-10-25,3.7383
2023-10-26,3.783
2023-10-27,3.7298
2023-10-30,3.8249
2023-10-31,3.6904
2023-11-01,3.6569
2023-11-02,3.6776
2023-11-03,3.771
2023-11-06,3.6121
2023-11-07,3.5604
2023-11-08,3.404
2023-11-09,3.4926
2023-11-10,3.6321
2023-11-14,3.6022
2023-11-15,3.6372
2023-11-16,3.6444
2023-11-17,3.8431
2023-11-20,3.6665
2023-11-21,3.7497
2023-11-22,3.6238
2023-11-23,3.6811
2023-11-24,3.6122
2023-11-27,3.6549
2023-11-28,3.4799
2023-11-29,3.5107
2023-11-30,3.6592
2023-12-01,3.6823
2023-12-04,3.6984
2023-12-05,3.729
2023-12-06,3.7354
2023-12-07,3.9062
2023-12-08,3.8994
2023-12-11,3.8467
2023-12-12,3.9311
2023-12-13,4.0103
2023-12-14,3.7911
2023-12-15,3.7269
2023-12-18,3.6867
2023-12-19,3.57
2023-12-20,3.4412
2023-12-21,3.3632
2023-12-22,3.4044
2023-12-26,3.4443
2023-12-27,3.2489
2023-12-28,3.263
2023-12-29,3.6235
2024-01-02,3.6063
2024-01-03,3.8177
2024-01-04,3.8218
2024-01-05,3.7342
2024-01-08,3.8194
2024-01-09,3.7684
2024-01-10,3.7393
2024-01-11,3.7931
2024-01-12,3.7435
2024-01-15,3.5779
2024-01-16,3.6456
2024-01-17,3.6089
2024-01-18,3.5362
2024-01-19,3.4333
2024-01-22,3.5474
2024-01-23,3.5043
2024-01-24,3.4113
2024-01-25,3.5469
2024-01-26,3.5205
2024-01-29,3.514
2024-01-30,3.4763
2024-01-31,3.4844
2024-02-01,3.433
2024-02-02,3.4949
2024-02-05,3.5972
2024-02-06,3.6389
2024-02-07,3.584
2024-02-08,3.3865
2024-02-09,3.4874
2024-02-13,3.3581
2024-02-14,3.5172
2024-02-15,3.6948
2024-02-16,3.7765
2024-02-19,3.8169
2024-02-20,3.7518
2024-02-21,3.5929
2024-02-22,3.7262
2024-02-23,3.8327
2024-02-26,3.7501
2024-02-27,3.7121
2024-02-28,3.7844
2024-02-29,3.7464
2024-03-01,3.7769
2024-03-04,3.6105
2024-03-05,3.6054
2024-03-06,3.5966
2024-03-07,3.626
2024-03-08,3.6514
2024-03-11,3.4967
2024-03-12,3.4354
2024-03-13,3.3928
2024-03-14,3.4937
2024-03-15,3.5678
2024-03-18,3.7955
2024-03-19,3.8841
2024-03-20,3.8542
2024-03-21,3.9588
2024-03-22,4.2656
2024-03-25,4.0357
2024-03-26,3.953
2024-03-27,3.8954
2024-03-28,3.6851
2024-04-01,3.7
2024-04-02,3.6119
2024-04-03,3.5062
2024-04-04,3.5261
2024-04-05,3.4176
2024-04-08,3.3676
2024-04-09,3.4145
2024-04-11,3.3997
2024-04-12,3.4699
2024-04-15,3.4112
2024-04-16,3.4259
2024-04-17,3.3029
2024-04-18,3.4439
2024-04-19,3.6491
2024-04-22,3.6084
2024-04-23,3.5612
2024-04-24,3.5281
2024-04-25,3.587
2024-04-26,3.6559
2024-04-29,3.5085
2024-04-30,3.5066
2024-05-02,3.6458
2024-05-03,3.7521
2024-05-06,3.7687
2024-05-07,3.8329
2024-05-08,3.9685
2024-05-09,3.9447
2024-05-10,4.0076
2024-05-13,3.7153
2024-05-14,3.6486
2024-05-15,3.609
2024-05-16,3.5697
2024-05-17,3.5899
2024-05-20,3.5778
2024-05-21,3.4585
2024-05-23,3.5511
2024-05-24,3.6756
2024-05-27,3.6622
2024-05-28,3.5476
2024-05-29,3.5409
2024-05-30,3.5289
2024-05-31,3.5222
2024-06-03,3.8181
2024-06-04,3.8127
2024-06-05,3.8523
2024-06-06,3.6378
2024-06-07,3.8491
2024-06-10,3.594
2024-06-11,3.5291
2024-06-12,3.6312
2024-06-13,3.6365
2024-06-14,3.7736
2024-06-18,3.6929
2024-06-19,3.702
2024-06-20,3.5845
2024-06-21,3.6371
2024-06-24,3.6709
2024-06-25,3.565
2024-06-26,3.5992
2024-06-27,3.446
2024-06-28,3.4325
2024-07-01,3.4205
2024-07-02,3.4141
2024-07-03,3.4709
2024-07-04,3.4839
2024-07-05,3.5261
2024-07-08,3.4634
2024-07-09,3.4019
2024-07-10,3.4975
2024-07-11,3.4685
2024-07-12,3.5537
2024-07-15,3.5134
2024-07-16,3.5137
2024-07-17,3.5413
2024-07-18,3.5399
2024-07-19,3.5864
2024-07-22,3.5679
2024-07-23,3.5239
2024-07-24,3.5458
2024-07-25,3.6271
2024-07-26,3.6541
2024-07-29,3.5438
2024-07-30,3.4769
2024-07-31,3.4336
2024-08-01,3.5377
2024-08-02,3.5838
2024-08-05,3.6111
2024-08-06,3.5735
2024-08-07,3.6052
2024-08-08,3.5987
2024-08-12,3.6452
2024-08-13,3.6717
2024-08-14,3.6119
2024-08-15,3.5144
2024-08-16,3.5236
2024-08-19,3.5471
2024-08-20,3.3436
2024-08-21,3.1973
2024-08-22,3.1962
2024-08-23,3.2314
2024-08-26,3.2189
2024-08-27,3.3159
2024-08-28,3.3554
2024-08-29,3.4319
2024-08-30,3.5355
2024-09-02,3.4466
2024-09-03,3.5593
2024-09-04,3.4622
2024-09-05,3.4824
2024-09-06,3.5859
2024-09-09,3.5167
2024-09-10,3.4959
2024-09-11,3.5352
2024-09-12,3.5177
2024-09-13,3.5423
2024-09-16,3.5427
2024-09-17,3.4455
2024-09-18,3.4316
2024-09-19,3.1089
2024-09-20,3.2039
2024-09-23,3.1178
2024-09-24,3.135
2024-09-25,3.1705
2024-09-26,3.4135
2024-09-27,3.3108
2024-09-30,3.8808
2024-10-01,3.7299
2024-10-02,3.6048
2024-10-03,3.5946
2024-10-04,3.5514
2024-10-07,3.5015
2024-10-08,3.3875
2024-10-09,3.3049
2024-10-10,3.1077
2024-10-11,3.0977
2024-10-14,3.0846
2024-10-15,3.0314
2024-10-16,2.9091
2024-10-17,2.8903
2024-10-18,2.9784
2024-10-21,3.0642
2024-10-22,3.1267
2024-10-23,3.0662
2024-10-24,2.947
2024-10-25,3.0313
2024-10-28,3.0666
2024-10-29,3.0955
2024-10-30,3.1559
2024-11-01,3.2321
2024-11-04,2.9891
2024-11-05,2.9118
2024-11-06,2.8566
2024-11-07,2.9347
2024-11-08,3.1044
2024-11-11,3.1304
2024-11-12,3.0749
2024-11-13,2.96
2024-11-14,2.8989
2024-11-15,2.9008
2024-11-18,3.1312
2024-11-19,3.06
2024-11-20,2.9428
2024-11-21,2.7615
2024-11-22,3.098
2024-11-25,3.0618
2024-11-26,2.9033
2024-11-27,2.787
2024-11-28,2.745
2024-11-29,3.0839
2024-12-02,2.9528
2024-12-03,3.0756
2024-12-04,3.0051
2024-12-05,2.7668
2024-12-06,2.8852
2024-12-09,3.1885
2024-12-10,3.1129
2024-12-11,3.0721
2024-12-12,3.1825
2024-12-13,3.2537
2024-12-16,3.1506
2024-12-17,3.0547
2024-12-18,2.9769
2024-12-19,2.9893
2024-12-20,3.23
2024-12-23,2.762
2024-12-24,2.7495
2024-12-26,2.5512
2024-12-27,2.5613
2024-12-30,2.3115
2024-12-31,2.1123
2025-01-02,2.5211
2025-01-03,2.7573
2025-01-06,2.8352
2025-01-07,2.7815
2025-01-08,2.8385
2025-01-09,2.898
2025-01-10,3.1047
2025-01-13,2.9332
2025-01-14,2.9314
2025-01-15,2.8138
2025-01-16,2.4647
2025-01-17,2.2492
2025-01-20,2.2516
2025-01-21,2.485
2025-01-22,2.5852
2025-01-23,3.0238
2025-01-24,3.0743
2025-01-27,2.9786
2025-01-28,3.1283
2025-01-31,2.6325
2025-02-03,2.651
2025-02-04,2.6168
2025-02-05,2.3766
2025-02-06,2.4847
2025-02-07,2.517
2025-02-10,2.5438
2025-02-11,2.4561
2025-02-12,2.5042
2025-02-13,2.5008
2025-02-14,2.413
2025-02-17,2.3114
2025-02-18,2.5261
2025-02-19,2.4639
2025-02-20,2.463
2025-02-21,2.3548
2025-02-24,2.2661
2025-02-25,2.4175
2025-02-26,2.3922
2025-02-27,2.6412
2025-02-28,2.4846
2025-03-03,2.3344
2025-03-04,2.2903
2025-03-05,2.3176
2025-03-06,2.3425
2025-03-07,2.1455
2025-03-10,2.1148
2025-03-11,2.1251
2025-03-12,2.0822
2025-03-13,2.2434
2025-03-14,2.3683
2025-03-17,2.3416
2025-03-18,2.4421
2025-03-19,2.4428
2025-03-20,2.4805
2025-03-21,2.6484
2025-03-24,2.7645
2025-03-25,2.9409
2025-03-26,2.9829
2025-03-27,2.3592
2025-03-28,2.1392
2025-04-01,2.0073
2025-04-02,2.1983
2025-04-03,2.2206
2025-04-04,2.3164
2025-04-07,2.5884
2025-04-08,2.3872
2025-04-09,2.3326
2025-04-10,2.3009
2025-04-11,2.3021
2025-04-14,2.2749
2025-04-15,2.284
2025-04-16,2.2553
2025-04-17,2.196
2025-04-21,2.153
2025-04-22,2.1405
2025-04-23,2.1801
2025-04-24,2.1602
2025-04-25,2.1066
2025-04-28,2.1769
2025-04-29,2.174
2025-04-30,2.1673
2025-05-02,2.2953
2025-05-05,2.272
2025-05-06,2.2252
2025-05-07,2.116
2025-05-08,2.1975
2025-05-09,2.2665
2025-05-13,2.3946
2025-05-14,2.1883
2025-05-15,2.1552
2025-05-16,2.121
2025-05-19,2.177
2025-05-20,2.125
2025-05-21,2.1033
2025-05-22,2.1348
2025-05-23,2.2538
2025-05-26,2.08
2025-05-27,2.1518
2025-05-28,2.1189
2025-05-29,2.1111
2025-05-30,2.1001
2025-06-02,2.1229
2025-06-03,1.8245
2025-06-04,1.562
2025-06-05,1.4568
2025-06-06,1.4724
2025-06-09,1.5092
2025-06-10,1.7832
2025-06-11,1.8919
2025-06-12,1.7439
2025-06-13,1.7531
2025-06-16,1.7685
2025-06-17,1.6644
2025-06-18,1.8111
2025-06-19,1.7594
2025-06-20,1.793
2025-06-23,1.6795
2025-06-24,1.6785
2025-06-25,1.7466
2025-06-26,1.8108
2025-06-27,1.6345
2025-06-30,1.5598
2025-07-01,1.4297
2025-07-02,1.4954
2025-07-03,1.5695
2025-07-04,1.4896
2025-07-07,1.5986
2025-07-08,1.6566
2025-07-09,1.6217
2025-07-10,1.6104
2025-07-11,1.7048
2025-07-14,1.6642
2025-07-15,1.5284
2025-07-16,1.5451
2025-07-17,1.3029
2025-07-18,1.3181
2025-07-21,1.2996
2025-07-22,1.4564
2025-07-23,1.8136
2025-07-24,1.9165
2025-07-25,1.8852
2025-07-28,1.7849
2025-07-29,1.8668
2025-07-30,1.8246
2025-07-31,1.7516
2025-08-01,1.5817
2025-08-04,1.6645
2025-08-05,1.6922
2025-08-06,1.603
2025-08-07,1.6337
2025-08-08,1.6067
2025-08-11,1.6123
2025-08-12,1.3941
2025-08-13,1.3742
2025-08-14,1.3053
2025-08-15,1.1958
2025-08-18,1.2518
2025-08-19,1.4948
2025-08-20,1.7069
2025-08-21,1.5064
2025-08-22,1.2648
2025-08-25,1.1347
2025-08-26,0.9504
2025-08-27,0.8668
2025-08-28,0.9728
2025-08-29,1.0396
2025-09-01,0.7261
2025-09-02,0.9315
2025-09-03,1.4808
2025-09-04,1.4707
2025-09-05,1.7007
2025-09-08,1.6383
2025-09-09,1.7149
2025-09-10,1.4302
2025-09-11,1.3468
2025-09-12,1.3736
2025-09-15,1.3764
2025-09-16,1.1235
2025-09-17,1.1218
2025-09-18,1.1129
2025-09-19,1.5372
2025-09-22,1.4201
2025-09-23,1.3212
2025-09-24,1.218
2025-09-25,1.318
2025-09-26,1.3773
2025-09-29,1.3755
2025-09-30,1.199
2025-10-01,1.0402
2025-10-02,1.0847
2025-10-03,1.2469
2025-10-06,0.9886
2025-10-07,1.1621
2025-10-08,1.243
2025-10-09,1.5033
2025-10-10,1.4439
2025-10-13,1.2878
2025-10-14,1.2879
2025-10-15,1.2249
2025-10-16,1.1306
2025-10-17,1.3384
2025-10-21,1.2262
2025-10-22,1.1649
2025-10-23,1.1507
2025-10-24,1.2447
2025-10-27,1.1525
2025-10-28,0.9414
2025-10-29,0.9622
2025-10-30,1.1456
2025-10-31,1.3515
2025-11-03,1.0306
2025-11-04,0.9741
2025-11-05,0.8707
2025-11-06,0.8568
2025-11-07,0.9396
2025-11-10,1.0879
2025-11-11,0.9941
2025-11-12,0.9166
2025-11-13,1.0034
2025-11-14,1.0216
2025-11-17,1.2845
2025-11-18,1.1555
2025-11-19,1.2484
2025-11-20,1.3935
2025-11-21,1.6685
2025-11-24,1.267
2025-11-25,1.0782
2025-11-26,1.1713
2025-11-27,1.27
2025-11-28,1.0518
2025-12-01,1.0297
2025-12-02,0.9457
2025-12-03,0.9624
2025-12-04,1.0027
2025-12-05,1.1351
2025-12-08,1.1503
2025-12-09,1.0664
2025-12-10,1.0377
2025-12-11,1.0593
2025-12-12,1.1768
2025-12-15,1.1563
2025-12-16,1.2652
2025-12-17,1.2629
2025-12-18,1.279
2025-12-19,1.3529
2025-12-22,1.329
2025-12-23,1.2776
2025-12-24,1.2334
2025-12-26,1.2221
2025-12-29,1.3414
2025-12-30,1.3212
2025-12-31,0.8949
2026-01-02,1.0119
2026-01-05,1.097
2026-01-06,1.1005
2026-01-07,1.018
2026-01-08,1.0286
2026-01-09,1.0545
2026-01-12,0.9742
2026-01-13,0.9285
2026-01-14,1.0614
2026-01-15,1.3342
2026-01-16,1.2119
2026-01-19,0.9821
2026-01-20,0.9284
2026-01-21,0.9361
2026-01-22,1.1667
2026-01-23,1.3741
2026-01-26,1.4489
2026-01-27,1.2136
2026-01-28,1.31
2026-01-29,1.4553
2026-01-30,1.1092
2026-02-02,1.1251
2026-02-03,0.9793
2026-02-04,0.8908
2026-02-05,0.9307
2026-02-06,0.8641
2026-02-09,0.9142
2026-02-10,0.8694
2026-02-11,0.8678
2026-02-12,0.9956
2026-02-13,1.0513
2026-02-16,1.0894
2026-02-19,1.337
2026-02-20,1.294
2026-02-23,1.1091
2026-02-24,1.0422
2026-02-25,1.0786
2026-02-26,1.001
2026-02-27,1.0528
2026-03-02,1.0562
2026-03-03,0.8424
2026-03-04,0.8154
2026-03-05,0.8024
2026-03-06,0.88
2026-03-09,1.0054
2026-03-10,0.9932
2026-03-11,1.0022
2026-03-12,0.8864
2026-03-13,0.8809
2026-03-16,0.9103
2026-03-17,0.9394
2026-03-18,0.9678
2026-03-19,1.1503
2026-03-20,1.2621
2026-03-23,1.2026
2026-03-24,1.1609
2026-03-25,1.1783
2026-03-26,1.1312
2026-03-27,1.2085
2026-03-30,1.1552
2026-03-31,0.9954
2026-04-01,0.8715
2026-04-02,0.9834
2026-04-06,0.9769
2026-04-07,1.0277
2026-04-08,1.0722
2026-04-09,1.0477
2026-04-10,0.8033
2026-04-13,0.9324
2026-04-14,0.8462
2026-04-15,0.7953
2026-04-16,0.8818
2026-04-17,0.8942
2026-04-20,0.9409
2026-04-21,1.0024
2026-04-22,0.9162
2026-04-23,0.9772
