time,open,high,low,close,Volume
1563498000,0.786363,0.799999,0.786363,0.799999,11796191
1563757200,0.804545,0.804545,0.799999,0.804545,2814132
1563843600,0.804545,0.818181,0.804545,0.80909,5489995
1563930000,0.813636,0.813636,0.80909,0.813636,1387651
1564016400,0.80909,0.813636,0.80909,0.80909,1437701
1564102800,0.813636,0.818181,0.813636,0.818181,601700
1564362000,0.818181,0.818181,0.813636,0.813636,1898821
1564448400,0.813636,0.818181,0.813636,0.813636,1009031
1564534800,0.818181,0.818181,0.813636,0.813636,903760
1564621200,0.813636,0.818181,0.813636,0.813636,524810
1564707600,0.818181,0.818181,0.813636,0.813636,2276452
1564966800,0.813636,0.818181,0.813636,0.813636,473440
1565053200,0.813636,0.813636,0.799999,0.799999,979220
1565139600,0.80909,0.80909,0.80909,0.80909,165000
1565226000,0.80909,0.80909,0.80909,0.80909,180400
1565658000,0.80909,0.818181,0.804545,0.813636,2505362
1565744400,0.813636,0.818181,0.813636,0.818181,161700
1565830800,0.813636,0.813636,0.80909,0.80909,235840
1565917200,0.80909,0.818181,0.80909,0.818181,238810
1566176400,0.813636,0.818181,0.80909,0.80909,612920
1566262800,0.813636,0.818181,0.813636,0.813636,760870
1566349200,0.818181,0.818181,0.813636,0.818181,526570
1566435600,0.818181,0.822726,0.818181,0.822726,265650
1566522000,0.822726,0.822726,0.818181,0.818181,215050
1566781200,0.818181,0.818181,0.80909,0.80909,172480
1566867600,0.813636,0.813636,0.80909,0.80909,213180
1566954000,0.80909,0.818181,0.80909,0.818181,417560
1567040400,0.813636,0.813636,0.813636,0.813636,132550
1567126800,0.813636,0.813636,0.813636,0.813636,55000
1567386000,0.818181,0.818181,0.813636,0.813636,14190
1567472400,0.813636,0.818181,0.813636,0.813636,191400
1567558800,0.818181,0.818181,0.818181,0.818181,4180
1567645200,0.818181,0.818181,0.818181,0.818181,490600
1567731600,0.822726,0.822726,0.822726,0.822726,295020
1567990800,0.822726,0.827272,0.822726,0.822726,264330
1568077200,0.822726,0.827272,0.813636,0.822726,1199771
1568163600,0.822726,0.822726,0.813636,0.813636,110660
1568250000,0.818181,0.818181,0.813636,0.813636,79420
1568336400,0.818181,0.818181,0.813636,0.813636,154880
1568595600,0.818181,0.818181,0.818181,0.818181,305470
1568682000,0.813636,0.818181,0.813636,0.818181,422950
1568768400,0.818181,0.822726,0.818181,0.822726,93500
1568854800,0.822726,0.827272,0.818181,0.822726,452980
1568941200,0.831817,0.836363,0.831817,0.836363,479600
1569200400,0.831817,0.836363,0.831817,0.831817,527450
1569286800,0.836363,0.836363,0.831817,0.831817,567490
1569373200,0.831817,0.836363,0.831817,0.831817,727210
1569459600,0.836363,0.849999,0.831817,0.845454,1326381
1569546000,0.845454,0.845454,0.845454,0.845454,3080
1569805200,0.845454,0.849999,0.845454,0.845454,473660
1569891600,0.845454,0.849999,0.845454,0.849999,58300
1569978000,0.849999,0.854545,0.849999,0.849999,470690
1570064400,0.854545,0.854545,0.849999,0.849999,691900
1570150800,0.849999,0.854545,0.849999,0.854545,237600
1570410000,0.849999,0.854545,0.849999,0.854545,834350
1570496400,0.849999,0.854545,0.849999,0.854545,33000
1570582800,0.854545,0.863635,0.854545,0.854545,883190
1570669200,0.85909,0.85909,0.854545,0.85909,879670
1570755600,0.85909,0.863635,0.854545,0.863635,173250
1571014800,0.863635,0.863635,0.854545,0.85909,242000
1571101200,0.85909,0.863635,0.854545,0.854545,258280
1571187600,0.85909,0.85909,0.849999,0.854545,620180
1571274000,0.854545,0.854545,0.840908,0.849999,677490
1571360400,0.849999,0.849999,0.849999,0.849999,3850
1571619600,0.849999,0.849999,0.849999,0.849999,3080
1571706000,0.845454,0.849999,0.840908,0.845454,436700
1571792400,0.840908,0.845454,0.831817,0.840908,641410
1571878800,0.840908,0.840908,0.831817,0.836363,785510
1571965200,0.836363,0.845454,0.836363,0.845454,214610
1572310800,0.845454,0.845454,0.831817,0.845454,409640
1572397200,0.845454,0.85909,0.840908,0.85909,719400
1572483600,0.85909,0.85909,0.840908,0.845454,206360
1572570000,0.85909,0.85909,0.845454,0.854545,334290
1572829200,0.85909,0.85909,0.849999,0.854545,71170
1572915600,0.849999,0.863635,0.849999,0.85909,1048851
1573002000,0.85909,0.868181,0.854545,0.85909,669130
1573088400,0.85909,0.872726,0.827272,0.854545,912010
1573174800,0.854545,0.863635,0.854545,0.863635,166430
1573434000,0.868181,0.872726,0.863635,0.872726,100100
1573520400,0.872726,0.877272,0.863635,0.872726,369160
1573606800,0.868181,0.872726,0.854545,0.863635,2032472
1573693200,0.863635,0.872726,0.85909,0.863635,178640
1573779600,0.85909,0.863635,0.85909,0.863635,407000
1574038800,0.863635,0.868181,0.85909,0.863635,483670
1574125200,0.863635,0.872726,0.854545,0.863635,988460
1574211600,0.863635,0.890908,0.85909,0.890908,1320771
1574298000,0.881817,0.890908,0.881817,0.890908,719510
1574384400,0.890908,0.890908,0.881817,0.890908,743930
1574643600,0.872726,0.890908,0.872726,0.881817,784740
1574730000,0.881817,0.90909,0.877272,0.881817,5226105
1574816400,0.881817,0.899999,0.881817,0.895454,591470
1574902800,0.895454,0.899999,0.890908,0.899999,717530
1574989200,0.890908,0.904545,0.877272,0.895454,697730
1575248400,0.881817,0.899999,0.881817,0.899999,202620
1575334800,0.890908,0.899999,0.877272,0.881817,663520
1575421200,0.881817,0.895454,0.881817,0.890908,104060
1575507600,0.890908,0.895454,0.881817,0.890908,428560
1575594000,0.890908,0.890908,0.881817,0.890908,179080
1575853200,0.886363,0.890908,0.877272,0.881817,1961851
1575939600,0.886363,0.890908,0.881817,0.890908,258610
1576026000,0.890908,0.899999,0.890908,0.895454,277530
1576112400,0.890908,0.890908,0.881817,0.890908,168960
1576198800,0.890908,0.890908,0.868181,0.868181,698170
1576458000,0.886363,0.890908,0.877272,0.881817,672870
1576544400,0.890908,0.890908,0.881817,0.890908,1209451
1576630800,0.890908,0.890908,0.881817,0.890908,380380
1576717200,0.890908,0.890908,0.872726,0.872726,2182622
1576803600,0.886363,0.886363,0.877272,0.881817,3416273
1577062800,0.890908,0.890908,0.881817,0.881817,660110
1577149200,0.886363,0.886363,0.881817,0.886363,24310
1577322000,0.890908,0.890908,0.877272,0.881817,110000
1577408400,0.881817,0.890908,0.881817,0.890908,96470
1577667600,0.886363,0.886363,0.877272,0.881817,504680
1577754000,0.877272,0.881817,0.877272,0.877272,236720
1577926800,0.886363,0.886363,0.877272,0.877272,305800
1578013200,0.881817,0.886363,0.877272,0.886363,442090
1578272400,0.881817,0.881817,0.877272,0.877272,349580
1578358800,0.877272,0.881817,0.872726,0.877272,693880
1578445200,0.877272,0.877272,0.872726,0.872726,501270
1578531600,0.877272,0.881817,0.872726,0.877272,6869836
1578618000,0.899999,0.899999,0.881817,0.886363,564520
1578877200,0.886363,0.890908,0.877272,0.890908,5591195
1578963600,0.895454,0.895454,0.881817,0.886363,270050
1579050000,0.890908,0.895454,0.886363,0.895454,256190
1579136400,0.886363,0.895454,0.881817,0.881817,544610
1579222800,0.886363,0.886363,0.877272,0.881817,134420
1579482000,0.881817,0.890908,0.877272,0.886363,391490
1579568400,0.886363,0.890908,0.881817,0.890908,191620
1579654800,0.886363,0.895454,0.881817,0.895454,864160
1579741200,0.899999,0.899999,0.890908,0.895454,281270
1579827600,0.899999,0.899999,0.899999,0.899999,220
1580173200,0.895454,0.904545,0.886363,0.899999,813670
1580259600,0.899999,0.918181,0.899999,0.904545,471900
1580346000,0.90909,0.918181,0.899999,0.904545,787490
1580432400,0.899999,0.927272,0.899999,0.918181,1092631
1580691600,0.90909,0.90909,0.890908,0.904545,636900
1580778000,0.904545,0.90909,0.904545,0.90909,500830
1580864400,0.90909,0.945454,0.899999,0.918181,1124531
1580950800,0.927272,0.945454,0.918181,0.936363,1078111
1581037200,0.927272,0.936363,0.918181,0.927272,284240
1581296400,0.918181,0.927272,0.918181,0.927272,783530
1581382800,0.927272,0.927272,0.918181,0.927272,1200761
1581555600,0.927272,0.936363,0.927272,0.936363,3558063
1581642000,0.936363,0.963635,0.927272,0.945454,3412973
1581901200,0.954545,0.972726,0.954545,0.972726,1870661
1581987600,0.954545,0.972726,0.954545,0.972726,1605781
1582074000,0.936363,0.954545,0.927272,0.945454,2857142
1582160400,0.945454,0.954545,0.936363,0.945454,1439241
1582246800,0.936363,0.936363,0.890908,0.927272,11239481
1582506000,0.918181,0.927272,0.899999,0.899999,5289905
1582592400,0.895454,0.918181,0.881817,0.918181,8613118
1582678800,0.90909,0.90909,0.895454,0.895454,1542311
1582765200,0.895454,0.899999,0.890908,0.895454,682880
1582851600,0.890908,0.890908,0.854545,0.868181,8561418
1583110800,0.863635,0.868181,0.849999,0.863635,1907401
1583197200,0.881817,0.890908,0.863635,0.868181,2748352
1583283600,0.868181,0.90909,0.863635,0.90909,4463584
1583370000,0.904545,0.918181,0.899999,0.904545,2001562
1583456400,0.904545,0.90909,0.895454,0.90909,1885731
1583715600,0.904545,0.904545,0.854545,0.868181,3389543
1583802000,0.85909,0.868181,0.840908,0.868181,3148973
1583888400,0.872726,0.872726,0.845454,0.845454,1351791
1583974800,0.840908,0.840908,0.727272,0.777272,6028666
1584061200,0.768181,0.799999,0.718181,0.749999,4431464
1584320400,0.745454,0.749999,0.686363,0.686363,2792902
1584406800,0.636363,0.654545,0.627272,0.645454,25463155
1584493200,0.645454,0.654545,0.549999,0.577272,1816651
1584579600,0.563636,0.563636,0.45909,0.481818,3590623
1584666000,0.50909,0.599999,0.495454,0.590908,4775764
1584925200,0.50909,0.50909,0.454545,0.477272,1595991
1585011600,0.490909,0.531818,0.490909,0.527272,1818301
1585098000,0.590908,0.636363,0.545454,0.581818,3937123
1585184400,0.577272,0.581818,0.545454,0.549999,1868131
1585270800,0.572727,0.60909,0.572727,0.577272,2613052
1585530000,0.581818,0.581818,0.522727,0.536363,2018942
1585616400,0.554545,0.577272,0.554545,0.568181,1187451
1585702800,0.563636,0.563636,0.536363,0.563636,1211321
1585789200,0.563636,0.563636,0.536363,0.554545,445390
1585875600,0.563636,0.563636,0.513636,0.522727,936540
1586134800,0.522727,0.545454,0.522727,0.545454,828740
1586221200,0.563636,0.590908,0.545454,0.590908,1806861
1586307600,0.572727,0.595454,0.563636,0.572727,660000
1586394000,0.590908,0.627272,0.577272,0.581818,1541541
1586739600,0.586363,0.613636,0.586363,0.604545,1428571
1586826000,0.595454,0.649999,0.595454,0.636363,1981431
1586912400,0.645454,0.65909,0.640908,0.654545,1251691
1586998800,0.645454,0.65909,0.636363,0.649999,551650
1587085200,0.65909,0.677272,0.631818,0.65909,744810
1587344400,0.668181,0.686363,0.654545,0.654545,581130
1587430800,0.654545,0.654545,0.613636,0.622727,1143231
1587517200,0.604545,0.640908,0.595454,0.627272,567930
1587603600,0.622727,0.65909,0.622727,0.636363,279510
1587690000,0.640908,0.645454,0.618181,0.636363,99660
1587949200,0.622727,0.645454,0.618181,0.618181,1201201
1588035600,0.618181,0.645454,0.618181,0.645454,479600
1588122000,0.645454,0.677272,0.640908,0.663636,877360
1588208400,0.672727,0.722727,0.663636,0.672727,2539242
1588554000,0.663636,0.663636,0.631818,0.636363,773740
1588640400,0.645454,0.654545,0.640908,0.649999,705320
1588726800,0.649999,0.663636,0.645454,0.645454,209550
1588899600,0.663636,0.663636,0.645454,0.645454,378620
1589158800,0.654545,0.663636,0.649999,0.654545,895840
1589245200,0.654545,0.654545,0.640908,0.640908,414480
1589331600,0.640908,0.663636,0.636363,0.663636,154990
1589418000,0.640908,0.640908,0.627272,0.627272,813560
1589504400,0.636363,0.649999,0.631818,0.640908,347160
1589763600,0.640908,0.645454,0.631818,0.631818,318010
1589850000,0.645454,0.654545,0.631818,0.640908,841940
1589936400,0.645454,0.649999,0.636363,0.640908,232870
1590022800,0.645454,0.654545,0.636363,0.640908,1649671
1590109200,0.640908,0.645454,0.613636,0.618181,1520971
1590454800,0.627272,0.636363,0.627272,0.627272,721820
1590541200,0.636363,0.649999,0.627272,0.640908,354970
1590627600,0.645454,0.654545,0.636363,0.645454,725450
1590714000,0.645454,0.695454,0.636363,0.677272,5590088
1590973200,0.672727,0.70909,0.663636,0.699999,2483472
1591059600,0.699999,0.713636,0.699999,0.70909,1626571
1591146000,0.704545,0.718181,0.704545,0.718181,365640
1591232400,0.718181,0.718181,0.704545,0.70909,487740
1591318800,0.70909,0.722727,0.699999,0.70909,681890
1591578000,0.722727,0.731817,0.70909,0.731817,2057772
1591664400,0.745454,0.781817,0.745454,0.754545,1901351
1591750800,0.75909,0.772727,0.75909,0.768181,251240
1591837200,0.772727,0.772727,0.718181,0.727272,2107382
1591923600,0.70909,0.718181,0.681818,0.713636,847000
1592182800,0.713636,0.736363,0.690908,0.699999,594440
1592269200,0.722727,0.736363,0.718181,0.736363,1001551
1592355600,0.736363,0.740908,0.727272,0.727272,115940
1592442000,0.727272,0.736363,0.727272,0.736363,235180
1592528400,0.731817,0.736363,0.718181,0.727272,310420
1592787600,0.727272,0.731817,0.722727,0.727272,166430
1592874000,0.736363,0.749999,0.722727,0.731817,547030
1592960400,0.736363,0.754545,0.736363,0.749999,529870
1593046800,0.754545,0.754545,0.722727,0.727272,400730
1593133200,0.736363,0.736363,0.722727,0.722727,184580
1593392400,0.722727,0.722727,0.70909,0.70909,247280
1593478800,0.713636,0.731817,0.70909,0.70909,664950
1593565200,0.727272,0.727272,0.70909,0.713636,256410
1593651600,0.727272,0.745454,0.718181,0.745454,279620
1593738000,0.745454,0.745454,0.727272,0.731817,171930
1593997200,0.727272,0.745454,0.727272,0.745454,538780
1594083600,0.745454,0.754545,0.736363,0.740908,569470
1594170000,0.745454,0.745454,0.727272,0.731817,204490
1594256400,0.749999,0.749999,0.713636,0.722727,981970
1594602000,0.713636,0.745454,0.713636,0.722727,591910
1594688400,0.713636,0.713636,0.704545,0.713636,926090
1594774800,0.718181,0.718181,0.70909,0.70909,126940
1594861200,0.70909,0.722727,0.695454,0.704545,624800
1594947600,0.699999,0.704545,0.681818,0.695454,550000
1595206800,0.695454,0.718181,0.695454,0.713636,315480
1595293200,0.70909,0.70909,0.699999,0.70909,254100
1595379600,0.70909,0.713636,0.699999,0.70909,233970
1595466000,0.70909,0.718181,0.70909,0.713636,2365332
1595552400,0.70909,0.713636,0.699999,0.704545,520960
1595811600,0.695454,0.699999,0.690908,0.690908,373780
1595898000,0.699999,0.70909,0.690908,0.70909,451770
1595984400,0.699999,0.70909,0.690908,0.70909,1505681
1596070800,0.70909,0.70909,0.695454,0.704545,1302841
1596416400,0.70909,0.722727,0.704545,0.70909,1185471
1596502800,0.70909,0.722727,0.70909,0.718181,1856911
1596589200,0.713636,0.731817,0.713636,0.727272,1887051
1596675600,0.727272,0.745454,0.727272,0.731817,2847242
1596762000,0.740908,0.745454,0.736363,0.740908,2753192
1597107600,0.740908,0.740908,0.731817,0.736363,1549901
1597194000,0.731817,0.731817,0.718181,0.722727,1583891
1597280400,0.727272,0.727272,0.718181,0.722727,3498773
1597366800,0.704545,0.713636,0.690908,0.699999,2172392
1597626000,0.699999,0.722727,0.695454,0.718181,2361262
1597712400,0.70909,0.722727,0.70909,0.713636,1565851
1597798800,0.713636,0.722727,0.70909,0.718181,1773091
1597885200,0.713636,0.727272,0.704545,0.722727,1734591
1597971600,0.713636,0.722727,0.70909,0.718181,1390621
1598230800,0.713636,0.722727,0.713636,0.718181,1078991
1598317200,0.722727,0.722727,0.70909,0.718181,2401962
1598403600,0.718181,0.718181,0.70909,0.70909,1933801
1598490000,0.70909,0.722727,0.70909,0.70909,1507661
1598576400,0.713636,0.718181,0.70909,0.70909,1300971
1598835600,0.70909,0.713636,0.70909,0.713636,2555742
1598922000,0.70909,0.736363,0.70909,0.731817,2409992
1599008400,0.740908,0.740908,0.727272,0.731817,709830
1599094800,0.727272,0.731817,0.722727,0.727272,724240
1599181200,0.722727,0.727272,0.718181,0.722727,1038181
1599440400,0.722727,0.736363,0.722727,0.731817,895620
1599526800,0.736363,0.736363,0.727272,0.727272,566170
1599613200,0.727272,0.736363,0.718181,0.727272,1857131
1599699600,0.727272,0.727272,0.718181,0.722727,901230
1599786000,0.718181,0.727272,0.713636,0.727272,1070961
1600045200,0.727272,0.745454,0.722727,0.740908,2932272
1600131600,0.745454,0.754545,0.736363,0.740908,2137742
1600218000,0.745454,0.763636,0.740908,0.75909,3254683
1600304400,0.75909,0.768181,0.749999,0.749999,2903672
1600390800,0.754545,0.763636,0.740908,0.749999,17071247
1600650000,0.754545,0.763636,0.749999,0.763636,371910
1600736400,0.754545,0.763636,0.749999,0.75909,691460
1600822800,0.763636,0.763636,0.749999,0.749999,704110
1600909200,0.749999,0.749999,0.740908,0.749999,847550
1600995600,0.749999,0.754545,0.740908,0.740908,524480
1601254800,0.745454,0.749999,0.740908,0.749999,735240
1601341200,0.745454,0.749999,0.740908,0.745454,1042251
1601427600,0.740908,0.749999,0.740908,0.749999,198330
1601514000,0.745454,0.745454,0.740908,0.740908,1619861
1601600400,0.740908,0.745454,0.736363,0.740908,662530
1601859600,0.740908,0.745454,0.736363,0.745454,1265111
1601946000,0.740908,0.745454,0.740908,0.740908,1276331
1602032400,0.740908,0.745454,0.740908,0.740908,1395681
1602118800,0.740908,0.749999,0.740908,0.745454,929170
1602205200,0.749999,0.749999,0.745454,0.749999,152680
1602464400,0.745454,0.763636,0.740908,0.763636,975810
1602550800,0.763636,0.768181,0.75909,0.763636,720060
1602637200,0.763636,0.768181,0.749999,0.768181,1322091
1602723600,0.772727,0.772727,0.749999,0.763636,1455631
1602810000,0.75909,0.75909,0.749999,0.75909,1031361
1603069200,0.75909,0.75909,0.745454,0.745454,1048411
1603155600,0.745454,0.745454,0.718181,0.731817,1897721
1603242000,0.731817,0.731817,0.722727,0.722727,1184811
1603328400,0.722727,0.727272,0.699999,0.70909,2040722
1603414800,0.70909,0.718181,0.699999,0.718181,1720181
1603674000,0.718181,0.727272,0.70909,0.70909,1096811
1603760400,0.70909,0.70909,0.695454,0.695454,981090
1603846800,0.695454,0.704545,0.690908,0.704545,468270
1603933200,0.699999,0.704545,0.690908,0.690908,507210
1604019600,0.690908,0.690908,0.672727,0.672727,1180961
1604278800,0.672727,0.672727,0.654545,0.65909,658020
1604365200,0.663636,0.677272,0.663636,0.672727,164780
1604451600,0.672727,0.681818,0.663636,0.668181,927410
1604538000,0.668181,0.681818,0.668181,0.677272,1585981
1604624400,0.690908,0.695454,0.681818,0.686363,1374451
1604883600,0.690908,0.695454,0.686363,0.695454,732710
1604970000,0.699999,0.727272,0.699999,0.713636,1076461
1605056400,0.713636,0.722727,0.699999,0.713636,1064471
1605142800,0.713636,0.713636,0.699999,0.713636,323290
1605229200,0.70909,0.70909,0.704545,0.704545,154990
1605488400,0.704545,0.704545,0.695454,0.704545,552420
1605574800,0.70909,0.713636,0.70909,0.713636,191730
1605661200,0.713636,0.718181,0.704545,0.713636,524810
1605747600,0.713636,0.713636,0.704545,0.70909,308220
1605834000,0.70909,0.70909,0.704545,0.704545,384450
1606093200,0.704545,0.704545,0.699999,0.699999,710490
1606179600,0.699999,0.713636,0.695454,0.695454,1624151
1606266000,0.699999,0.704545,0.695454,0.695454,1720511
1606352400,0.690908,0.699999,0.681818,0.690908,1921811
1606438800,0.690908,0.704545,0.690908,0.704545,275110
1606698000,0.704545,0.704545,0.690908,0.695454,1138831
1606784400,0.690908,0.70909,0.690908,0.704545,1284581
1606870800,0.699999,0.699999,0.690908,0.695454,692010
1606957200,0.695454,0.699999,0.690908,0.695454,824450
1607043600,0.699999,0.713636,0.699999,0.70909,861740
1607302800,0.70909,0.722727,0.70909,0.718181,193490
1607389200,0.718181,0.722727,0.713636,0.713636,362670
1607475600,0.718181,0.718181,0.70909,0.70909,440880
1607562000,0.70909,0.713636,0.704545,0.70909,443960
1607648400,0.70909,0.718181,0.70909,0.713636,543840
1607907600,0.713636,0.736363,0.713636,0.727272,540540
1607994000,0.722727,0.731817,0.722727,0.731817,291170
1608080400,0.727272,0.745454,0.727272,0.745454,557810
1608166800,0.745454,0.749999,0.736363,0.749999,276540
1608253200,0.749999,0.749999,0.722727,0.722727,511060
1608512400,0.727272,0.740908,0.727272,0.731817,250360
1608598800,0.736363,0.740908,0.722727,0.722727,412280
1608685200,0.731817,0.731817,0.713636,0.718181,508420
1608771600,0.722727,0.722727,0.713636,0.718181,144980
1609117200,0.718181,0.722727,0.713636,0.713636,811470
1609203600,0.70909,0.731817,0.70909,0.731817,1631631
1609290000,0.718181,0.727272,0.718181,0.718181,268620
1609376400,0.718181,0.722727,0.718181,0.718181,118470
1609722000,0.722727,0.727272,0.713636,0.727272,278850
1609808400,0.722727,0.727272,0.718181,0.727272,746680
1609894800,0.722727,0.731817,0.722727,0.727272,518870
1609981200,0.731817,0.740908,0.722727,0.727272,656810
1610067600,0.727272,0.731817,0.722727,0.722727,926090
1610326800,0.727272,0.731817,0.727272,0.727272,512380
1610413200,0.731817,0.731817,0.727272,0.727272,408100
1610499600,0.731817,0.736363,0.727272,0.731817,463540
1610586000,0.731817,0.740908,0.731817,0.736363,935330
1610672400,0.731817,0.754545,0.731817,0.754545,1101431
1610931600,0.754545,0.75909,0.745454,0.749999,491260
1611018000,0.749999,0.75909,0.749999,0.749999,627990
1611104400,0.754545,0.75909,0.749999,0.75909,626230
1611190800,0.754545,0.75909,0.749999,0.754545,709940
1611277200,0.754545,0.75909,0.749999,0.75909,449680
1611536400,0.75909,0.75909,0.736363,0.740908,1025751
1611622800,0.740908,0.745454,0.736363,0.740908,1306801
1611709200,0.740908,0.754545,0.736363,0.754545,224840
1611795600,0.745454,0.749999,0.745454,0.745454,349030
1611882000,0.749999,0.749999,0.740908,0.745454,1316261
1612141200,0.745454,0.745454,0.740908,0.740908,364540
1612227600,0.745454,0.745454,0.736363,0.745454,959750
1612314000,0.745454,0.745454,0.740908,0.745454,325270
1612400400,0.749999,0.749999,0.727272,0.731817,1519981
1612486800,0.727272,0.736363,0.727272,0.727272,1031691
1612746000,0.731817,0.736363,0.727272,0.727272,521290
1612832400,0.731817,0.731817,0.722727,0.731817,756910
1612918800,0.731817,0.736363,0.727272,0.731817,214830
1613005200,0.736363,0.740908,0.731817,0.736363,115610
1613350800,0.736363,0.740908,0.722727,0.722727,1273361
1613437200,0.727272,0.727272,0.722727,0.727272,682550
1613523600,0.727272,0.736363,0.727272,0.736363,1058971
1613610000,0.745454,0.75909,0.745454,0.754545,2717552
1613696400,0.754545,0.754545,0.745454,0.749999,1702801
1613955600,0.754545,0.75909,0.749999,0.749999,1562881
1614042000,0.749999,0.763636,0.749999,0.75909,9073799
1614128400,0.736363,0.740908,0.727272,0.727272,2915662
1614214800,0.727272,0.731817,0.713636,0.727272,1921591
1614301200,0.727272,0.727272,0.718181,0.727272,1156321
1614560400,0.727272,0.731817,0.718181,0.718181,751520
1614646800,0.727272,0.727272,0.718181,0.722727,339680
1614733200,0.722727,0.722727,0.718181,0.722727,445940
1614819600,0.722727,0.731817,0.718181,0.722727,569360
1614906000,0.722727,0.722727,0.70909,0.713636,1223421
1615165200,0.713636,0.722727,0.70909,0.70909,518650
1615251600,0.70909,0.718181,0.70909,0.713636,665390
1615338000,0.713636,0.718181,0.70909,0.718181,196680
1615424400,0.718181,0.722727,0.718181,0.722727,610830
1615510800,0.722727,0.722727,0.718181,0.722727,803660
1615770000,0.727272,0.731817,0.718181,0.722727,630520
1615856400,0.722727,0.736363,0.718181,0.736363,1445621
1615942800,0.736363,0.736363,0.727272,0.736363,362120
1616029200,0.736363,0.740908,0.727272,0.736363,1763851
1616115600,0.736363,0.749999,0.736363,0.749999,1702691
1616374800,0.749999,0.754545,0.745454,0.749999,592790
1616461200,0.745454,0.749999,0.740908,0.740908,428230
1616547600,0.740908,0.745454,0.736363,0.745454,414150
1616634000,0.745454,0.763636,0.740908,0.763636,1182171
1616720400,0.763636,0.768181,0.754545,0.75909,219450
1616979600,0.763636,0.763636,0.754545,0.763636,114840
1617066000,0.75909,0.799999,0.754545,0.790908,3301983
1617152400,0.786363,0.799999,0.781817,0.781817,989120
1617238800,0.781817,0.781817,0.75909,0.75909,428780
1617584400,0.768181,0.777272,0.763636,0.768181,1281611
1617670800,0.772727,0.786363,0.772727,0.777272,839080
1617757200,0.781817,0.790908,0.781817,0.786363,793210
1617843600,0.790908,0.790908,0.786363,0.790908,1179861
1617930000,0.795454,0.795454,0.786363,0.790908,480590
1618189200,0.790908,0.790908,0.772727,0.781817,818950
1618275600,0.777272,0.790908,0.777272,0.781817,808500
1618362000,0.786363,0.790908,0.781817,0.781817,258940
1618448400,0.786363,0.786363,0.777272,0.781817,440330
1618534800,0.781817,0.781817,0.772727,0.781817,580910
1618794000,0.781817,0.781817,0.772727,0.772727,316030
1618880400,0.772727,0.777272,0.768181,0.772727,409970
1618966800,0.772727,0.777272,0.768181,0.772727,252450
1619053200,0.772727,0.772727,0.75909,0.763636,481250
1619139600,0.763636,0.781817,0.763636,0.763636,339460
1619398800,0.768181,0.772727,0.754545,0.768181,868560
1619485200,0.768181,0.768181,0.763636,0.763636,119020
1619571600,0.763636,0.772727,0.763636,0.763636,801790
1619658000,0.768181,0.777272,0.768181,0.772727,592130
1619744400,0.777272,0.786363,0.772727,0.786363,1148841
1620003600,0.786363,0.786363,0.763636,0.772727,973830
1620090000,0.772727,0.781817,0.768181,0.781817,281930
1620176400,0.777272,0.781817,0.772727,0.772727,387200
1620262800,0.777272,0.781817,0.772727,0.781817,372570
1620349200,0.781817,0.781817,0.777272,0.777272,660660
1620608400,0.777272,0.781817,0.777272,0.777272,69190
1620694800,0.777272,0.781817,0.772727,0.772727,1465421
1620781200,0.772727,0.777272,0.772727,0.777272,327580
1620954000,0.772727,0.777272,0.754545,0.768181,2301752
1621213200,0.772727,0.777272,0.768181,0.772727,607090
1621299600,0.772727,0.777272,0.772727,0.777272,208890
1621386000,0.777272,0.777272,0.768181,0.777272,236280
1621472400,0.777272,0.781817,0.772727,0.777272,270600
1621558800,0.781817,0.781817,0.768181,0.768181,573760
1621818000,0.772727,0.772727,0.768181,0.768181,179410
1621904400,0.772727,0.772727,0.768181,0.772727,292270
1622077200,0.772727,0.772727,0.763636,0.763636,951170
1622163600,0.768181,0.772727,0.763636,0.768181,462550
1622422800,0.777272,0.777272,0.772727,0.777272,91520
1622509200,0.777272,0.781817,0.772727,0.777272,125070
1622595600,0.777272,0.781817,0.772727,0.777272,796620
1622682000,0.772727,0.777272,0.772727,0.772727,328460
1622768400,0.777272,0.781817,0.772727,0.781817,489610
1623027600,0.781817,0.781817,0.772727,0.772727,901120
1623114000,0.777272,0.777272,0.772727,0.772727,601150
1623200400,0.777272,0.781817,0.772727,0.777272,647570
1623286800,0.777272,0.781817,0.777272,0.781817,171050
1623373200,0.781817,0.781817,0.777272,0.781817,74800
1623632400,0.781817,0.790908,0.781817,0.781817,1838101
1623718800,0.786363,0.786363,0.781817,0.781817,33660
1623805200,0.781817,0.786363,0.781817,0.781817,174790
1623891600,0.781817,0.786363,0.781817,0.786363,329340
1623978000,0.786363,0.790908,0.781817,0.790908,1327591
1624237200,0.786363,0.790908,0.781817,0.786363,1614911
1624323600,0.786363,0.790908,0.786363,0.790908,67100
1624410000,0.790908,0.799999,0.786363,0.799999,849310
1624582800,0.781817,0.790908,0.772727,0.781817,8763928
1624842000,0.781817,0.786363,0.777272,0.781817,4880154
1624928400,0.786363,0.786363,0.781817,0.781817,1542861
1625014800,0.786363,0.786363,0.781817,0.786363,1374011
1625101200,0.786363,0.790908,0.781817,0.790908,2250932
1625187600,0.768181,0.795454,0.768181,0.795454,3268433
1625446800,0.795454,0.799999,0.786363,0.790908,2011132
1625533200,0.786363,0.790908,0.777272,0.786363,2814352
1625619600,0.781817,0.786363,0.772727,0.781817,1354101
1625706000,0.777272,0.781817,0.768181,0.772727,2898612
1625792400,0.763636,0.772727,0.763636,0.772727,868230
1626051600,0.772727,0.786363,0.772727,0.781817,2581482
1626138000,0.786363,0.790908,0.781817,0.781817,2157542
1626224400,0.786363,0.790908,0.781817,0.781817,3519123
1626310800,0.786363,0.786363,0.777272,0.781817,2535722
1626397200,0.781817,0.781817,0.777272,0.781817,393580
1626656400,0.781817,0.781817,0.768181,0.768181,2352902
1626829200,0.772727,0.772727,0.768181,0.772727,921580
1626915600,0.772727,0.772727,0.768181,0.772727,983620
1627002000,0.768181,0.772727,0.763636,0.768181,1494791
1627261200,0.763636,0.768181,0.763636,0.763636,502700
1627347600,0.763636,0.768181,0.75909,0.768181,1259501
1627434000,0.768181,0.768181,0.75909,0.763636,489940
1627520400,0.763636,0.763636,0.75909,0.75909,792660
1627606800,0.754545,0.763636,0.754545,0.763636,785070
1627866000,0.763636,0.763636,0.75909,0.763636,394130
1627952400,0.763636,0.768181,0.75909,0.763636,640310
1628038800,0.75909,0.768181,0.749999,0.749999,1580041
1628125200,0.749999,0.763636,0.749999,0.763636,506550
1628211600,0.75909,0.763636,0.754545,0.763636,641410
1628557200,0.75909,0.763636,0.75909,0.763636,1352781
1628643600,0.75909,0.772727,0.75909,0.763636,2252802
1628730000,0.763636,0.768181,0.75909,0.75909,1137181
1628816400,0.763636,0.772727,0.75909,0.763636,3117733
1629075600,0.768181,0.768181,0.763636,0.763636,470910
1629162000,0.768181,0.772727,0.763636,0.763636,753170
1629248400,0.768181,0.772727,0.763636,0.768181,2117502
1629334800,0.772727,0.772727,0.763636,0.768181,2137852
1629421200,0.768181,0.772727,0.763636,0.768181,2381502
1629680400,0.768181,0.772727,0.763636,0.768181,1637681
1629766800,0.763636,0.772727,0.763636,0.768181,938960
1629853200,0.768181,0.772727,0.763636,0.763636,1006611
1629939600,0.768181,0.768181,0.75909,0.75909,674850
1630026000,0.763636,0.763636,0.754545,0.75909,718740
1630285200,0.75909,0.777272,0.75909,0.763636,9388729
1630371600,0.754545,0.768181,0.745454,0.745454,4844954
1630458000,0.745454,0.75909,0.745454,0.749999,2523402
1630544400,0.754545,0.772727,0.754545,0.772727,6809446
1630630800,0.768181,0.777272,0.768181,0.772727,3083963
1630890000,0.772727,0.781817,0.768181,0.777272,4092664
1630976400,0.777272,0.781817,0.772727,0.772727,1370271
1631062800,0.777272,0.777272,0.768181,0.772727,2608432
1631149200,0.772727,0.781817,0.763636,0.777272,2926772
1631235600,0.781817,0.786363,0.772727,0.781817,2450472
1631494800,0.777272,0.781817,0.772727,0.781817,1793661
1631581200,0.777272,0.777272,0.768181,0.777272,2757262
1631667600,0.777272,0.781817,0.768181,0.772727,3668833
1631754000,0.772727,0.786363,0.768181,0.777272,3704583
1631840400,0.781817,0.799999,0.772727,0.777272,40348590.00000001
1632099600,0.781817,0.786363,0.75909,0.75909,2519112
1632186000,0.75909,0.772727,0.75909,0.763636,1384901
1632272400,0.768181,0.781817,0.768181,0.781817,1517891
1632358800,0.781817,0.790908,0.777272,0.777272,1239041
1632445200,0.781817,0.786363,0.777272,0.786363,1049731
1632704400,0.786363,0.790908,0.777272,0.790908,1668041
1632790800,0.786363,0.790908,0.777272,0.781817,698720
1632877200,0.781817,0.781817,0.772727,0.781817,275990
1632963600,0.781817,0.781817,0.772727,0.777272,1414381
1633050000,0.772727,0.777272,0.75909,0.763636,1125631
1633309200,0.768181,0.768181,0.75909,0.75909,521510
1633395600,0.763636,0.763636,0.754545,0.754545,821370
1633482000,0.75909,0.763636,0.754545,0.763636,895070
1633568400,0.763636,0.768181,0.75909,0.768181,560560
1633654800,0.768181,0.768181,0.75909,0.768181,312290
1633914000,0.772727,0.772727,0.75909,0.768181,969650
1634000400,0.768181,0.772727,0.75909,0.772727,430650
1634086800,0.772727,0.772727,0.768181,0.772727,670120
1634173200,0.777272,0.781817,0.772727,0.772727,1218251
1634259600,0.768181,0.781817,0.768181,0.781817,669680
1634518800,0.777272,0.781817,0.772727,0.781817,733370
1634605200,0.777272,0.786363,0.777272,0.786363,1165121
1634691600,0.786363,0.786363,0.777272,0.786363,953260
1634778000,0.786363,0.786363,0.781817,0.786363,68640
1634864400,0.781817,0.781817,0.772727,0.777272,654170
1635123600,0.777272,0.781817,0.772727,0.781817,297220
1635210000,0.781817,0.781817,0.777272,0.781817,197010
1635296400,0.781817,0.786363,0.777272,0.781817,1210111
1635382800,0.781817,0.786363,0.777272,0.781817,325270
1635469200,0.781817,0.786363,0.777272,0.786363,344960
1635728400,0.786363,0.786363,0.781817,0.781817,168520
1635814800,0.781817,0.786363,0.777272,0.777272,825000
1635901200,0.777272,0.786363,0.772727,0.786363,719510
1636074000,0.781817,0.795454,0.781817,0.795454,1008921
1636333200,0.795454,0.804545,0.790908,0.799999,2958342
1636419600,0.75909,0.763636,0.745454,0.75909,98697708.00000001
1636506000,0.75909,0.763636,0.754545,0.75909,3599423
1636592400,0.763636,0.768181,0.763636,0.768181,4001254
1636678800,0.768181,0.768181,0.763636,0.768181,1696641
1636938000,0.768181,0.768181,0.754545,0.763636,1394581
1637024400,0.763636,0.763636,0.75909,0.763636,1695321
1637110800,0.763636,0.768181,0.754545,0.763636,3210793
1637197200,0.75909,0.768181,0.75909,0.763636,3425623
1637283600,0.763636,0.763636,0.754545,0.763636,1075141
1637542800,0.763636,0.763636,0.754545,0.75909,558580
1637629200,0.75909,0.763636,0.754545,0.75909,3589083
1637715600,0.75909,0.763636,0.754545,0.763636,1534061
1637802000,0.75909,0.763636,0.75909,0.763636,1370821
1637888400,0.763636,0.763636,0.749999,0.749999,3500973
1638147600,0.749999,0.754545,0.749999,0.749999,714230
1638234000,0.754545,0.75909,0.749999,0.75909,4331694
1638320400,0.75909,0.75909,0.749999,0.754545,1290411
1638406800,0.754545,0.754545,0.745454,0.749999,1353331
1638493200,0.754545,0.75909,0.749999,0.75909,140030
1638752400,0.754545,0.754545,0.745454,0.745454,620180
1638838800,0.754545,0.754545,0.749999,0.754545,918500
1638925200,0.754545,0.75909,0.749999,0.754545,1393701
1639011600,0.75909,0.75909,0.749999,0.749999,2607552
1639098000,0.754545,0.75909,0.745454,0.749999,2176902
1639357200,0.749999,0.75909,0.749999,0.749999,1199661
1639443600,0.749999,0.75909,0.745454,0.754545,1620301
1639530000,0.75909,0.75909,0.745454,0.745454,1489621
1639616400,0.749999,0.754545,0.745454,0.754545,288200
1639702800,0.749999,0.754545,0.745454,0.754545,1335511
1639962000,0.754545,0.754545,0.736363,0.736363,1799491
1640048400,0.740908,0.745454,0.731817,0.731817,1049071
1640134800,0.736363,0.745454,0.736363,0.740908,669130
1640221200,0.736363,0.749999,0.736363,0.749999,338250
1640307600,0.749999,0.754545,0.749999,0.749999,25410
1640566800,0.749999,0.75909,0.749999,0.749999,919820
1640653200,0.754545,0.75909,0.749999,0.749999,593450
1640739600,0.754545,0.75909,0.749999,0.75909,776820
1640826000,0.754545,0.75909,0.749999,0.749999,944020
1640912400,0.754545,0.75909,0.749999,0.75909,551430
1641171600,0.754545,0.768181,0.754545,0.75909,1340791
1641258000,0.75909,0.763636,0.749999,0.763636,2269412
1641344400,0.754545,0.763636,0.749999,0.75909,1079651
1641430800,0.749999,0.75909,0.749999,0.754545,1534501
1641517200,0.754545,0.75909,0.745454,0.754545,1918951
1641776400,0.749999,0.754545,0.745454,0.749999,1111771
1641862800,0.749999,0.754545,0.745454,0.749999,1511181
1641949200,0.745454,0.754545,0.740908,0.745454,2420992
1642035600,0.740908,0.749999,0.731817,0.736363,1940401
1642122000,0.736363,0.745454,0.731817,0.736363,1882211
1642381200,0.736363,0.745454,0.736363,0.745454,687830
1642467600,0.745454,0.749999,0.740908,0.749999,854590
1642554000,0.745454,0.754545,0.745454,0.745454,1177221
1642640400,0.745454,0.75909,0.745454,0.754545,797830
1642726800,0.754545,0.754545,0.745454,0.749999,846450
1642986000,0.745454,0.749999,0.740908,0.749999,698720
1643072400,0.745454,0.749999,0.736363,0.745454,1286451
1643158800,0.731817,0.740908,0.727272,0.731817,2124872
1643245200,0.736363,0.736363,0.70909,0.713636,4268334
1643331600,0.70909,0.713636,0.681818,0.690908,3833393
1643590800,0.690908,0.70909,0.686363,0.704545,1026851
1643850000,0.70909,0.736363,0.70909,0.731817,675400
1643936400,0.736363,0.745454,0.731817,0.736363,435380
1644195600,0.740908,0.745454,0.731817,0.745454,324940
1644282000,0.745454,0.745454,0.736363,0.740908,1234311
1644368400,0.740908,0.745454,0.736363,0.740908,862180
1644454800,0.740908,0.754545,0.740908,0.754545,693990
1644541200,0.749999,0.75909,0.745454,0.745454,856680
1644800400,0.749999,0.754545,0.745454,0.749999,612150
1644886800,0.749999,0.75909,0.745454,0.754545,1033891
1644973200,0.754545,0.75909,0.749999,0.754545,999130
1645059600,0.754545,0.75909,0.740908,0.745454,2307032
1645146000,0.745454,0.749999,0.740908,0.745454,1230131
1645405200,0.745454,0.75909,0.745454,0.75909,951610
1645491600,0.75909,0.75909,0.727272,0.740908,2989252
1645578000,0.70909,0.722727,0.70909,0.718181,693990
1645664400,0.718181,0.718181,0.686363,0.690908,1513821
1645750800,0.704545,0.70909,0.686363,0.690908,1760881
1646010000,0.699999,0.699999,0.681818,0.695454,4314864
1646096400,0.695454,0.704545,0.686363,0.695454,1229581
1646182800,0.699999,0.70909,0.695454,0.699999,516230
1646269200,0.70909,0.70909,0.695454,0.695454,880550
1646355600,0.695454,0.695454,0.686363,0.695454,1167541
1646614800,0.695454,0.695454,0.690908,0.690908,429990
1646701200,0.695454,0.695454,0.663636,0.672727,1724141
1646787600,0.672727,0.681818,0.672727,0.677272,305360
1646874000,0.672727,0.686363,0.672727,0.686363,1445511
1646960400,0.686363,0.686363,0.681818,0.681818,478390
1647219600,0.686363,0.686363,0.672727,0.672727,851840
1647306000,0.672727,0.677272,0.668181,0.668181,818840
1647392400,0.663636,0.672727,0.663636,0.663636,1612271
1647478800,0.672727,0.699999,0.672727,0.686363,1459811
1647565200,0.681818,0.690908,0.672727,0.681818,2452122
1647824400,0.681818,0.686363,0.677272,0.681818,337370
1647910800,0.677272,0.686363,0.672727,0.672727,1391721
1647997200,0.677272,0.686363,0.672727,0.686363,645040
1648083600,0.686363,0.686363,0.677272,0.681818,389180
1648170000,0.681818,0.690908,0.681818,0.686363,607420
1648429200,0.686363,0.686363,0.681818,0.686363,944460
1648515600,0.686363,0.690908,0.681818,0.690908,257180
1648602000,0.695454,0.699999,0.681818,0.690908,832480
1648688400,0.690908,0.699999,0.681818,0.686363,1506011
1648774800,0.686363,0.686363,0.681818,0.681818,267960
1649034000,0.699999,0.699999,0.681818,0.690908,423720
1649120400,0.690908,0.695454,0.686363,0.690908,1376761
1649206800,0.690908,0.695454,0.686363,0.690908,476520
1649293200,0.686363,0.690908,0.681818,0.686363,1148401
1649379600,0.686363,0.690908,0.681818,0.681818,815870
1649638800,0.681818,0.686363,0.677272,0.681818,1789261
1649725200,0.681818,0.686363,0.672727,0.677272,2073172
1649811600,0.677272,0.677272,0.668181,0.668181,1495121
1649898000,0.672727,0.681818,0.672727,0.677272,341990
1650243600,0.677272,0.690908,0.677272,0.686363,499730
1650330000,0.686363,0.686363,0.681818,0.686363,227700
1650416400,0.686363,0.690908,0.681818,0.690908,500940
1650502800,0.695454,0.695454,0.690908,0.690908,507650
1650589200,0.686363,0.695454,0.681818,0.681818,747670
1650848400,0.681818,0.686363,0.677272,0.677272,487630
1650934800,0.681818,0.681818,0.677272,0.681818,84370
1651021200,0.677272,0.681818,0.672727,0.672727,525800
1651107600,0.677272,0.681818,0.672727,0.677272,375980
1651194000,0.681818,0.681818,0.672727,0.672727,313830
1651626000,0.672727,0.672727,0.663636,0.663636,719400
1651712400,0.668181,0.672727,0.663636,0.668181,819610
1651798800,0.668181,0.668181,0.663636,0.668181,563640
1652058000,0.663636,0.663636,0.645454,0.645454,1300201
1652144400,0.640908,0.654545,0.636363,0.645454,1013101
1652230800,0.649999,0.65909,0.640908,0.65909,774840
1652317200,0.645454,0.654545,0.618181,0.631818,2801152
1652403600,0.645454,0.65909,0.645454,0.654545,867680
1652749200,0.654545,0.681818,0.649999,0.681818,848540
1652835600,0.681818,0.681818,0.65909,0.668181,679800
1652922000,0.663636,0.668181,0.649999,0.663636,1544841
1653008400,0.65909,0.668181,0.654545,0.654545,566170
1653267600,0.65909,0.663636,0.654545,0.65909,383020
1653354000,0.654545,0.672727,0.654545,0.663636,1091531
1653440400,0.65909,0.668181,0.649999,0.649999,773520
1653526800,0.65909,0.668181,0.654545,0.65909,999350
1653613200,0.663636,0.663636,0.654545,0.65909,540870
1653872400,0.65909,0.663636,0.654545,0.654545,906950
1653958800,0.654545,0.663636,0.649999,0.649999,4343904
1654045200,0.654545,0.654545,0.649999,0.649999,286110
1654131600,0.649999,0.654545,0.649999,0.649999,357500
1654218000,0.654545,0.654545,0.649999,0.649999,248490
1654477200,0.649999,0.654545,0.645454,0.645454,1627231
1654563600,0.649999,0.654545,0.649999,0.649999,712140
1654650000,0.654545,0.663636,0.654545,0.65909,637340
1654736400,0.663636,0.663636,0.654545,0.65909,1450681
1654822800,0.65909,0.65909,0.649999,0.654545,1139161
1655082000,0.654545,0.654545,0.640908,0.640908,909150
1655168400,0.640908,0.640908,0.631818,0.631818,896170
1655254800,0.631818,0.636363,0.622727,0.622727,1112541
1655341200,0.622727,0.627272,0.618181,0.618181,2483362
1655427600,0.60909,0.618181,0.604545,0.604545,2946242
1655686800,0.60909,0.60909,0.604545,0.604545,1451671
1655773200,0.60909,0.618181,0.604545,0.60909,1176561
1655859600,0.60909,0.613636,0.604545,0.60909,267080
1655946000,0.613636,0.613636,0.604545,0.604545,4135454
1656032400,0.60909,0.613636,0.60909,0.613636,456390
1656291600,0.613636,0.618181,0.604545,0.613636,2155452
1656378000,0.60909,0.618181,0.60909,0.613636,1298441
1656464400,0.613636,0.613636,0.60909,0.613636,584430
1656550800,0.613636,0.613636,0.604545,0.613636,988790
1656637200,0.613636,0.613636,0.604545,0.604545,933240
1656896400,0.60909,0.613636,0.604545,0.613636,302610
1656982800,0.60909,0.60909,0.604545,0.604545,974160
1657069200,0.60909,0.60909,0.604545,0.60909,100980
1657155600,0.60909,0.60909,0.604545,0.604545,259600
1657242000,0.60909,0.60909,0.604545,0.604545,537900
1657587600,0.60909,0.60909,0.599999,0.604545,1330231
1657674000,0.60909,0.613636,0.599999,0.604545,721050
1657760400,0.60909,0.60909,0.604545,0.60909,360580
1657846800,0.60909,0.618181,0.60909,0.613636,809050
1658106000,0.613636,0.618181,0.60909,0.618181,268400
1658192400,0.613636,0.618181,0.60909,0.618181,148060
1658278800,0.613636,0.622727,0.60909,0.60909,651860
1658365200,0.613636,0.618181,0.613636,0.613636,107580
1658451600,0.618181,0.622727,0.613636,0.613636,200970
1658710800,0.613636,0.618181,0.60909,0.618181,803220
1658797200,0.613636,0.618181,0.60909,0.613636,1293381
1658883600,0.618181,0.618181,0.60909,0.618181,1329461
1658970000,0.618181,0.622727,0.618181,0.622727,1070411
1659056400,0.622727,0.636363,0.622727,0.636363,996710
1659315600,0.636363,0.645454,0.631818,0.645454,1068871
1659402000,0.645454,0.649999,0.636363,0.649999,792770
1659488400,0.645454,0.65909,0.645454,0.654545,1798281
1659574800,0.668181,0.677272,0.65909,0.668181,3659153
1659661200,0.663636,0.668181,0.649999,0.649999,3681703
1659920400,0.654545,0.65909,0.649999,0.654545,2603372
1660093200,0.654545,0.65909,0.640908,0.649999,2722172
1660179600,0.622727,0.622727,0.60909,0.60909,2815232
1660266000,0.613636,0.613636,0.604545,0.604545,2565642
1660525200,0.60909,0.60909,0.599999,0.604545,3178343
1660611600,0.599999,0.604545,0.595454,0.595454,2432212
1660698000,0.599999,0.599999,0.590908,0.599999,3056353
1660784400,0.599999,0.599999,0.590908,0.595454,1723371
1660870800,0.599999,0.599999,0.586363,0.595454,1854271
1661130000,0.590908,0.595454,0.586363,0.586363,835450
1661216400,0.590908,0.590908,0.572727,0.572727,3349283
1661302800,0.577272,0.586363,0.572727,0.577272,1438031
1661389200,0.581818,0.595454,0.581818,0.590908,963600
1661475600,0.590908,0.604545,0.586363,0.599999,1301741
1661734800,0.595454,0.595454,0.577272,0.577272,1872531
1661821200,0.577272,0.581818,0.572727,0.572727,10478170
1661907600,0.577272,0.577272,0.568181,0.568181,1691471
1661994000,0.572727,0.572727,0.568181,0.572727,513700
1662080400,0.577272,0.577272,0.568181,0.568181,829400
1662339600,0.572727,0.572727,0.563636,0.563636,695860
1662426000,0.568181,0.568181,0.55909,0.55909,618310
1662512400,0.55909,0.563636,0.554545,0.554545,1038841
1662598800,0.554545,0.55909,0.549999,0.554545,1979231
1662685200,0.55909,0.563636,0.549999,0.563636,830830
1662944400,0.55909,0.55909,0.549999,0.554545,2252912
1663030800,0.554545,0.55909,0.554545,0.55909,411290
1663117200,0.554545,0.55909,0.549999,0.55909,648780
1663203600,0.55909,0.55909,0.549999,0.554545,749870
1663290000,0.554545,0.563636,0.554545,0.563636,2344542
1663549200,0.55909,0.563636,0.549999,0.55909,1142681
1663635600,0.55909,0.55909,0.554545,0.554545,553080
1663722000,0.55909,0.563636,0.549999,0.549999,1456951
1663808400,0.554545,0.554545,0.540909,0.545454,2124982
1663894800,0.545454,0.545454,0.531818,0.536363,1212641
1664154000,0.531818,0.531818,0.50909,0.513636,3885533
1664240400,0.518181,0.518181,0.495454,0.495454,2190102
1664326800,0.490909,0.490909,0.45,0.477272,8858748
1664413200,0.481818,0.495454,0.468181,0.477272,2814572
1664499600,0.477272,0.504545,0.468181,0.490909,2481382
1664758800,0.495454,0.495454,0.468181,0.472727,960080
1664845200,0.481818,0.486363,0.472727,0.481818,886600
1664931600,0.481818,0.495454,0.481818,0.490909,830170
1665018000,0.495454,0.50909,0.490909,0.5,2094732
1665104400,0.5,0.5,0.454545,0.463636,5383955
1665363600,0.454545,0.463636,0.445454,0.463636,2326172
1665450000,0.463636,0.468181,0.45909,0.45909,795190
1665536400,0.463636,0.463636,0.454545,0.45909,1470371
1665622800,0.45909,0.45909,0.45,0.454545,525910
1665709200,0.454545,0.454545,0.427272,0.427272,2957352
1665968400,0.431818,0.431818,0.418181,0.427272,2587202
1666054800,0.431818,0.440909,0.427272,0.431818,1677831
1666141200,0.436363,0.436363,0.427272,0.427272,667480
1666227600,0.427272,0.440909,0.418181,0.422727,1325061
1666314000,0.422727,0.427272,0.404545,0.422727,2228052
1666659600,0.422727,0.431818,0.418181,0.422727,1530981
1666746000,0.422727,0.445454,0.422727,0.445454,1514151
1666832400,0.45,0.45909,0.45,0.45,981640
1666918800,0.445454,0.454545,0.440909,0.45,542410
1667178000,0.45,0.454545,0.422727,0.427272,2011682
1667264400,0.431818,0.445454,0.427272,0.445454,863830
1667350800,0.45,0.45,0.440909,0.45,434060
1667437200,0.445454,0.445454,0.422727,0.431818,819610
1667523600,0.431818,0.436363,0.427272,0.427272,233860
1667782800,0.431818,0.440909,0.427272,0.431818,659890
1667869200,0.431818,0.436363,0.422727,0.422727,1125411
1667955600,0.431818,0.440909,0.427272,0.436363,976690
1668042000,0.436363,0.436363,0.422727,0.427272,1260931
1668128400,0.445454,0.468181,0.445454,0.468181,3172183
1668387600,0.468181,0.477272,0.45909,0.463636,3121913
1668474000,0.468181,0.468181,0.45909,0.45909,696630
1668560400,0.463636,0.463636,0.454545,0.454545,458370
1668646800,0.45909,0.463636,0.454545,0.463636,790460
1668733200,0.45909,0.45909,0.45,0.454545,1173811
1668992400,0.45909,0.45909,0.45,0.45,511830
1669078800,0.45909,0.468181,0.431818,0.440909,2390632
1669165200,0.440909,0.445454,0.431818,0.431818,831930
1669251600,0.436363,0.440909,0.431818,0.431818,874500
1669338000,0.431818,0.440909,0.427272,0.436363,812020
1669597200,0.440909,0.440909,0.418181,0.431818,1976151
1669683600,0.427272,0.436363,0.422727,0.427272,1103081
1669770000,0.45,0.45,0.427272,0.440909,2614922
1669856400,0.440909,0.445454,0.440909,0.445454,777590
1669942800,0.440909,0.440909,0.427272,0.431818,1336281
1670202000,0.436363,0.440909,0.427272,0.427272,1710391
1670288400,0.427272,0.431818,0.422727,0.422727,1590601
1670374800,0.427272,0.427272,0.422727,0.427272,568700
1670461200,0.431818,0.436363,0.422727,0.427272,1104731
1670547600,0.431818,0.431818,0.418181,0.422727,2035992
1670806800,0.427272,0.427272,0.413636,0.413636,1684761
1670893200,0.418181,0.422727,0.413636,0.422727,1224411
1670979600,0.418181,0.436363,0.418181,0.427272,1741191
1671066000,0.427272,0.436363,0.418181,0.422727,1651651
1671152400,0.418181,0.422727,0.413636,0.413636,2426382
1671411600,0.413636,0.413636,0.40909,0.40909,766920
1671498000,0.413636,0.413636,0.395454,0.404545,2951192
1671584400,0.4,0.4,0.390909,0.395454,1590821
1671670800,0.390909,0.395454,0.386363,0.390909,2094622
1671757200,0.386363,0.386363,0.372727,0.372727,3203645
1672102800,0.372727,0.372727,0.363636,0.363636,3232023
1672189200,0.363636,0.372727,0.359091,0.359091,1547811
1672275600,0.359091,0.377272,0.359091,0.363636,2829422
1672362000,0.363636,0.381818,0.359091,0.368181,4665434
1672707600,0.372727,0.377272,0.359091,0.359091,2334092
1672794000,0.363636,0.368181,0.354545,0.354545,2182842
1672880400,0.359091,0.363636,0.345454,0.345454,3543543
1672966800,0.345454,0.35,0.345454,0.345454,2291962
1673226000,0.354545,0.354545,0.327272,0.331818,7472967
1673312400,0.336363,0.345454,0.331818,0.345454,1705441
1673398800,0.345454,0.35,0.340909,0.35,2280962
1673485200,0.35,0.368181,0.35,0.368181,2058762
1673571600,0.372727,0.390909,0.372727,0.381818,4021054
1673830800,0.377272,0.381818,0.372727,0.377272,670120
1673917200,0.372727,0.377272,0.372727,0.377272,751080
1674003600,0.377272,0.395454,0.377272,0.390909,4419474
1674090000,0.395454,0.418181,0.395454,0.413636,3088253
1674176400,0.413636,0.427272,0.404545,0.427272,3706453
1674608400,0.427272,0.440909,0.422727,0.436363,2213092
1674694800,0.440909,0.454545,0.431818,0.454545,2242572
1674781200,0.454545,0.477272,0.45,0.472727,4778184
1675040400,0.477272,0.486363,0.45909,0.45909,3351813
1675126800,0.463636,0.472727,0.45909,0.472727,2625922
1675213200,0.468181,0.477272,0.463636,0.472727,1679481
1675299600,0.477272,0.481818,0.472727,0.481818,1309661
1675386000,0.481818,0.486363,0.477272,0.486363,1744931
1675645200,0.486363,0.486363,0.472727,0.481818,2584122
1675731600,0.481818,0.481818,0.472727,0.481818,656150
1675818000,0.481818,0.481818,0.468181,0.477272,3428373
1675904400,0.468181,0.472727,0.431818,0.445454,6798996
1675990800,0.445454,0.445454,0.431818,0.440909,1821491
1676250000,0.440909,0.440909,0.431818,0.436363,1612491
1676336400,0.436363,0.436363,0.422727,0.431818,2413842
1676422800,0.4,0.40909,0.395454,0.40909,2726792
1676509200,0.40909,0.40909,0.404545,0.404545,395450
1676595600,0.404545,0.404545,0.377272,0.381818,3610313
1676854800,0.381818,0.381818,0.372727,0.377272,748770
1676941200,0.377272,0.377272,0.354545,0.363636,4308374
1677027600,0.359091,0.363636,0.35,0.359091,1278641
1677114000,0.354545,0.368181,0.354545,0.368181,581130
1677200400,0.359091,0.368181,0.359091,0.363636,1039281
1677459600,0.359091,0.359091,0.35,0.354545,1187011
1677546000,0.359091,0.363636,0.354545,0.363636,923450
1677632400,0.359091,0.363636,0.354545,0.354545,595320
1677718800,0.359091,0.359091,0.354545,0.359091,459140
1677805200,0.359091,0.359091,0.35,0.35,994070
1678064400,0.354545,0.359091,0.35,0.359091,384120
1678150800,0.359091,0.359091,0.35,0.35,1064361
1678237200,0.35,0.354545,0.345454,0.35,2073392
1678323600,0.35,0.35,0.336363,0.336363,2305162
1678410000,0.336363,0.340909,0.327272,0.327272,1771221
1678669200,0.327272,0.336363,0.322727,0.331818,2907522
1678755600,0.331818,0.336363,0.327272,0.327272,1196471
1678842000,0.331818,0.345454,0.331818,0.336363,2599522
1678928400,0.331818,0.331818,0.327272,0.327272,689260
1679014800,0.331818,0.331818,0.322727,0.327272,3325413
1679274000,0.327272,0.327272,0.322727,0.322727,1870661
1679360400,0.327272,0.327272,0.313636,0.318181,2501732
1679446800,0.318181,0.318181,0.309091,0.313636,1830951
1679533200,0.309091,0.313636,0.304545,0.304545,1950411
1679619600,0.309091,0.309091,0.3,0.304545,1640871
1679878800,0.304545,0.304545,0.272727,0.277272,5170005
1679965200,0.277272,0.281818,0.268182,0.268182,4434984
1680051600,0.277272,0.281818,0.272727,0.281818,1846791
1680138000,0.281818,0.290909,0.281818,0.286363,1919171
1680224400,0.286363,0.295454,0.286363,0.290909,3083853
1680483600,0.295454,0.309091,0.290909,0.295454,5039105
1680570000,0.3,0.3,0.295454,0.295454,1401841
1680656400,0.295454,0.295454,0.277272,0.277272,2678282
1680742800,0.277272,0.281818,0.277272,0.281818,1667271
1681088400,0.281818,0.281818,0.268182,0.272727,10102520
1681174800,0.272727,0.272727,0.263636,0.263636,6065956
1681261200,0.263636,0.263636,0.259091,0.263636,1850531
1681347600,0.263636,0.277272,0.259091,0.268182,5188815
1681434000,0.272727,0.272727,0.263636,0.263636,2539902
1681693200,0.263636,0.263636,0.240909,0.245454,7955757
1681779600,0.245454,0.25,0.240909,0.240909,3773003
1681866000,0.240909,0.245454,0.231818,0.231818,4673464
1681952400,0.227273,0.236363,0.227273,0.227273,2760892
1682038800,0.227273,0.254545,0.227273,0.245454,6011396
1682298000,0.245454,0.254545,0.245454,0.254545,2329032
1682384400,0.254545,0.259091,0.245454,0.245454,1493361
1682470800,0.245454,0.245454,0.236363,0.236363,1481921
1682557200,0.236363,0.240909,0.231818,0.236363,1958001
1682643600,0.236363,0.240909,0.236363,0.236363,883960
1682989200,0.240909,0.245454,0.231818,0.231818,1902891
1683075600,0.231818,0.231818,0.227273,0.231818,1468171
1683162000,0.227273,0.227273,0.218182,0.222727,2051172
1683248400,0.222727,0.231818,0.218182,0.227273,2898612
1683507600,0.227273,0.231818,0.222727,0.227273,1289861
1683594000,0.227273,0.240909,0.218182,0.218182,3170423
1683680400,0.222727,0.222727,0.209091,0.213636,4445874
1683766800,0.213636,0.218182,0.186363,0.186363,10838640
1683853200,0.186363,0.195454,0.181818,0.190909,4268774
1684112400,0.190909,0.190909,0.181818,0.181818,3598213
1684198800,0.180909,0.180909,0.175454,0.180909,3540793
1684285200,0.178182,0.190909,0.177273,0.190909,3381733
1684371600,0.190909,0.195454,0.181818,0.190909,4750794
1684458000,0.195454,0.2,0.190909,0.2,3020933
1684717200,0.2,0.209091,0.195454,0.2,3507023
1684803600,0.204545,0.222727,0.2,0.213636,4362714
1684890000,0.218182,0.227273,0.209091,0.209091,4016544
1684976400,0.209091,0.209091,0.204545,0.204545,673860
1685062800,0.209091,0.209091,0.2,0.2,790020
1685322000,0.204545,0.209091,0.2,0.204545,1133991
1685408400,0.209091,0.213636,0.204545,0.213636,1207801
1685494800,0.209091,0.209091,0.195454,0.195454,15910305
1685581200,0.195454,0.195454,0.171818,0.181818,10843480
1685926800,0.181818,0.190909,0.181818,0.186363,2840092
1686013200,0.190909,0.204545,0.181818,0.186363,7316987
1686099600,0.186363,0.195454,0.181818,0.186363,4659824
1686186000,0.190909,0.195454,0.186363,0.195454,2701382
1686272400,0.195454,0.204545,0.195454,0.2,4547514
1686531600,0.204545,0.204545,0.2,0.2,2922592
1686618000,0.2,0.204545,0.195454,0.195454,5066385
1686704400,0.2,0.204545,0.195454,0.2,2961972
1686790800,0.2,0.209091,0.2,0.2,4201124
1686877200,0.2,0.204545,0.190909,0.190909,22758582
1687136400,0.190909,0.190909,0.180909,0.180909,6455398
1687222800,0.180909,0.190909,0.18,0.180909,5945256
1687309200,0.180909,0.186363,0.180909,0.186363,1499741
1687395600,0.181818,0.190909,0.181818,0.186363,5962555
1687482000,0.186363,0.195454,0.186363,0.190909,3025003
1687741200,0.190909,0.2,0.190909,0.2,1601381
1687827600,0.2,0.204545,0.195454,0.195454,2155122
1687914000,0.195454,0.2,0.190909,0.190909,1395241
1688086800,0.190909,0.2,0.190909,0.190909,2732072
1688346000,0.2,0.204545,0.2,0.204545,1562551
1688432400,0.204545,0.209091,0.2,0.204545,3390533
1688518800,0.204545,0.209091,0.2,0.209091,1225841
1688605200,0.204545,0.209091,0.195454,0.195454,3402193
1688691600,0.195454,0.204545,0.195454,0.2,787710
1688950800,0.2,0.204545,0.195454,0.2,2058982
1689037200,0.2,0.204545,0.195454,0.204545,959200
1689123600,0.2,0.204545,0.2,0.204545,268950
1689210000,0.204545,0.209091,0.190909,0.2,5447975
1689296400,0.195454,0.2,0.190909,0.195454,712580
1689555600,0.2,0.2,0.195454,0.2,792990
1689642000,0.2,0.2,0.18,0.181818,10501930
1689728400,0.180909,0.181818,0.170909,0.172727,11077011
1689814800,0.172727,0.172727,0.156363,0.157273,15638935
1689901200,0.157273,0.163636,0.150909,0.150909,9451539
1690160400,0.151818,0.152727,0.147273,0.149091,3747373
1690246800,0.149091,0.166363,0.149091,0.165454,8931128
1690333200,0.166363,0.167273,0.16,0.164545,4343134
1690419600,0.168182,0.175454,0.168182,0.175454,7259457
1690506000,0.175454,0.178182,0.173636,0.174545,3612073
1690765200,0.174545,0.174545,0.164545,0.165454,5200695
1690851600,0.165454,0.165454,0.163636,0.163636,1506671
1690938000,0.164545,0.165454,0.162727,0.163636,1723701
1691024400,0.162727,0.169091,0.161818,0.166363,1562221
1691110800,0.166363,0.174545,0.166363,0.170909,4474144
1691370000,0.171818,0.174545,0.171818,0.173636,3067463
1691456400,0.173636,0.173636,0.169091,0.170909,2430122
1691629200,0.176363,0.180909,0.176363,0.178182,8960388
1691715600,0.178182,0.178182,0.174545,0.174545,4670164
1691974800,0.174545,0.174545,0.169091,0.171818,5233365
1692061200,0.171818,0.172727,0.169091,0.169091,4279444
1692147600,0.145454,0.151818,0.143636,0.150909,2905542
1692234000,0.150909,0.150909,0.149091,0.15,1659351
1692320400,0.149091,0.149091,0.143636,0.143636,2488422
1692579600,0.144545,0.144545,0.14,0.140909,1066781
1692666000,0.140909,0.141818,0.14,0.140909,696630
1692752400,0.139091,0.14,0.136364,0.136364,2678942
1692838800,0.136364,0.136364,0.128182,0.129091,4788084
1692925200,0.129091,0.129091,0.125454,0.128182,1941391
1693184400,0.127273,0.13,0.126364,0.127273,1506561
1693270800,0.127273,0.128182,0.123636,0.125454,1724691
1693357200,0.125454,0.129091,0.125454,0.126364,3104863
1693443600,0.126364,0.127273,0.125454,0.125454,1339471
1693789200,0.125454,0.126364,0.123636,0.123636,2483362
1693875600,0.122727,0.123636,0.119091,0.121818,1307351
1693962000,0.12,0.122727,0.118182,0.122727,2204072
1694048400,0.122727,0.123636,0.119091,0.119091,2557832
1694134800,0.12,0.121818,0.12,0.120909,1351681
1694394000,0.121818,0.122727,0.12,0.120909,1342551
1694480400,0.121818,0.122727,0.121818,0.122727,721490
1694566800,0.123636,0.127273,0.120909,0.125454,3916663
1694653200,0.125454,0.126364,0.123636,0.123636,768900
1694739600,0.123636,0.124545,0.120909,0.120909,2638462
1694998800,0.12,0.121818,0.12,0.120909,416130
1695085200,0.121818,0.124545,0.121818,0.123636,912450
1695171600,0.121818,0.122727,0.12,0.121818,878790
1695258000,0.120909,0.121818,0.12,0.12,198220
1695344400,0.12,0.121818,0.118182,0.118182,1614141
1695603600,0.12,0.12,0.116364,0.117273,1504031
1695690000,0.117273,0.119091,0.117273,0.118182,1079761
1695776400,0.117273,0.12,0.117273,0.12,1477521
1695862800,0.12,0.124545,0.119091,0.122727,3439813
1695949200,0.122727,0.126364,0.121818,0.125454,5879395
1696208400,0.125454,0.127273,0.123636,0.124545,4910404
1696294800,0.123636,0.124545,0.120909,0.120909,572330
1696381200,0.120909,0.120909,0.114545,0.114545,4242264
1696467600,0.115454,0.115454,0.110909,0.111818,5545435
1696554000,0.112727,0.112727,0.107273,0.111818,2889262
1696813200,0.110909,0.110909,0.105454,0.106364,3484253
1696899600,0.109091,0.109091,0.105454,0.106364,2032362
1696986000,0.106364,0.109091,0.106364,0.107273,3433653
1697072400,0.106364,0.108182,0.106364,0.106364,2381612
1697158800,0.106364,0.106364,0.105454,0.106364,1326271
1697418000,0.106364,0.106364,0.102727,0.103636,1934131
1697504400,0.103636,0.103636,0.101818,0.102727,2435512
1697590800,0.103636,0.103636,0.101818,0.102727,386100
1697677200,0.102727,0.102727,0.098182,0.1,2617122
1697763600,0.099091,0.099091,0.095454,0.097273,2133562
1698022800,0.097273,0.098182,0.095454,0.096364,2636482
1698109200,0.096364,0.096364,0.093636,0.094545,3270083
1698195600,0.095454,0.097273,0.089091,0.09,6213796
1698282000,0.089091,0.089091,0.085454,0.085454,2831622
1698368400,0.085454,0.087273,0.079091,0.081818,9264539
1698627600,0.081818,0.084545,0.079091,0.084545,5061985
1698714000,0.084545,0.085454,0.081818,0.084545,2688512
1698800400,0.084545,0.085454,0.082727,0.082727,4383944
1698886800,0.083636,0.092727,0.083636,0.091818,8204138
1698973200,0.093636,0.104545,0.093636,0.102727,10124190
1699232400,0.107273,0.128182,0.105454,0.128182,10100540
1699318800,0.124545,0.149091,0.120909,0.147273,13920403
1699405200,0.143636,0.146363,0.131818,0.141818,12530442
1699491600,0.14,0.14,0.121818,0.121818,5353595
1699578000,0.119091,0.125454,0.110909,0.116364,15100925
1699923600,0.117273,0.125454,0.117273,0.122727,4894124
1700010000,0.132727,0.144545,0.130909,0.141818,12115632
1700096400,0.14,0.148182,0.134545,0.142727,9191279
1700182800,0.143636,0.148182,0.140909,0.146363,4212014
1700442000,0.148182,0.170909,0.148182,0.166363,10296560
1700528400,0.168182,0.180909,0.163636,0.172727,18725648
1700614800,0.170909,0.179091,0.169091,0.172727,10859980
1700701200,0.171818,0.175454,0.167273,0.171818,5406065
1700787600,0.167273,0.170909,0.162727,0.164545,5901835
1701046800,0.163636,0.168182,0.16,0.161818,3087593
1701133200,0.161818,0.167273,0.16,0.160909,5150095
1701219600,0.162727,0.165454,0.135454,0.138182,15963985
1701306000,0.138182,0.138182,0.111818,0.111818,20449790
1701392400,0.114545,0.125454,0.114545,0.124545,10326260
1701651600,0.128182,0.139091,0.128182,0.137273,13560703
1701738000,0.136364,0.146363,0.134545,0.145454,8051018
1701824400,0.145454,0.169091,0.145454,0.166363,15249865
1701910800,0.168182,0.179091,0.151818,0.157273,18705518
1701997200,0.16,0.168182,0.151818,0.167273,9429209
1702256400,0.167273,0.17,0.158182,0.165454,9833789
1702342800,0.163636,0.167273,0.160909,0.166363,6058696
1702429200,0.165454,0.166363,0.158182,0.160909,5480205
1702515600,0.170909,0.186363,0.170909,0.181818,19051799
1702602000,0.186363,0.186363,0.176363,0.181818,13681813
1702861200,0.181818,0.181818,0.177273,0.179091,6360096
1702947600,0.178182,0.204545,0.175454,0.2,14677754
1703034000,0.209091,0.218182,0.2,0.218182,10676610
1703120400,0.209091,0.227273,0.204545,0.218182,7433697
1703206800,0.218182,0.222727,0.213636,0.213636,2923912
1703552400,0.218182,0.231818,0.218182,0.227273,8155298
1703638800,0.227273,0.240909,0.227273,0.236363,6344476
1703725200,0.236363,0.236363,0.227273,0.227273,3775643
1703811600,0.231818,0.231818,0.213636,0.218182,3297363
1704157200,0.218182,0.231818,0.218182,0.222727,2342232
1704243600,0.222727,0.227273,0.218182,0.218182,1773861
1704330000,0.218182,0.218182,0.190909,0.2,6936496
1704416400,0.195454,0.209091,0.190909,0.195454,5868945
1704675600,0.195454,0.195454,0.186363,0.186363,3980573
1704762000,0.186363,0.209091,0.186363,0.204545,6034276
1704848400,0.2,0.209091,0.2,0.2,2032142
1704934800,0.2,0.204545,0.2,0.204545,2342232
1705021200,0.2,0.209091,0.195454,0.204545,4538714
1705280400,0.204545,0.204545,0.2,0.2,2731412
1705366800,0.2,0.2,0.186363,0.190909,3306273
1705453200,0.186363,0.190909,0.179091,0.18,4581174
1705539600,0.179091,0.181818,0.178182,0.181818,3172623
1705626000,0.181818,0.181818,0.178182,0.178182,4572044
1705885200,0.180909,0.180909,0.173636,0.173636,2180972
1705971600,0.174545,0.177273,0.169091,0.177273,4866294
1706058000,0.177273,0.18,0.175454,0.176363,1066671
1706144400,0.175454,0.176363,0.169091,0.17,3008063
1706230800,0.170909,0.174545,0.168182,0.169091,2782782
1706490000,0.169091,0.170909,0.164545,0.165454,1458271
1706576400,0.165454,0.170909,0.164545,0.166363,1259061
1706662800,0.161818,0.162727,0.144545,0.151818,7215457
1706749200,0.150909,0.150909,0.142727,0.144545,2886512
1706835600,0.145454,0.153636,0.145454,0.148182,1936001
1707094800,0.148182,0.148182,0.140909,0.145454,2163042
1707181200,0.145454,0.145454,0.142727,0.143636,870540
1707267600,0.144545,0.152727,0.144545,0.147273,3331023
1707354000,0.146363,0.15,0.143636,0.145454,1118151
1707440400,0.145454,0.145454,0.142727,0.145454,545050
1707786000,0.146363,0.149091,0.145454,0.147273,755260
1707872400,0.142727,0.142727,0.132727,0.135454,7547877
1707958800,0.120909,0.122727,0.090909,0.091818,27889427
1708045200,0.092727,0.109091,0.083636,0.108182,24666644
1708304400,0.104545,0.106364,0.090909,0.099091,13849893
1708390800,0.097273,0.097273,0.092727,0.093636,5858385
1708477200,0.095454,0.100909,0.090909,0.097273,13686433
1708563600,0.118182,0.138182,0.11,0.12,38987778
1708650000,0.119091,0.122727,0.114545,0.116364,6252736
1708909200,0.117273,0.124545,0.117273,0.118182,9103719
1708995600,0.11909072,0.12181798,0.11545436,0.11545436,4841217.87666149
1709082000,0.117273,0.12,0.114545,0.114545,5887755
1709168400,0.11454527,0.11545436,0.11090891,0.111818,5629809.1596995
1709254800,0.111,0.117,0.107,0.114,5072700
1709514000,0.114,0.117,0.111,0.111,2895800
1709600400,0.111,0.114,0.109,0.109,2224600
1709686800,0.109,0.113,0.108,0.11,2820200
1709773200,0.112,0.115,0.111,0.113,5500200
1709859600,0.116,0.129,0.116,0.127,19215800
1710118800,0.128,0.136,0.127,0.129,13721700
1710205200,0.129,0.135,0.126,0.13,5520500
1710291600,0.129,0.14,0.127,0.138,10364000
1710378000,0.138,0.142,0.135,0.137,7701200
1710464400,0.134,0.136,0.131,0.132,4709300
1710723600,0.132,0.132,0.122,0.122,5847700
1710810000,0.122,0.124,0.121,0.121,1787900
1710896400,0.123,0.124,0.115,0.116,4777100
1710982800,0.123,0.132,0.121,0.128,13152800
1711069200,0.129,0.133,0.127,0.128,7401300
1711328400,0.127,0.135,0.127,0.132,12957200
1711414800,0.132,0.136,0.131,0.133,7149300
1711501200,0.134,0.139,0.132,0.136,10807700
1711587600,0.137,0.139,0.134,0.136,7481200
1711933200,0.137,0.14,0.136,0.137,11284600
1712019600,0.136,0.136,0.13,0.134,5195100
1712106000,0.133,0.136,0.132,0.134,5421500
1712192400,0.135,0.136,0.132,0.132,4520000
1712278800,0.132,0.132,0.127,0.128,4088300
1712538000,0.129,0.129,0.122,0.123,5926700
1712624400,0.123,0.126,0.119,0.121,5302800
1712797200,0.119,0.121,0.117,0.118,3828800
1712883600,0.121,0.124,0.119,0.123,5797300
1713142800,0.123,0.123,0.118,0.118,2476800
1713229200,0.118,0.118,0.113,0.113,5301500
1713315600,0.113,0.116,0.113,0.115,4050500
1713402000,0.113,0.115,0.112,0.114,2142900
1713488400,0.112,0.113,0.11,0.111,3235900
1713747600,0.111,0.113,0.108,0.11,4003700
1713834000,0.111,0.114,0.11,0.114,4836300
1713920400,0.114,0.122,0.114,0.121,6483800
1714006800,0.122,0.122,0.115,0.117,2994500
1714093200,0.115,0.117,0.114,0.116,1397400
1714352400,0.115,0.117,0.112,0.113,2747000
1714438800,0.113,0.115,0.111,0.112,1899800
1714611600,0.112,0.114,0.112,0.112,1976800
1714698000,0.113,0.116,0.11,0.112,4047900
1714957200,0.116,0.118,0.114,0.114,5672800
1715043600,0.115,0.116,0.112,0.112,1122200
1715130000,0.113,0.114,0.112,0.113,1425400
1715216400,0.109,0.112,0.108,0.11,2501700
1715302800,0.11,0.112,0.11,0.111,2328300
1715562000,0.111,0.111,0.108,0.109,3474700
1715648400,0.111,0.111,0.11,0.11,1269500
1715734800,0.11,0.112,0.108,0.111,2683300
1715821200,0.115,0.122,0.115,0.119,13270100
1715907600,0.12,0.121,0.119,0.12,3472600
1716166800,0.121,0.125,0.119,0.124,6627300
1716253200,0.124,0.127,0.122,0.126,9296700
1716426000,0.123,0.126,0.123,0.124,4036400
1716512400,0.122,0.123,0.119,0.121,3817200
1716771600,0.121,0.122,0.12,0.12,1302400
1716858000,0.121,0.122,0.12,0.12,2264300
1716944400,0.121,0.121,0.117,0.12,2976900
1717030800,0.119,0.121,0.118,0.119,2064500
1717117200,0.119,0.12,0.118,0.118,1313100
1717376400,0.12,0.122,0.119,0.12,5211200
1717462800,0.12,0.12,0.119,0.119,1582300
1717549200,0.119,0.12,0.119,0.119,1145800
1717635600,0.121,0.122,0.119,0.12,6442200
1717722000,0.119,0.122,0.119,0.119,4129700
1717981200,0.119,0.12,0.116,0.118,3976200
1718067600,0.118,0.118,0.117,0.117,449800
1718154000,0.117,0.117,0.116,0.116,2452000
1718240400,0.118,0.121,0.117,0.12,4813800
1718326800,0.12,0.12,0.117,0.117,702100
1718672400,0.117,0.118,0.116,0.116,2431900
1718758800,0.116,0.117,0.115,0.116,944100
1718845200,0.115,0.117,0.115,0.115,1250500
1718931600,0.115,0.116,0.115,0.115,862500
1719190800,0.115,0.117,0.115,0.115,839800
1719277200,0.116,0.117,0.116,0.117,782800
1719363600,0.116,0.117,0.116,0.117,802600
1719450000,0.117,0.117,0.115,0.115,1039200
1719536400,0.115,0.117,0.115,0.117,186000
1719795600,0.116,0.116,0.114,0.114,880900
1719882000,0.114,0.114,0.109,0.11,2445300
1719968400,0.11,0.113,0.109,0.111,1614300
1720054800,0.112,0.115,0.112,0.113,1250600
1720141200,0.113,0.114,0.111,0.112,540600
1720400400,0.112,0.117,0.112,0.115,2413400
1720486800,0.115,0.117,0.113,0.114,1533800
1720573200,0.115,0.116,0.114,0.114,319200
1720659600,0.114,0.118,0.114,0.118,3150500
1720746000,0.118,0.133,0.118,0.129,26865800
1721005200,0.132,0.14,0.132,0.138,11643400
1721091600,0.139,0.143,0.135,0.142,7295900
1721178000,0.146,0.172,0.144,0.17,30093400
1721264400,0.17,0.177,0.164,0.167,12902300
1721350800,0.163,0.166,0.156,0.157,5958700
1721610000,0.157,0.188,0.157,0.186,22084600
1721696400,0.189,0.196,0.182,0.182,18518200
1721782800,0.182,0.189,0.178,0.182,7123600
1721869200,0.18,0.184,0.177,0.18,2885000
1721955600,0.18,0.189,0.179,0.186,8267300
1722214800,0.191,0.199,0.185,0.185,17737200
1722301200,0.185,0.194,0.181,0.191,10051500
1722387600,0.192,0.193,0.186,0.19,7504900
1722474000,0.19,0.192,0.188,0.188,7645900
1722560400,0.186,0.19,0.179,0.179,8920900
1722819600,0.165,0.17,0.142,0.145,14395400
1722906000,0.155,0.159,0.147,0.154,15999900
1722992400,0.156,0.177,0.155,0.174,26977300
1723078800,0.17,0.176,0.167,0.169,9410500
1723424400,0.176,0.179,0.172,0.175,12400200
1723510800,0.176,0.185,0.175,0.182,14401200
1723597200,0.181,0.181,0.172,0.175,7338300
1723683600,0.176,0.186,0.175,0.182,17859300
1723770000,0.184,0.189,0.182,0.182,13501700
1724029200,0.183,0.189,0.182,0.182,15690500
1724115600,0.182,0.186,0.179,0.179,7298400
1724202000,0.179,0.18,0.174,0.176,5612200
1724288400,0.178,0.183,0.177,0.179,6992000
1724374800,0.179,0.179,0.177,0.177,4528300
1724634000,0.187,0.195,0.187,0.189,21285800
1724720400,0.19,0.191,0.185,0.188,7996500
1724806800,0.189,0.191,0.186,0.186,7613800
1724893200,0.188,0.19,0.187,0.19,5393500
1724979600,0.19,0.194,0.19,0.191,11993500
1725238800,0.193,0.196,0.192,0.192,14675000
1725325200,0.193,0.193,0.19,0.192,6176000
1725411600,0.186,0.191,0.183,0.188,7454100
1725498000,0.189,0.192,0.187,0.189,5875800
1725584400,0.19,0.19,0.184,0.184,5307600
1725843600,0.182,0.184,0.181,0.183,6587300
1725930000,0.186,0.188,0.184,0.184,6416900
1726016400,0.185,0.187,0.184,0.186,3277500
1726102800,0.187,0.189,0.186,0.187,4868700
1726189200,0.19,0.193,0.189,0.191,9801400
1726448400,0.193,0.194,0.191,0.193,5989200
1726534800,0.195,0.205,0.194,0.205,19578300
1726621200,0.2,0.21,0.199,0.2,14745100
1726707600,0.205,0.21,0.2,0.2,9728700
1726794000,0.2,0.2,0.192,0.192,20900400
1727053200,0.194,0.195,0.187,0.187,11317100
1727139600,0.188,0.193,0.187,0.189,10787700
1727226000,0.191,0.192,0.186,0.187,6887700
1727312400,0.188,0.192,0.187,0.189,9369700
1727398800,0.189,0.19,0.186,0.189,4006400
1727658000,0.189,0.191,0.187,0.187,5466500
1727744400,0.187,0.188,0.181,0.183,6422500
1727830800,0.183,0.183,0.178,0.178,5781900
1727917200,0.178,0.18,0.172,0.173,6435700
1728003600,0.174,0.178,0.169,0.176,10673600
1728262800,0.177,0.178,0.174,0.174,4372600
1728349200,0.175,0.175,0.168,0.169,5594200
1728435600,0.173,0.178,0.172,0.175,9826200
1728522000,0.177,0.181,0.177,0.181,10543400
1728608400,0.18,0.18,0.177,0.179,3900000
1728867600,0.179,0.18,0.177,0.178,3420000
1728954000,0.179,0.184,0.179,0.182,7875700
1729040400,0.182,0.185,0.18,0.183,6300600
1729126800,0.183,0.184,0.178,0.18,4903200
1729213200,0.18,0.18,0.177,0.178,2158300
1729472400,0.178,0.179,0.175,0.175,4531800
1729558800,0.176,0.176,0.173,0.175,1903800
1729645200,0.175,0.179,0.175,0.176,3828200
1729731600,0.176,0.182,0.173,0.182,5558700
1729818000,0.182,0.185,0.178,0.179,2568100
1730077200,0.18,0.18,0.176,0.177,1419100
1730163600,0.177,0.181,0.176,0.178,3676000
1730250000,0.179,0.179,0.177,0.178,1526300
1730422800,0.177,0.178,0.174,0.176,1527000
1730682000,0.177,0.177,0.173,0.175,1555400
1730768400,0.175,0.177,0.173,0.173,2101300
1730854800,0.174,0.176,0.17,0.171,3811500
1730941200,0.171,0.173,0.165,0.166,3948600
1731027600,0.167,0.171,0.164,0.164,3848700
1731286800,0.163,0.163,0.156,0.157,2459600
1731373200,0.157,0.163,0.157,0.159,2206000
1731459600,0.159,0.16,0.151,0.154,2455200
1731546000,0.155,0.156,0.151,0.154,2536700
1731632400,0.155,0.162,0.153,0.153,4276500
1731891600,0.154,0.154,0.144,0.144,4551900
1731978000,0.145,0.148,0.145,0.146,2569600
1732064400,0.147,0.167,0.147,0.165,6458600
1732150800,0.164,0.174,0.16,0.168,6794200
1732237200,0.169,0.174,0.166,0.167,4170800
1732496400,0.168,0.17,0.164,0.164,1803700
1732582800,0.165,0.169,0.16,0.161,2045000
1732669200,0.162,0.168,0.161,0.165,2929900
1732755600,0.166,0.169,0.164,0.164,3540700
1732842000,0.165,0.166,0.162,0.165,1279600
1733101200,0.165,0.168,0.163,0.163,2832400
1733187600,0.164,0.166,0.161,0.163,2290000
1733274000,0.164,0.166,0.161,0.165,3424300
1733360400,0.165,0.178,0.164,0.177,10208600
1733446800,0.176,0.18,0.176,0.178,5268900
1733706000,0.178,0.179,0.175,0.176,2401100
1733792400,0.176,0.179,0.175,0.178,1828000
1733878800,0.178,0.181,0.177,0.18,3795800
1733965200,0.181,0.181,0.178,0.179,909900
1734051600,0.177,0.179,0.176,0.176,1372000
1734310800,0.177,0.177,0.174,0.176,1459500
1734397200,0.177,0.181,0.172,0.174,3983300
1734483600,0.174,0.176,0.172,0.175,754000
1734570000,0.169,0.174,0.166,0.172,5708100
1734656400,0.17,0.172,0.166,0.17,14812000
1734915600,0.171,0.172,0.17,0.171,967700
1735002000,0.172,0.176,0.172,0.174,1987700
1735174800,0.173,0.176,0.173,0.175,740600
1735261200,0.175,0.175,0.172,0.173,741200
1735520400,0.172,0.173,0.17,0.172,581800
1735606800,0.171,0.174,0.17,0.171,881200
1735779600,0.172,0.173,0.169,0.17,1434600
1735866000,0.17,0.177,0.17,0.175,4635500
1736125200,0.175,0.178,0.175,0.175,3619500
1736211600,0.176,0.177,0.173,0.174,1213900
1736298000,0.174,0.174,0.17,0.172,881000
1736384400,0.172,0.172,0.169,0.17,882700
1736470800,0.17,0.17,0.165,0.166,2420100
1736730000,0.161,0.166,0.161,0.162,1646800
1736816400,0.161,0.165,0.161,0.163,1181500
1736902800,0.162,0.164,0.159,0.161,1031400
1736989200,0.164,0.169,0.164,0.168,3650100
1737075600,0.167,0.169,0.167,0.168,1117400
1737334800,0.168,0.173,0.168,0.172,3401400
1737421200,0.174,0.195,0.173,0.193,13381700
1737507600,0.195,0.199,0.187,0.188,11465500
1737594000,0.189,0.19,0.182,0.185,4684800
1737680400,0.187,0.192,0.186,0.186,6443300
1737939600,0.186,0.186,0.175,0.175,4235800
1738026000,0.179,0.18,0.177,0.177,1731200
1738285200,0.177,0.182,0.177,0.18,4550500
1738544400,0.179,0.179,0.175,0.175,3139800
1738630800,0.177,0.178,0.175,0.177,1818800
1738717200,0.177,0.177,0.172,0.174,3542200
1738803600,0.176,0.181,0.174,0.177,10296000
1738890000,0.177,0.179,0.176,0.177,2238200
1739149200,0.176,0.177,0.169,0.171,5858700
1739235600,0.172,0.173,0.168,0.17,2034300
1739322000,0.169,0.172,0.169,0.171,4539600
1739408400,0.171,0.175,0.17,0.171,7362800
1739494800,0.172,0.175,0.17,0.17,7985900
1739754000,0.17,0.173,0.17,0.172,4149000
1739840400,0.173,0.175,0.17,0.171,9037800
1739926800,0.17,0.171,0.169,0.17,3986900
1740013200,0.162,0.165,0.158,0.159,10288500
1740099600,0.161,0.162,0.158,0.158,4136300
1740358800,0.159,0.159,0.148,0.153,3247700
1740445200,0.152,0.152,0.144,0.145,5863800
1740531600,0.147,0.15,0.143,0.145,2971000
1740618000,0.146,0.147,0.14,0.142,4654600
1740704400,0.141,0.142,0.138,0.14,3378800
1740963600,0.141,0.147,0.141,0.145,2862600
1741050000,0.144,0.144,0.138,0.139,4439600
1741136400,0.139,0.142,0.139,0.141,3255400
1741222800,0.144,0.144,0.14,0.141,6114100
1741309200,0.141,0.141,0.138,0.14,2883600
1741568400,0.139,0.14,0.136,0.137,3098100
1741654800,0.134,0.134,0.129,0.133,5702000
1741741200,0.133,0.137,0.132,0.135,5720900
1741827600,0.137,0.137,0.133,0.134,4175600
1741914000,0.135,0.138,0.135,0.136,3206600
1742173200,0.136,0.14,0.136,0.138,4265500
1742259600,0.141,0.147,0.14,0.145,7300400
1742346000,0.145,0.147,0.143,0.144,3000000
1742432400,0.146,0.154,0.145,0.151,5939700
1742518800,0.152,0.152,0.144,0.146,3383500
1742778000,0.148,0.153,0.148,0.151,3003900
1742864400,0.151,0.157,0.151,0.152,4379100
1742950800,0.152,0.154,0.146,0.149,1717600
1743037200,0.148,0.15,0.146,0.148,2512400
1743123600,0.148,0.151,0.146,0.149,2348300
1743469200,0.148,0.148,0.143,0.144,953800
1743555600,0.144,0.145,0.141,0.145,1001200
1743642000,0.142,0.144,0.141,0.143,1444200
1743728400,0.142,0.142,0.135,0.135,2398400
1743987600,0.13,0.13,0.113,0.116,6097700
1744074000,0.118,0.124,0.116,0.118,3423300
1744160400,0.118,0.118,0.107,0.111,5755800
1744246800,0.123,0.124,0.119,0.121,4172900
1744333200,0.118,0.122,0.112,0.12,1605800
1744592400,0.121,0.126,0.118,0.122,1708400
1744678800,0.121,0.125,0.119,0.125,2322100
1744765200,0.124,0.124,0.119,0.121,1402200
1744851600,0.118,0.123,0.118,0.121,436400
1745197200,0.122,0.125,0.119,0.12,2632100
1745283600,0.12,0.126,0.115,0.125,4044800
1745370000,0.128,0.134,0.126,0.134,5055800
1745456400,0.133,0.134,0.128,0.128,2265900
1745542800,0.132,0.137,0.129,0.135,4012200
1745802000,0.136,0.143,0.135,0.14,3811400
1745888400,0.14,0.147,0.137,0.144,3188100
1745974800,0.145,0.146,0.14,0.143,1173600
1746147600,0.142,0.145,0.14,0.142,1599700
1746406800,0.142,0.143,0.139,0.14,847800
1746493200,0.139,0.139,0.136,0.138,993200
1746579600,0.136,0.14,0.136,0.138,440200
1746666000,0.138,0.138,0.135,0.137,888000
1746752400,0.139,0.144,0.138,0.142,2384200
1747098000,0.144,0.147,0.142,0.145,2293700
1747184400,0.146,0.146,0.142,0.144,596900
1747270800,0.143,0.143,0.137,0.14,1320000
1747357200,0.139,0.144,0.137,0.141,1154300
1747616400,0.141,0.141,0.137,0.139,545900
1747702800,0.138,0.139,0.137,0.137,327200
1747789200,0.137,0.138,0.136,0.137,632600
1747875600,0.136,0.137,0.133,0.137,1238700
1747962000,0.136,0.137,0.134,0.137,514400
1748221200,0.137,0.137,0.132,0.132,996100
1748307600,0.132,0.136,0.132,0.134,843800
1748394000,0.136,0.136,0.133,0.133,644100
1748480400,0.134,0.138,0.134,0.137,984400
1748566800,0.136,0.137,0.135,0.136,282300
1748826000,0.135,0.137,0.134,0.135,831000
1748912400,0.137,0.137,0.133,0.135,365100
1748998800,0.135,0.141,0.134,0.137,1483100
1749085200,0.138,0.142,0.135,0.142,902500
1749171600,0.142,0.144,0.141,0.142,1223000
1749430800,0.143,0.144,0.141,0.143,608400
1749517200,0.143,0.144,0.141,0.143,601300
1749603600,0.141,0.145,0.141,0.144,1322200
1749690000,0.144,0.15,0.141,0.148,2306700
1749776400,0.148,0.148,0.142,0.146,1706900
1750035600,0.145,0.146,0.141,0.146,939300
1750122000,0.146,0.146,0.143,0.144,267100
1750208400,0.143,0.145,0.142,0.143,277600
1750294800,0.141,0.146,0.141,0.146,2358000
1750381200,0.146,0.146,0.139,0.139,2749100
1750640400,0.141,0.141,0.134,0.14,1321900
1750726800,0.138,0.144,0.137,0.144,1863600
1750813200,0.144,0.146,0.141,0.144,863900
1750899600,0.144,0.15,0.144,0.15,4980700
1750986000,0.151,0.165,0.15,0.163,9651400
1751245200,0.166,0.171,0.161,0.161,7795100
1751331600,0.161,0.163,0.158,0.163,696900
1751418000,0.163,0.166,0.16,0.164,1320500
1751504400,0.163,0.164,0.16,0.161,814000
1751590800,0.159,0.162,0.155,0.156,1704300
1751850000,0.155,0.158,0.154,0.158,486600
1751936400,0.159,0.16,0.155,0.155,1182500
1752022800,0.157,0.159,0.157,0.157,606600
1752109200,0.163,0.168,0.161,0.164,7078700
1752195600,0.164,0.165,0.163,0.165,820900
1752454800,0.164,0.165,0.161,0.165,656900
1752541200,0.165,0.169,0.163,0.168,2254700
1752627600,0.166,0.175,0.166,0.173,5337400
1752714000,0.172,0.175,0.169,0.171,1137500
1752800400,0.172,0.179,0.171,0.177,3807000
1753059600,0.18,0.183,0.177,0.179,3592300
1753146000,0.18,0.184,0.18,0.183,3715800
1753232400,0.183,0.187,0.182,0.186,2613700
1753318800,0.186,0.194,0.185,0.192,5708100
1753405200,0.192,0.192,0.188,0.188,1742500
1753664400,0.188,0.188,0.185,0.185,1861500
1753750800,0.185,0.186,0.182,0.184,2114700
1753837200,0.183,0.185,0.18,0.182,726800
1753923600,0.182,0.184,0.182,0.182,1934700
1754010000,0.183,0.184,0.169,0.173,1867100
1754269200,0.172,0.18,0.172,0.177,1777100
1754355600,0.177,0.18,0.175,0.176,642900
1754442000,0.175,0.176,0.174,0.174,287500
1754528400,0.175,0.176,0.173,0.176,829500
1754614800,0.174,0.175,0.172,0.172,624500
1754874000,0.173,0.175,0.171,0.173,636200
1754960400,0.174,0.176,0.174,0.174,700600
1755046800,0.179,0.179,0.175,0.175,3828500
1755133200,0.176,0.177,0.172,0.174,1761400
1755219600,0.174,0.174,0.169,0.172,1674700
1755478800,0.171,0.172,0.167,0.168,2089500
1755565200,0.168,0.171,0.166,0.166,943200
1755651600,0.166,0.169,0.164,0.166,3603700
1755738000,0.167,0.169,0.165,0.168,3120800
1755824400,0.168,0.168,0.166,0.167,2101000
1756083600,0.178,0.18,0.174,0.178,6837300
1756170000,0.176,0.176,0.172,0.174,1942300
1756256400,0.174,0.176,0.17,0.175,2890100
1756342800,0.176,0.181,0.174,0.18,4078400
1756429200,0.179,0.188,0.179,0.184,6268400
1756688400,0.185,0.193,0.184,0.191,10087800
1756774800,0.192,0.195,0.188,0.189,3003300
1756861200,0.187,0.19,0.185,0.188,2304500
1756947600,0.189,0.19,0.185,0.186,1819900
1757034000,0.187,0.192,0.187,0.191,2532300
1757293200,0.195,0.205,0.195,0.199,8605300
1757379600,0.2,0.21,0.2,0.21,5908900
1757466000,0.205,0.21,0.205,0.21,5456800
1757552400,0.215,0.215,0.21,0.215,2147200
1757638800,0.215,0.24,0.215,0.235,12119500
1757898000,0.24,0.245,0.235,0.24,4353000
1757984400,0.24,0.24,0.23,0.235,4763200
1758070800,0.235,0.235,0.22,0.23,8227500
1758157200,0.225,0.225,0.21,0.215,5370700
1758243600,0.21,0.22,0.21,0.22,5198400
1758502800,0.22,0.22,0.215,0.215,2246700
1758589200,0.215,0.22,0.21,0.215,1623000
1758675600,0.21,0.22,0.21,0.22,1365000
1758848400,0.205,0.205,0.198,0.2,13589800
1759107600,0.205,0.205,0.199,0.199,4610700
1759194000,0.199,0.2,0.194,0.197,5128600
1759280400,0.197,0.2,0.197,0.199,2263300
1759366800,0.2,0.205,0.197,0.2,5271200
1759453200,0.2,0.2,0.198,0.199,2178500
1759712400,0.2,0.2,0.198,0.199,9543100
1759798800,0.198,0.199,0.197,0.198,3021100
1759885200,0.197,0.198,0.196,0.196,4430100
1759971600,0.196,0.196,0.192,0.195,4163100
1760058000,0.195,0.196,0.193,0.195,1081600
1760317200,0.192,0.194,0.191,0.192,4781500
1760403600,0.194,0.194,0.184,0.188,6254900
1760490000,0.188,0.19,0.187,0.188,2058400
1760576400,0.188,0.191,0.186,0.189,1972900
1760662800,0.189,0.191,0.185,0.186,2113900
1761008400,0.188,0.189,0.187,0.187,1305400
1761094800,0.189,0.2,0.187,0.198,7294100
1761181200,0.199,0.205,0.197,0.2,4038300
1761267600,0.2,0.205,0.198,0.199,3297700
1761526800,0.2,0.205,0.198,0.199,2560200
1761613200,0.2,0.21,0.2,0.21,4886300
1761699600,0.21,0.21,0.2,0.205,1666000
1761786000,0.196,0.205,0.196,0.2,3315000
1761872400,0.199,0.2,0.194,0.196,3329200
1762131600,0.205,0.215,0.205,0.205,14101400
1762218000,0.205,0.21,0.2,0.2,1999800
1762304400,0.205,0.205,0.199,0.205,2102600
1762390800,0.205,0.21,0.197,0.198,8420100
1762477200,0.198,0.199,0.196,0.197,1790100
1762736400,0.197,0.205,0.197,0.2,2717900
1762822800,0.205,0.205,0.198,0.2,2733200
1762909200,0.2,0.21,0.2,0.2,9095100
1762995600,0.2,0.205,0.2,0.2,727900
1763082000,0.2,0.2,0.198,0.198,4861000
1763341200,0.199,0.2,0.197,0.198,1714400
1763427600,0.198,0.199,0.197,0.197,633700
1763514000,0.198,0.2,0.197,0.198,1696000
1763600400,0.199,0.199,0.197,0.198,953500
1763686800,0.197,0.198,0.196,0.197,3721200
1763946000,0.196,0.198,0.196,0.198,730700
1764032400,0.198,0.198,0.196,0.196,597800
1764118800,0.198,0.198,0.196,0.198,1010000
1764205200,0.198,0.205,0.198,0.2,1616200
1764291600,0.205,0.205,0.2,0.205,1299100
1764550800,0.205,0.21,0.205,0.21,5765700
1764637200,0.21,0.21,0.205,0.205,3268000
1764723600,0.205,0.21,0.199,0.205,5450800
1764810000,0.205,0.205,0.2,0.2,1268500
1764896400,0.2,0.205,0.2,0.205,504400
1765155600,0.2,0.205,0.199,0.2,1018000
1765242000,0.2,0.2,0.199,0.199,1258100
1765328400,0.2,0.2,0.199,0.199,678200
1765414800,0.2,0.2,0.198,0.199,1443100
1765501200,0.199,0.2,0.198,0.198,815100
1765760400,0.198,0.198,0.197,0.197,603200
1765846800,0.197,0.197,0.195,0.196,962100
1765933200,0.194,0.197,0.194,0.196,399400
1766019600,0.195,0.197,0.195,0.195,821800
1766106000,0.196,0.2,0.196,0.2,1430000
1766365200,0.2,0.2,0.196,0.196,958500
1766451600,0.197,0.197,0.196,0.197,469500
1766538000,0.199,0.2,0.198,0.2,473000
1766710800,0.199,0.2,0.198,0.198,756500
1766970000,0.198,0.2,0.198,0.199,552400
1767056400,0.199,0.199,0.197,0.198,1084400
1767142800,0.197,0.199,0.196,0.197,926700
1767315600,0.197,0.199,0.197,0.197,825900
1767574800,0.198,0.198,0.197,0.198,786200
1767661200,0.198,0.198,0.196,0.197,2573500
1767747600,0.198,0.199,0.196,0.199,834400
1767834000,0.198,0.199,0.197,0.198,347000
1767920400,0.199,0.205,0.199,0.205,2024000
1768179600,0.205,0.205,0.2,0.2,320600
1768266000,0.2,0.205,0.199,0.2,2166600
1768352400,0.2,0.2,0.198,0.198,1920900
1768438800,0.199,0.2,0.199,0.199,380000
1768525200,0.199,0.2,0.199,0.2,874700
1768784400,0.199,0.205,0.199,0.2,2684800
1768870800,0.2,0.205,0.2,0.2,2728700
1768957200,0.2,0.205,0.2,0.205,814700
1769043600,0.205,0.205,0.199,0.199,1701600
1769130000,0.2,0.205,0.198,0.205,1958500
1769389200,0.2,0.205,0.2,0.205,1239500
1769475600,0.2,0.205,0.199,0.2,3203300
1769562000,0.2,0.22,0.199,0.21,15244400
1769648400,0.205,0.225,0.205,0.22,9026200
1769734800,0.22,0.23,0.215,0.225,8312600
1769994000,0.22,0.225,0.22,0.225,4584900
1770080400,0.225,0.23,0.22,0.22,5769200
1770166800,0.22,0.22,0.215,0.215,2685700
1770253200,0.215,0.22,0.21,0.22,977900
1770339600,0.215,0.215,0.21,0.215,67200
1770598800,0.215,0.22,0.21,0.22,2993100
1770685200,0.215,0.225,0.21,0.22,9714000
1770771600,0.22,0.23,0.22,0.23,6036800
1770858000,0.22,0.225,0.22,0.225,11021500
1770944400,0.22,0.22,0.21,0.215,4282900
1771203600,0.21,0.215,0.21,0.21,596600
1771462800,0.21,0.21,0.205,0.205,2558500
1771549200,0.205,0.205,0.199,0.199,2128800
1771808400,0.199,0.199,0.196,0.197,2035000
1771894800,0.197,0.197,0.192,0.194,3044100
1771981200,0.194,0.195,0.193,0.194,872200
1772067600,0.194,0.198,0.194,0.194,1557300
1772154000,0.196,0.196,0.194,0.196,1625000
1772413200,0.19,0.194,0.182,0.182,4005600
1772499600,0.182,0.188,0.18,0.183,3357000
1772586000,0.183,0.183,0.173,0.174,2662700
1772672400,0.179,0.18,0.178,0.178,546200
1772758800,0.178,0.178,0.174,0.175,1590100
1773018000,0.172,0.172,0.162,0.164,3023500
1773104400,0.166,0.185,0.166,0.183,6673600
1773190800,0.182,0.182,0.178,0.179,316100
1773277200,0.177,0.177,0.173,0.173,364600
1773363600,0.173,0.176,0.173,0.174,454700
1773622800,0.172,0.173,0.171,0.172,407300
1773709200,0.172,0.172,0.168,0.17,1407700
1773795600,0.171,0.176,0.171,0.175,1109700
1773882000,0.172,0.172,0.168,0.169,1400200
1773968400,0.168,0.169,0.167,0.168,797600
1774227600,0.167,0.167,0.159,0.161,2292800
1774314000,0.162,0.165,0.162,0.165,1647100
1774400400,0.166,0.176,0.166,0.176,2279800
1774486800,0.177,0.177,0.168,0.17,218000
1774573200,0.17,0.175,0.168,0.169,2128900
1774832400,0.16,0.178,0.159,0.174,4035500
1774918800,0.173,0.173,0.165,0.171,611500
1775005200,0.174,0.177,0.172,0.175,1319300
1775091600,0.175,0.175,0.168,0.173,1108300
1775437200,0.173,0.173,0.168,0.173,1004800
1775523600,0.176,0.178,0.173,0.174,2422300
1775610000,0.176,0.179,0.176,0.178,2497800
1775696400,0.177,0.177,0.174,0.176,734400
1775782800,0.176,0.178,0.176,0.178,384700
1776042000,0.177,0.178,0.174,0.178,401100
1776128400,0.176,0.177,0.175,0.177,158100
1776214800,0.178,0.178,0.176,0.178,656000
1776301200,0.178,0.184,0.175,0.177,3209700
1776387600,0.176,0.182,0.176,0.18,912200
1776646800,0.18,0.181,0.179,0.181,247000
1776733200,0.18,0.18,0.178,0.18,38400
1776819600,0.178,0.18,0.177,0.18,364800
1776906000,0.18,0.181,0.178,0.181,311000